pool_id,dedup_key,official_name,aliases,province,city,county,grade_bucket,category,operational_status,coverage_status,source_name,source_url,source_version,kb_file,kb_id,pending_reason,merge_target_id,removed_reason,is_denominator,pool_version,verification_note
CN-P-000001,6dca7ef1ca4df778304b63cba25a5ee4ab4f21b13559832712762c208720b56d,故宫博物院,,北京市,,,5A,A级景区,unknown,covered,5A级旅游景区,https://www.mct.gov.cn/tourism/#/list,API目录ID-4/2026-09-04,知识库数据/02-景点库-北京.md,A001,,,,1,CN-POOL-20260904-r0,MCT内容ID=97745；来源文件=content_4.json
CN-P-000002,8cf95c78b76dd4917f4af1e25f4a7481a123a6bfcc04b8c83ffc247576d09a81,天坛公园,,北京市,,,5A,A级景区,unknown,covered,5A级旅游景区,https://www.mct.gov.cn/tourism/#/list,API目录ID-4/2026-09-04,知识库数据/02-景点库-北京.md,A003,,,,1,CN-POOL-20260904-r0,MCT内容ID=97746；来源文件=content_4.json
CN-P-000003,236973afd6c9287a23bf27ab9f712232a355f2485339ba1c32917ab34e77576e,颐和园,,北京市,,,5A,A级景区,unknown,covered,5A级旅游景区,https://www.mct.gov.cn/tourism/#/list,API目录ID-4/2026-09-04,知识库数据/02-景点库-北京.md,A004,,,,1,CN-POOL-20260904-r0,MCT内容ID=97747；来源文件=content_4.json
CN-P-000004,7de0a818fe4a174c2481e97f346e21df2cda66c02a4b4c520996d40ff63ab658,八达岭—慕田峪长城旅游区,,北京市,,,5A,A级景区,unknown,covered,5A级旅游景区,https://www.mct.gov.cn/tourism/#/list,API目录ID-4/2026-09-04,知识库数据/02-景点库-北京.md,A002,,,,1,CN-POOL-20260904-r0,MCT内容ID=97748；来源文件=content_4.json
CN-P-000005,3f3655410eebf85fb9cfa60333785f8e53878527335f42f3dd8ea2516397d59c,明十三陵景区,,北京市,,,5A,A级景区,unknown,pending,5A级旅游景区,https://www.mct.gov.cn/tourism/#/list,API目录ID-4/2026-09-04,,,尚未映射到可回跳的知识库景点卡,,,1,CN-POOL-20260904-r0,MCT内容ID=97749；来源文件=content_4.json
CN-P-000006,0b41517d1fe44c19c5c47673d0c07a91a2fa577754850038c0bc087f91c25e26,恭王府景区,,北京市,,,5A,A级景区,unknown,pending,5A级旅游景区,https://www.mct.gov.cn/tourism/#/list,API目录ID-4/2026-09-04,,,尚未映射到可回跳的知识库景点卡,,,1,CN-POOL-20260904-r0,MCT内容ID=97750；来源文件=content_4.json
CN-P-000007,53ece24c2a5d0ba984c5e28947b86c9170eda2a80c7c86b1db2d4e9b6b320553,北京奥林匹克公园,,北京市,,,5A,A级景区,unknown,pending,5A级旅游景区,https://www.mct.gov.cn/tourism/#/list,API目录ID-4/2026-09-04,,,尚未映射到可回跳的知识库景点卡,,,1,CN-POOL-20260904-r0,MCT内容ID=97751；来源文件=content_4.json
CN-P-000008,d3467ad377b5ea078e7c07d13a894d4f0679ae2f0f55c5082841c712d4fcaf3a,圆明园遗址公园景区,,北京市,,,5A,A级景区,unknown,covered,5A级旅游景区,https://www.mct.gov.cn/tourism/#/list,API目录ID-4/2026-09-04,知识库数据/02-景点库-北京.md,A005,,,,1,CN-POOL-20260904-r0,MCT内容ID=97752；来源文件=content_4.json
CN-P-000009,7656d4dc0ea5a0e0cc1a21239d031d4a1b3bec52e3fa326cb70b804a88c6f492,北京（通州）大运河文化旅游景区,,北京市,,,5A,A级景区,unknown,pending,5A级旅游景区,https://www.mct.gov.cn/tourism/#/list,API目录ID-4/2026-09-04,,,尚未映射到可回跳的知识库景点卡,,,1,CN-POOL-20260904-r0,MCT内容ID=97753；来源文件=content_4.json
CN-P-000010,5b6e720bfd3067a9294871db0ec220d10c565e104db1c34cb2587d805e84db9b,天津古文化街旅游区（津门故里）,,天津市,,,5A,A级景区,unknown,pending,5A级旅游景区,https://www.mct.gov.cn/tourism/#/list,API目录ID-4/2026-09-04,,,尚未映射到可回跳的知识库景点卡,,,1,CN-POOL-20260904-r0,MCT内容ID=97754；来源文件=content_4.json
CN-P-000011,6512fffd29427ec79f134ab8ccce76bd9d97507169973f3f8294f54008ffe9e6,盘山风景名胜区,,天津市,,,5A,A级景区,unknown,pending,5A级旅游景区,https://www.mct.gov.cn/tourism/#/list,API目录ID-4/2026-09-04,,,尚未映射到可回跳的知识库景点卡,,,1,CN-POOL-20260904-r0,MCT内容ID=97755；来源文件=content_4.json
CN-P-000012,7645039d50de527b8f6d33f7255393adbb1c5150a532256d75a9630bf645a3df,承德市承德避暑山庄及周围寺庙景区,,河北省,,,5A,A级景区,unknown,pending,5A级旅游景区,https://www.mct.gov.cn/tourism/#/list,API目录ID-4/2026-09-04,,,尚未映射到可回跳的知识库景点卡,,,1,CN-POOL-20260904-r0,MCT内容ID=97756；来源文件=content_4.json
CN-P-000013,408277c477a65dafc0303cf059e80be28772136a5a38fb8eec5f358e375b1f0a,保定市白洋淀景区,,河北省,,,5A,A级景区,unknown,pending,5A级旅游景区,https://www.mct.gov.cn/tourism/#/list,API目录ID-4/2026-09-04,,,尚未映射到可回跳的知识库景点卡,,,1,CN-POOL-20260904-r0,MCT内容ID=97757；来源文件=content_4.json
CN-P-000014,6965792e0c4452b09cf05139b516255e469120fb61033bf4ed3c80fadaef17cf,保定市野三坡景区,,河北省,,,5A,A级景区,unknown,pending,5A级旅游景区,https://www.mct.gov.cn/tourism/#/list,API目录ID-4/2026-09-04,,,尚未映射到可回跳的知识库景点卡,,,1,CN-POOL-20260904-r0,MCT内容ID=97758；来源文件=content_4.json
CN-P-000015,112247c901960e2f5f22f3400d1633981ab96e97efa203d51ca1f112bb75fe3f,石家庄市西柏坡景区,,河北省,,,5A,A级景区,unknown,pending,5A级旅游景区,https://www.mct.gov.cn/tourism/#/list,API目录ID-4/2026-09-04,,,尚未映射到可回跳的知识库景点卡,,,1,CN-POOL-20260904-r0,MCT内容ID=97759；来源文件=content_4.json
CN-P-000016,6a7fc04718923b42413651fc9205ab2fa592a68bc47df845b6ac828014befe8b,唐山市清东陵景区,,河北省,,,5A,A级景区,unknown,pending,5A级旅游景区,https://www.mct.gov.cn/tourism/#/list,API目录ID-4/2026-09-04,,,尚未映射到可回跳的知识库景点卡,,,1,CN-POOL-20260904-r0,MCT内容ID=97760；来源文件=content_4.json
CN-P-000017,f4290671be78466517028210f1d3c6d134b8cb2e936f920e83b286bb5a7dfdcb,邯郸市娲皇宫景区,,河北省,,,5A,A级景区,unknown,pending,5A级旅游景区,https://www.mct.gov.cn/tourism/#/list,API目录ID-4/2026-09-04,,,尚未映射到可回跳的知识库景点卡,,,1,CN-POOL-20260904-r0,MCT内容ID=97761；来源文件=content_4.json
CN-P-000018,36c701af735e851be41097c9f5dc63ffd41735cb52bbd59e1f7cd661d3fafd2f,邯郸市广府古城景区,,河北省,,,5A,A级景区,unknown,pending,5A级旅游景区,https://www.mct.gov.cn/tourism/#/list,API目录ID-4/2026-09-04,,,尚未映射到可回跳的知识库景点卡,,,1,CN-POOL-20260904-r0,MCT内容ID=97762；来源文件=content_4.json
CN-P-000019,db583b91c3c59334859c4b4f759998a5bb68d3b6c7334e4d83e9c0cbbcb0766e,保定市白石山景区,,河北省,,,5A,A级景区,unknown,pending,5A级旅游景区,https://www.mct.gov.cn/tourism/#/list,API目录ID-4/2026-09-04,,,尚未映射到可回跳的知识库景点卡,,,1,CN-POOL-20260904-r0,MCT内容ID=97763；来源文件=content_4.json
CN-P-000020,32746eb8ea1ad255049d5b82238ef12b924df01911021d25fceae307318e3fc7,秦皇岛市山海关景区,,河北省,,,5A,A级景区,unknown,pending,5A级旅游景区,https://www.mct.gov.cn/tourism/#/list,API目录ID-4/2026-09-04,,,尚未映射到可回跳的知识库景点卡,,,1,CN-POOL-20260904-r0,MCT内容ID=97764；来源文件=content_4.json
CN-P-000021,d9021812c624111d946e8de0a60ef192ccaab2a8e79b5406cc788d6aed0a86c3,保定市清西陵景区,,河北省,,,5A,A级景区,unknown,pending,5A级旅游景区,https://www.mct.gov.cn/tourism/#/list,API目录ID-4/2026-09-04,,,尚未映射到可回跳的知识库景点卡,,,1,CN-POOL-20260904-r0,MCT内容ID=97765；来源文件=content_4.json
CN-P-000022,a0d96b261bc4fde8adaf7392b1abf4558b31cbf2d03b1dded340057d53b4e586,承德市金山岭长城景区,,河北省,,,5A,A级景区,unknown,pending,5A级旅游景区,https://www.mct.gov.cn/tourism/#/list,API目录ID-4/2026-09-04,,,尚未映射到可回跳的知识库景点卡,,,1,CN-POOL-20260904-r0,MCT内容ID=97766；来源文件=content_4.json
CN-P-000023,2faafa5bf42404a5ef04dbd6a9f814bd4bb2d16412b004f3901b6b8db34f0359,唐山市南湖·开滦旅游景区,,河北省,,,5A,A级景区,unknown,pending,5A级旅游景区,https://www.mct.gov.cn/tourism/#/list,API目录ID-4/2026-09-04,,,尚未映射到可回跳的知识库景点卡,,,1,CN-POOL-20260904-r0,MCT内容ID=97767；来源文件=content_4.json
CN-P-000024,f52646f6a970e4107c1353401c80f9b10e2bc396f9cb21b87c4d625d840008fd,衡水市衡水湖旅游景区,,河北省,,,5A,A级景区,unknown,pending,5A级旅游景区,https://www.mct.gov.cn/tourism/#/list,API目录ID-4/2026-09-04,,,尚未映射到可回跳的知识库景点卡,,,1,CN-POOL-20260904-r0,MCT内容ID=97768；来源文件=content_4.json
CN-P-000025,ce0a31e4d3e3a0b68dbddde755c774426e27ca0a3d408cc82bc6a7d37a23680d,大同市云冈石窟景区,,山西省,,,5A,A级景区,unknown,pending,5A级旅游景区,https://www.mct.gov.cn/tourism/#/list,API目录ID-4/2026-09-04,,,尚未映射到可回跳的知识库景点卡,,,1,CN-POOL-20260904-r0,MCT内容ID=97769；来源文件=content_4.json
CN-P-000026,54a04bf6a27ba54b78c566e9d8997d61b58857f4abf1f1d9614e4e620ae6893b,忻州市五台山风景名胜区,,山西省,,,5A,A级景区,unknown,pending,5A级旅游景区,https://www.mct.gov.cn/tourism/#/list,API目录ID-4/2026-09-04,,,尚未映射到可回跳的知识库景点卡,,,1,CN-POOL-20260904-r0,MCT内容ID=97770；来源文件=content_4.json
CN-P-000027,cbc64f004078c97625556b034108727f6ca0c0dd89a55ed11a77cdabfa99451d,晋城市皇城相府生态文化旅游区,,山西省,,,5A,A级景区,unknown,pending,5A级旅游景区,https://www.mct.gov.cn/tourism/#/list,API目录ID-4/2026-09-04,,,尚未映射到可回跳的知识库景点卡,,,1,CN-POOL-20260904-r0,MCT内容ID=97771；来源文件=content_4.json
CN-P-000028,3f8ff9a38e3f5e4583727a1ef4564f3e8a6c79d210595ad726649cc796e2d7e9,晋中市绵山风景区,,山西省,,,5A,A级景区,unknown,pending,5A级旅游景区,https://www.mct.gov.cn/tourism/#/list,API目录ID-4/2026-09-04,,,尚未映射到可回跳的知识库景点卡,,,1,CN-POOL-20260904-r0,MCT内容ID=97772；来源文件=content_4.json
CN-P-000029,2f5216ee8b45556d726a0b2b9f700572ff50d057ca32f8c13c666af15bf17d15,晋中市平遥古城景区,,山西省,,,5A,A级景区,unknown,pending,5A级旅游景区,https://www.mct.gov.cn/tourism/#/list,API目录ID-4/2026-09-04,,,尚未映射到可回跳的知识库景点卡,,,1,CN-POOL-20260904-r0,MCT内容ID=97773；来源文件=content_4.json
CN-P-000030,48d1e086884d5145fd32613f051ebf7789c295433be01819ae5984182776fbf1,忻州市雁门关景区,,山西省,,,5A,A级景区,unknown,pending,5A级旅游景区,https://www.mct.gov.cn/tourism/#/list,API目录ID-4/2026-09-04,,,尚未映射到可回跳的知识库景点卡,,,1,CN-POOL-20260904-r0,MCT内容ID=97774；来源文件=content_4.json
CN-P-000031,b8717856156e05ea3507ee9b546a10bbc0bb475c2cfde6d7e71bd381690f303c,临汾市洪洞大槐树寻根祭祖园旅游景区,,山西省,,,5A,A级景区,unknown,pending,5A级旅游景区,https://www.mct.gov.cn/tourism/#/list,API目录ID-4/2026-09-04,,,尚未映射到可回跳的知识库景点卡,,,1,CN-POOL-20260904-r0,MCT内容ID=97775；来源文件=content_4.json
CN-P-000032,9442a1d185076a4f864541fe7da6799c604cd59e51973bc7bb0a3966e689594d,长治市太行山大峡谷八泉峡景区,,山西省,,,5A,A级景区,unknown,pending,5A级旅游景区,https://www.mct.gov.cn/tourism/#/list,API目录ID-4/2026-09-04,,,尚未映射到可回跳的知识库景点卡,,,1,CN-POOL-20260904-r0,MCT内容ID=97776；来源文件=content_4.json
CN-P-000033,b1760a0b4c874369d25f69ffcb086a260b746ef8ad764762f106f88c344af992,临汾市云丘山景区,,山西省,,,5A,A级景区,unknown,pending,5A级旅游景区,https://www.mct.gov.cn/tourism/#/list,API目录ID-4/2026-09-04,,,尚未映射到可回跳的知识库景点卡,,,1,CN-POOL-20260904-r0,MCT内容ID=97777；来源文件=content_4.json
CN-P-000034,1650be24ec6b010f168d4df3ad8c99d53dcb107f4e2b8ccdb655a3cb74e6309f,黄河壶口瀑布旅游区(陕西省延安市·山西省临汾市),,山西省、陕西省,,,5A,A级景区,unknown,pending,5A级旅游景区,https://www.mct.gov.cn/tourism/#/list,API目录ID-4/2026-09-04,,,尚未映射到可回跳的知识库景点卡,,,1,CN-POOL-20260904-r0,MCT内容ID=97778；来源文件=content_4.json
CN-P-000035,c90b1b696f2b6dbf97c1684e0c1a5056563d58152e4cfccd7687dfdd61f1bd98,太原市晋祠天龙山景区,,山西省,,,5A,A级景区,unknown,pending,5A级旅游景区,https://www.mct.gov.cn/tourism/#/list,API目录ID-4/2026-09-04,,,尚未映射到可回跳的知识库景点卡,,,1,CN-POOL-20260904-r0,MCT内容ID=97779；来源文件=content_4.json
CN-P-000036,5581b0914aee6be2279e01181b345c5d3056577acf7251c9a6080244057d29a3,晋中市乔家大院景区,,山西省,,,5A,A级景区,unknown,pending,5A级旅游景区,https://www.mct.gov.cn/tourism/#/list,API目录ID-4/2026-09-04,,,尚未映射到可回跳的知识库景点卡,,,1,CN-POOL-20260904-r0,MCT内容ID=97780；来源文件=content_4.json
CN-P-000037,10489bbb9dc699e0f3805908d822d689696f944b27e5fa32e94a443aaf102305,鄂尔多斯市响沙湾旅游景区,,内蒙古自治区,,,5A,A级景区,unknown,pending,5A级旅游景区,https://www.mct.gov.cn/tourism/#/list,API目录ID-4/2026-09-04,,,尚未映射到可回跳的知识库景点卡,,,1,CN-POOL-20260904-r0,MCT内容ID=97781；来源文件=content_4.json
CN-P-000038,0f22d4cc3c198a332e0f7573cf2555cd128a065f010fd1b7bf00ddf27dc5a5cb,鄂尔多斯市成吉思汗陵旅游区,,内蒙古自治区,,,5A,A级景区,unknown,pending,5A级旅游景区,https://www.mct.gov.cn/tourism/#/list,API目录ID-4/2026-09-04,,,尚未映射到可回跳的知识库景点卡,,,1,CN-POOL-20260904-r0,MCT内容ID=97782；来源文件=content_4.json
CN-P-000039,bc9d2fe32f9d9dd05cdf7e3ad1c69d5c401da72dac42590c3b2eba147f1b820d,呼伦贝尔市中俄边境旅游区,,内蒙古自治区,,,5A,A级景区,unknown,pending,5A级旅游景区,https://www.mct.gov.cn/tourism/#/list,API目录ID-4/2026-09-04,,,尚未映射到可回跳的知识库景点卡,,,1,CN-POOL-20260904-r0,MCT内容ID=97783；来源文件=content_4.json
CN-P-000040,2cf40611ee69de414749e2cf5dec32a5aa465e659d917fc740540f41d60ec137,兴安盟阿尔山-柴河旅游景区,,内蒙古自治区,,,5A,A级景区,unknown,covered,5A级旅游景区,https://www.mct.gov.cn/tourism/#/list,API目录ID-4/2026-09-04,知识库数据/02-景点库-呼伦贝尔.md,A057,,,,1,CN-POOL-20260904-r0,MCT内容ID=97784；来源文件=content_4.json
CN-P-000041,8a447153b57cdd6a6a7c55ba2c8be1e0a3048f3260f62ebaad542c147ab0103f,赤峰市阿斯哈图石林景区,,内蒙古自治区,,,5A,A级景区,unknown,pending,5A级旅游景区,https://www.mct.gov.cn/tourism/#/list,API目录ID-4/2026-09-04,,,尚未映射到可回跳的知识库景点卡,,,1,CN-POOL-20260904-r0,MCT内容ID=97785；来源文件=content_4.json
CN-P-000042,ee5e24ca9174e146c96829ce09f9d4abd6a7ed3a85443b854089cfd64f1dc32b,阿拉善盟胡杨林旅游区,,内蒙古自治区,,,5A,A级景区,unknown,pending,5A级旅游景区,https://www.mct.gov.cn/tourism/#/list,API目录ID-4/2026-09-04,,,尚未映射到可回跳的知识库景点卡,,,1,CN-POOL-20260904-r0,MCT内容ID=97786；来源文件=content_4.json
CN-P-000043,b35c8882e9d18ae38418485716c5493dc2d320081586230413831a821cc79dd2,呼伦贝尔市呼伦贝尔大草原·莫尔格勒河景区,,内蒙古自治区,,,5A,A级景区,unknown,pending,5A级旅游景区,https://www.mct.gov.cn/tourism/#/list,API目录ID-4/2026-09-04,,,尚未映射到可回跳的知识库景点卡,,,1,CN-POOL-20260904-r0,MCT内容ID=97787；来源文件=content_4.json
CN-P-000044,b42609f6fffd46ac5a0b415c978c01ee4e27024e78ff46afc04910830189712c,呼和浩特市老牛湾黄河大峡谷旅游区,,内蒙古自治区,,,5A,A级景区,unknown,pending,5A级旅游景区,https://www.mct.gov.cn/tourism/#/list,API目录ID-4/2026-09-04,,,尚未映射到可回跳的知识库景点卡,,,1,CN-POOL-20260904-r0,MCT内容ID=97788；来源文件=content_4.json
CN-P-000045,57c5b4b3d7e8f0a2b94a953dc705edc4d56b127f1412fdef09d5b1a62367cc96,沈阳市沈阳植物园,,辽宁省,,,5A,A级景区,unknown,pending,5A级旅游景区,https://www.mct.gov.cn/tourism/#/list,API目录ID-4/2026-09-04,,,尚未映射到可回跳的知识库景点卡,,,1,CN-POOL-20260904-r0,MCT内容ID=97789；来源文件=content_4.json
CN-P-000046,2226923b46722800ed64c0cb8ef2afa799c9963e5d932dbe3ba7567171ed83da,大连市老虎滩海洋公园—老虎滩极地馆,,辽宁省,,,5A,A级景区,unknown,pending,5A级旅游景区,https://www.mct.gov.cn/tourism/#/list,API目录ID-4/2026-09-04,,,尚未映射到可回跳的知识库景点卡,,,1,CN-POOL-20260904-r0,MCT内容ID=97790；来源文件=content_4.json
CN-P-000047,0cb615ae39bb4564046eec70fc4b69d16f11fe0a476f90f15a26de1aa41f67db,大连市金石滩景区,,辽宁省,,,5A,A级景区,unknown,pending,5A级旅游景区,https://www.mct.gov.cn/tourism/#/list,API目录ID-4/2026-09-04,,,尚未映射到可回跳的知识库景点卡,,,1,CN-POOL-20260904-r0,MCT内容ID=97791；来源文件=content_4.json
CN-P-000048,ebba542af5e88c762bcc665cd5344019e8598d1f096710b2e3323bb263c0fc0c,本溪市本溪水洞景区,,辽宁省,,,5A,A级景区,unknown,pending,5A级旅游景区,https://www.mct.gov.cn/tourism/#/list,API目录ID-4/2026-09-04,,,尚未映射到可回跳的知识库景点卡,,,1,CN-POOL-20260904-r0,MCT内容ID=97792；来源文件=content_4.json
CN-P-000049,ae6d2e8ec6aa1a41da3b64cceeb781b1bba5e36376c2e18f0fbf0acc88f2b9d9,鞍山市千山景区,,辽宁省,,,5A,A级景区,unknown,pending,5A级旅游景区,https://www.mct.gov.cn/tourism/#/list,API目录ID-4/2026-09-04,,,尚未映射到可回跳的知识库景点卡,,,1,CN-POOL-20260904-r0,MCT内容ID=97793；来源文件=content_4.json
CN-P-000050,3357bd7ce2d7c0ce259ec370c8dac77a88f90aa1ce72a6e088135a93afe842a7,盘锦市红海滩风景廊道景区,,辽宁省,,,5A,A级景区,unknown,pending,5A级旅游景区,https://www.mct.gov.cn/tourism/#/list,API目录ID-4/2026-09-04,,,尚未映射到可回跳的知识库景点卡,,,1,CN-POOL-20260904-r0,MCT内容ID=97794；来源文件=content_4.json
CN-P-000051,e274c1fcdb05340ebaecf6da9e2948f5d046d5344d6337391d7ee62b7211859e,本溪市五女山景区,,辽宁省,,,5A,A级景区,unknown,pending,5A级旅游景区,https://www.mct.gov.cn/tourism/#/list,API目录ID-4/2026-09-04,,,尚未映射到可回跳的知识库景点卡,,,1,CN-POOL-20260904-r0,MCT内容ID=97795；来源文件=content_4.json
CN-P-000052,baba9124f7cc92043f8ba9d0d3d7ac52d04919bbf9adb1ad5eed57e8b7c70b87,延边朝鲜族自治州长白山景区,,吉林省,,,5A,A级景区,unknown,pending,5A级旅游景区,https://www.mct.gov.cn/tourism/#/list,API目录ID-4/2026-09-04,,,尚未映射到可回跳的知识库景点卡,,,1,CN-POOL-20260904-r0,MCT内容ID=97796；来源文件=content_4.json
CN-P-000053,f0be4126e19107c02074b8f7c6ec9415223a1c90342d4d7a49516dae5c2d0e59,长春市伪满皇宫博物馆,,吉林省,,,5A,A级景区,unknown,pending,5A级旅游景区,https://www.mct.gov.cn/tourism/#/list,API目录ID-4/2026-09-04,,,尚未映射到可回跳的知识库景点卡,,,1,CN-POOL-20260904-r0,MCT内容ID=97797；来源文件=content_4.json
CN-P-000054,db50cffc6bce68cd8b531ad49dac74c217f66f654df34a27528f345d934e57bc,长春市净月潭景区,,吉林省,,,5A,A级景区,unknown,pending,5A级旅游景区,https://www.mct.gov.cn/tourism/#/list,API目录ID-4/2026-09-04,,,尚未映射到可回跳的知识库景点卡,,,1,CN-POOL-20260904-r0,MCT内容ID=97798；来源文件=content_4.json
CN-P-000055,01e425d97eb7b95a4e202a074a5858994f0fd972e94bc5c1e2965a8486bb4123,长春市长影世纪城景区,,吉林省,,,5A,A级景区,unknown,pending,5A级旅游景区,https://www.mct.gov.cn/tourism/#/list,API目录ID-4/2026-09-04,,,尚未映射到可回跳的知识库景点卡,,,1,CN-POOL-20260904-r0,MCT内容ID=97799；来源文件=content_4.json
CN-P-000056,0c6cb9dc773e172e4f6460fa939cafa56e8f8e91d7c877aa3bbe2d9e1962cbff,延边州六鼎山文化旅游区,,吉林省,,,5A,A级景区,unknown,pending,5A级旅游景区,https://www.mct.gov.cn/tourism/#/list,API目录ID-4/2026-09-04,,,尚未映射到可回跳的知识库景点卡,,,1,CN-POOL-20260904-r0,MCT内容ID=97800；来源文件=content_4.json
CN-P-000057,e563a57e46bd811997af11433068611f7e7626e6128b35cbf5174438d45a5a45,长春市世界雕塑公园景区,,吉林省,,,5A,A级景区,unknown,pending,5A级旅游景区,https://www.mct.gov.cn/tourism/#/list,API目录ID-4/2026-09-04,,,尚未映射到可回跳的知识库景点卡,,,1,CN-POOL-20260904-r0,MCT内容ID=97801；来源文件=content_4.json
CN-P-000058,04b64c3d115ef8270bd500fc11a3b00130bccce04d519181294aa28e34ebdd01,通化市高句丽文物古迹旅游景区,,吉林省,,,5A,A级景区,unknown,pending,5A级旅游景区,https://www.mct.gov.cn/tourism/#/list,API目录ID-4/2026-09-04,,,尚未映射到可回跳的知识库景点卡,,,1,CN-POOL-20260904-r0,MCT内容ID=97802；来源文件=content_4.json
CN-P-000059,9da194143cabbc8861d1500fecb7e34ce79269ae09ad0baa62d1d3b8e7b83f3c,松原市前郭查干湖景区,,吉林省,,,5A,A级景区,unknown,pending,5A级旅游景区,https://www.mct.gov.cn/tourism/#/list,API目录ID-4/2026-09-04,,,尚未映射到可回跳的知识库景点卡,,,1,CN-POOL-20260904-r0,MCT内容ID=97803；来源文件=content_4.json
CN-P-000060,0a19c8fcbfd28ce498a191339599436de0eabb3ea801e194fab6645d9b3f3d05,白城市大安嫩江湾旅游区,,吉林省,,,5A,A级景区,unknown,pending,5A级旅游景区,https://www.mct.gov.cn/tourism/#/list,API目录ID-4/2026-09-04,,,尚未映射到可回跳的知识库景点卡,,,1,CN-POOL-20260904-r0,MCT内容ID=97804；来源文件=content_4.json
CN-P-000061,f514a8c5abdccb2d07398172df0fa9a7b9d18075e7401ee7084f03aa52dd550c,哈尔滨市太阳岛景区,,黑龙江省,,,5A,A级景区,unknown,covered,5A级旅游景区,https://www.mct.gov.cn/tourism/#/list,API目录ID-4/2026-09-04,知识库数据/02-景点库-哈尔滨.md,A124,,,,1,CN-POOL-20260904-r0,MCT内容ID=97805；来源文件=content_4.json
CN-P-000062,6d397243b550bd364b431541d086b3fd69a72920160678ab1c437ac9db4389fe,黑河市五大连池景区,,黑龙江省,,,5A,A级景区,unknown,pending,5A级旅游景区,https://www.mct.gov.cn/tourism/#/list,API目录ID-4/2026-09-04,,,尚未映射到可回跳的知识库景点卡,,,1,CN-POOL-20260904-r0,MCT内容ID=97806；来源文件=content_4.json
CN-P-000063,1c659b00bd48093c027491655040e8c6392d8bd45db27a790d4b25b862a04b61,牡丹江市镜泊湖景区,,黑龙江省,,,5A,A级景区,unknown,pending,5A级旅游景区,https://www.mct.gov.cn/tourism/#/list,API目录ID-4/2026-09-04,,,尚未映射到可回跳的知识库景点卡,,,1,CN-POOL-20260904-r0,MCT内容ID=97807；来源文件=content_4.json
CN-P-000064,abf8bc2288dab94c5c4b09e766741fac1d7e4b5c0b26fe02de3673b381674c96,伊春市林海奇石景区,,黑龙江省,,,5A,A级景区,unknown,pending,5A级旅游景区,https://www.mct.gov.cn/tourism/#/list,API目录ID-4/2026-09-04,,,尚未映射到可回跳的知识库景点卡,,,1,CN-POOL-20260904-r0,MCT内容ID=97808；来源文件=content_4.json
CN-P-000065,e07f1fc506c1332a3c9664cf477505f183da553dffb6f38429fec8705c79b7a2,大兴安岭地区北极村旅游景区,,黑龙江省,,,5A,A级景区,unknown,pending,5A级旅游景区,https://www.mct.gov.cn/tourism/#/list,API目录ID-4/2026-09-04,,,尚未映射到可回跳的知识库景点卡,,,1,CN-POOL-20260904-r0,MCT内容ID=97809；来源文件=content_4.json
CN-P-000066,471f1b7b1a5ec807755b2e7796f2e79f0766ea3eec8eda3f00443807da6b24cc,鸡西市虎头旅游景区,,黑龙江省,,,5A,A级景区,unknown,pending,5A级旅游景区,https://www.mct.gov.cn/tourism/#/list,API目录ID-4/2026-09-04,,,尚未映射到可回跳的知识库景点卡,,,1,CN-POOL-20260904-r0,MCT内容ID=97810；来源文件=content_4.json
CN-P-000067,88239e6f704e0bc5325bb000d3170116fa6ff2dec1384df7d85bc6b091000d3f,齐齐哈尔市扎龙生态旅游区,,黑龙江省,,,5A,A级景区,unknown,pending,5A级旅游景区,https://www.mct.gov.cn/tourism/#/list,API目录ID-4/2026-09-04,,,尚未映射到可回跳的知识库景点卡,,,1,CN-POOL-20260904-r0,MCT内容ID=97811；来源文件=content_4.json
CN-P-000068,82ff61d19f566f6aa1661d74ee886fc0e368b7d1a6e0a58240f644039887852c,东方明珠广播电视塔,,上海市,,,5A,A级景区,unknown,pending,5A级旅游景区,https://www.mct.gov.cn/tourism/#/list,API目录ID-4/2026-09-04,,,尚未映射到可回跳的知识库景点卡,,,1,CN-POOL-20260904-r0,MCT内容ID=97812；来源文件=content_4.json
CN-P-000069,bf8353abe9c78c3d192271ae81db9ab2124d8a15786cfbc49a14fdb12900a4cd,上海野生动物园,,上海市,,,5A,A级景区,unknown,pending,5A级旅游景区,https://www.mct.gov.cn/tourism/#/list,API目录ID-4/2026-09-04,,,尚未映射到可回跳的知识库景点卡,,,1,CN-POOL-20260904-r0,MCT内容ID=97813；来源文件=content_4.json
CN-P-000070,e21702ec8a4da32249aef21ad385c54e5318d507eace1fd990ba861267fb2678,上海科技馆,,上海市,,,5A,A级景区,unknown,covered,5A级旅游景区,https://www.mct.gov.cn/tourism/#/list,API目录ID-4/2026-09-04,知识库数据/02-景点库-上海.md,A338,,,,1,CN-POOL-20260904-r0,MCT内容ID=97814；来源文件=content_4.json
CN-P-000071,9bdc1a72d131b6be958cb3aae07c2e6acd1ca2dc86a073d89b640363146b1956,中国共产党一大•二大•四大纪念馆景区,,上海市,,,5A,A级景区,unknown,pending,5A级旅游景区,https://www.mct.gov.cn/tourism/#/list,API目录ID-4/2026-09-04,,,尚未映射到可回跳的知识库景点卡,,,1,CN-POOL-20260904-r0,MCT内容ID=97815；来源文件=content_4.json
CN-P-000072,9fa311281ff32d70de1ed24fbbf252c6517fe2411286fa7cf2ed0bbd5ad3247f,西沙明珠湖景区,,上海市,,,5A,A级景区,unknown,pending,5A级旅游景区,https://www.mct.gov.cn/tourism/#/list,API目录ID-4/2026-09-04,,,尚未映射到可回跳的知识库景点卡,,,1,CN-POOL-20260904-r0,MCT内容ID=97816；来源文件=content_4.json
CN-P-000073,db96a64d4d75218a7855558bf4151219d269d5a0f29d06a78c91a2dccb29c3d7,苏州市苏州园林（拙政园－留园－虎丘）,,江苏省,,,5A,A级景区,unknown,pending,5A级旅游景区,https://www.mct.gov.cn/tourism/#/list,API目录ID-4/2026-09-04,,,尚未映射到可回跳的知识库景点卡,,,1,CN-POOL-20260904-r0,MCT内容ID=97817；来源文件=content_4.json
CN-P-000074,18910bec41b37279c67ab71b77e0231a7504d055f0464b724b85acb1fef4e3d6,苏州市周庄古镇景区,,江苏省,,,5A,A级景区,unknown,covered,5A级旅游景区,https://www.mct.gov.cn/tourism/#/list,API目录ID-4/2026-09-04,知识库数据/02-景点库-苏州.md,A287,,,,1,CN-POOL-20260904-r0,MCT内容ID=97818；来源文件=content_4.json
CN-P-000075,57a16cba46e3308da95d16237b0cdc2e7f03f6091417eaa355bb356035a8c8e0,南京市钟山风景名胜区－中山陵园风景区,,江苏省,,,5A,A级景区,unknown,pending,5A级旅游景区,https://www.mct.gov.cn/tourism/#/list,API目录ID-4/2026-09-04,,,尚未映射到可回跳的知识库景点卡,,,1,CN-POOL-20260904-r0,MCT内容ID=97819；来源文件=content_4.json
CN-P-000076,3971d89861945dec0950ba0a927f31e75c9ccae7a66f67cc4dbe7f916af397e0,无锡市中央电视台无锡影视基地三国水浒城景区,,江苏省,,,5A,A级景区,unknown,pending,5A级旅游景区,https://www.mct.gov.cn/tourism/#/list,API目录ID-4/2026-09-04,,,尚未映射到可回跳的知识库景点卡,,,1,CN-POOL-20260904-r0,MCT内容ID=97820；来源文件=content_4.json
CN-P-000077,f270528da55cdadf5397b57c0b589c1c7a5a4748237aabb20355facb66b64f6d,无锡市灵山大佛景区,,江苏省,,,5A,A级景区,unknown,pending,5A级旅游景区,https://www.mct.gov.cn/tourism/#/list,API目录ID-4/2026-09-04,,,尚未映射到可回跳的知识库景点卡,,,1,CN-POOL-20260904-r0,MCT内容ID=97821；来源文件=content_4.json
CN-P-000078,794c7078d278c96c51a75778f1feba47fdc4a9cb527595ed98cc7d86b303ce64,苏州市同里古镇景区,,江苏省,,,5A,A级景区,unknown,covered,5A级旅游景区,https://www.mct.gov.cn/tourism/#/list,API目录ID-4/2026-09-04,知识库数据/02-景点库-苏州.md,A288,,,,1,CN-POOL-20260904-r0,MCT内容ID=97822；来源文件=content_4.json
CN-P-000079,928f153107b762b10f35d11da3fe33e3f36b7117b33e7cb431294c23c591d145,南京市夫子庙－秦淮风光带,,江苏省,,,5A,A级景区,unknown,covered,5A级旅游景区,https://www.mct.gov.cn/tourism/#/list,API目录ID-4/2026-09-04,知识库数据/02-景点库-南京.md,A274,,,,1,CN-POOL-20260904-r0,MCT内容ID=97823；来源文件=content_4.json
CN-P-000080,dccff81557d09c0032e2299b3deb4212144dccc2325554ea2a4d767ab3e3b764,常州市环球恐龙城休闲旅游区,,江苏省,,,5A,A级景区,unknown,pending,5A级旅游景区,https://www.mct.gov.cn/tourism/#/list,API目录ID-4/2026-09-04,,,尚未映射到可回跳的知识库景点卡,,,1,CN-POOL-20260904-r0,MCT内容ID=97824；来源文件=content_4.json
CN-P-000081,bd25f6df3616755ad49f6a224794aafbe39642a15539e4ef00cbb4436c13dcd5,扬州市瘦西湖风景区,,江苏省,,,5A,A级景区,unknown,pending,5A级旅游景区,https://www.mct.gov.cn/tourism/#/list,API目录ID-4/2026-09-04,,,尚未映射到可回跳的知识库景点卡,,,1,CN-POOL-20260904-r0,MCT内容ID=97825；来源文件=content_4.json
CN-P-000082,536f21ab65e186ba85bea40083048b8c34f9333deaa992bee72e153198cc45f7,南通市濠河风景区,,江苏省,,,5A,A级景区,unknown,pending,5A级旅游景区,https://www.mct.gov.cn/tourism/#/list,API目录ID-4/2026-09-04,,,尚未映射到可回跳的知识库景点卡,,,1,CN-POOL-20260904-r0,MCT内容ID=97826；来源文件=content_4.json
CN-P-000083,5733f8bff96effe5403a25cb13aa6a579c8d1475679f7cb746ebfaf8aa684dc8,泰州市溱湖旅游景区,,江苏省,,,5A,A级景区,unknown,pending,5A级旅游景区,https://www.mct.gov.cn/tourism/#/list,API目录ID-4/2026-09-04,,,尚未映射到可回跳的知识库景点卡,,,1,CN-POOL-20260904-r0,MCT内容ID=97827；来源文件=content_4.json
CN-P-000084,884433bcace14bb5c78175fd8ac65609bd09de9d13bc298f0ccd24dd7312d3b3,苏州市金鸡湖旅游区,,江苏省,,,5A,A级景区,unknown,covered,5A级旅游景区,https://www.mct.gov.cn/tourism/#/list,API目录ID-4/2026-09-04,知识库数据/02-景点库-苏州.md,A290,,,,1,CN-POOL-20260904-r0,MCT内容ID=97828；来源文件=content_4.json
CN-P-000085,e06cce3466e0526fc81c8c6091c8759e3574357793119bb6f470b7629e8f64ff,镇江市金山•焦山•北固山风景区,,江苏省,,,5A,A级景区,unknown,pending,5A级旅游景区,https://www.mct.gov.cn/tourism/#/list,API目录ID-4/2026-09-04,,,尚未映射到可回跳的知识库景点卡,,,1,CN-POOL-20260904-r0,MCT内容ID=97829；来源文件=content_4.json
CN-P-000086,d56764b0fb4d61639b6d9e466aab21355e00ab6ef6295133e2c8e4a0dd01df55,无锡市鼋头渚旅游风景区,,江苏省,,,5A,A级景区,unknown,pending,5A级旅游景区,https://www.mct.gov.cn/tourism/#/list,API目录ID-4/2026-09-04,,,尚未映射到可回跳的知识库景点卡,,,1,CN-POOL-20260904-r0,MCT内容ID=97830；来源文件=content_4.json
CN-P-000087,4bae1fbc509db7caf1cbc5eb93ca55071982515fa95b35e030aeb89ffce57305,苏州市太湖旅游区,,江苏省,,,5A,A级景区,unknown,pending,5A级旅游景区,https://www.mct.gov.cn/tourism/#/list,API目录ID-4/2026-09-04,,,尚未映射到可回跳的知识库景点卡,,,1,CN-POOL-20260904-r0,MCT内容ID=97831；来源文件=content_4.json
CN-P-000088,fb08b2ff0b7655814b8a6563a70fcc6fc5fc1868364f85cd555fcfc25c9259b4,苏州市沙家浜－虞山尚湖旅游区,,江苏省,,,5A,A级景区,unknown,pending,5A级旅游景区,https://www.mct.gov.cn/tourism/#/list,API目录ID-4/2026-09-04,,,尚未映射到可回跳的知识库景点卡,,,1,CN-POOL-20260904-r0,MCT内容ID=97832；来源文件=content_4.json
CN-P-000089,2fb982635f3486a70192a1f42b594b4e69cf98f5984f9b188c960508a4200386,常州市天目湖景区,,江苏省,,,5A,A级景区,unknown,pending,5A级旅游景区,https://www.mct.gov.cn/tourism/#/list,API目录ID-4/2026-09-04,,,尚未映射到可回跳的知识库景点卡,,,1,CN-POOL-20260904-r0,MCT内容ID=97833；来源文件=content_4.json
CN-P-000090,2b35e91ac6a557c5d2a9a34a15e9db1974a073575799bc919f22054bdb0273c3,镇江市茅山景区,,江苏省,,,5A,A级景区,unknown,pending,5A级旅游景区,https://www.mct.gov.cn/tourism/#/list,API目录ID-4/2026-09-04,,,尚未映射到可回跳的知识库景点卡,,,1,CN-POOL-20260904-r0,MCT内容ID=97834；来源文件=content_4.json
CN-P-000091,1c97d73285e9f8d3aaf7c2d1ab8ba8ddeffd568f0029c4c3d3c62971dd0a1248,淮安市周恩来故里景区,,江苏省,,,5A,A级景区,unknown,pending,5A级旅游景区,https://www.mct.gov.cn/tourism/#/list,API目录ID-4/2026-09-04,,,尚未映射到可回跳的知识库景点卡,,,1,CN-POOL-20260904-r0,MCT内容ID=97835；来源文件=content_4.json
CN-P-000092,291a058f928706868a09a276e3632de73b3aabc0ffc211d931add8f4fc6ba63d,盐城市中华麋鹿园景区,,江苏省,,,5A,A级景区,unknown,pending,5A级旅游景区,https://www.mct.gov.cn/tourism/#/list,API目录ID-4/2026-09-04,,,尚未映射到可回跳的知识库景点卡,,,1,CN-POOL-20260904-r0,MCT内容ID=97836；来源文件=content_4.json
CN-P-000093,16247d1c82d4cde4fa770d24ee709fe4f172c9dd20cd736172fb66cc7f279af1,徐州市云龙湖景区,,江苏省,,,5A,A级景区,unknown,pending,5A级旅游景区,https://www.mct.gov.cn/tourism/#/list,API目录ID-4/2026-09-04,,,尚未映射到可回跳的知识库景点卡,,,1,CN-POOL-20260904-r0,MCT内容ID=97837；来源文件=content_4.json
CN-P-000094,bde01593831c8fe5b4b5f472c2b71f75be57c25a0b4835fcf5e187fcf4319326,连云港市花果山景区,,江苏省,,,5A,A级景区,unknown,pending,5A级旅游景区,https://www.mct.gov.cn/tourism/#/list,API目录ID-4/2026-09-04,,,尚未映射到可回跳的知识库景点卡,,,1,CN-POOL-20260904-r0,MCT内容ID=97838；来源文件=content_4.json
CN-P-000095,5f1b41302069c72a00c612cc5187b13fba86ec7fc14fda34ec5b7dba311a9bec,常州市春秋淹城旅游区,,江苏省,,,5A,A级景区,unknown,pending,5A级旅游景区,https://www.mct.gov.cn/tourism/#/list,API目录ID-4/2026-09-04,,,尚未映射到可回跳的知识库景点卡,,,1,CN-POOL-20260904-r0,MCT内容ID=97839；来源文件=content_4.json
CN-P-000096,fa60622fab3474fd0931d1162c10e1c92f9c56d32ad01316c8ecc55482d48da9,无锡市惠山古镇景区,,江苏省,,,5A,A级景区,unknown,pending,5A级旅游景区,https://www.mct.gov.cn/tourism/#/list,API目录ID-4/2026-09-04,,,尚未映射到可回跳的知识库景点卡,,,1,CN-POOL-20260904-r0,MCT内容ID=97840；来源文件=content_4.json
CN-P-000097,290bfc96b72083e75fdcdee47166ff609e24d6589fd04989fc7b3ff54734bfc9,宿迁市洪泽湖湿地景区,,江苏省,,,5A,A级景区,unknown,pending,5A级旅游景区,https://www.mct.gov.cn/tourism/#/list,API目录ID-4/2026-09-04,,,尚未映射到可回跳的知识库景点卡,,,1,CN-POOL-20260904-r0,MCT内容ID=97841；来源文件=content_4.json
CN-P-000098,f99a9fc1fb4478e1f5889f57e428a1865fe2cd52085e7e797618b31002ae1762,连云港市连岛景区,,江苏省,,,5A,A级景区,unknown,pending,5A级旅游景区,https://www.mct.gov.cn/tourism/#/list,API目录ID-4/2026-09-04,,,尚未映射到可回跳的知识库景点卡,,,1,CN-POOL-20260904-r0,MCT内容ID=97842；来源文件=content_4.json
CN-P-000099,10ec7aed921be99fec351011a44afe76947aa67ed87c3dfb155dfd27465d0efe,杭州市杭州西湖风景区,,浙江省,,,5A,A级景区,unknown,pending,5A级旅游景区,https://www.mct.gov.cn/tourism/#/list,API目录ID-4/2026-09-04,,,尚未映射到可回跳的知识库景点卡,,,1,CN-POOL-20260904-r0,MCT内容ID=97843；来源文件=content_4.json
CN-P-000100,da03cb1cc80a6c3f0ca9df10dc2bc4fbe2d6673453ec628e2212d29a25087d4b,温州市雁荡山风景区,,浙江省,,,5A,A级景区,unknown,pending,5A级旅游景区,https://www.mct.gov.cn/tourism/#/list,API目录ID-4/2026-09-04,,,尚未映射到可回跳的知识库景点卡,,,1,CN-POOL-20260904-r0,MCT内容ID=97844；来源文件=content_4.json
CN-P-000101,d688196b8d04dc8b02f605133e2dcf7c09a8206a7d8674399b667315ae0e38a3,舟山市普陀山风景区,,浙江省,,,5A,A级景区,unknown,pending,5A级旅游景区,https://www.mct.gov.cn/tourism/#/list,API目录ID-4/2026-09-04,,,尚未映射到可回跳的知识库景点卡,,,1,CN-POOL-20260904-r0,MCT内容ID=97845；来源文件=content_4.json
CN-P-000102,0770cb76537a2172948d36bffd34761031996972fd17e5ac77df65235ca2bc71,杭州市千岛湖风景区,,浙江省,,,5A,A级景区,unknown,pending,5A级旅游景区,https://www.mct.gov.cn/tourism/#/list,API目录ID-4/2026-09-04,,,尚未映射到可回跳的知识库景点卡,,,1,CN-POOL-20260904-r0,MCT内容ID=97846；来源文件=content_4.json
CN-P-000103,e5c5274dc4668eaa5da34bb74798bd0a9ea23cbcfa96c8733549cdeb3ac6083e,嘉兴市乌镇古镇旅游区,,浙江省,,,5A,A级景区,unknown,pending,5A级旅游景区,https://www.mct.gov.cn/tourism/#/list,API目录ID-4/2026-09-04,,,尚未映射到可回跳的知识库景点卡,,,1,CN-POOL-20260904-r0,MCT内容ID=97847；来源文件=content_4.json
CN-P-000104,bfe734235b1a2ba56f3b47dc392c822571548cfdf9c7ab9a5d2ceabb23cdf6bc,宁波市溪口－滕头旅游景区,,浙江省,,,5A,A级景区,unknown,pending,5A级旅游景区,https://www.mct.gov.cn/tourism/#/list,API目录ID-4/2026-09-04,,,尚未映射到可回跳的知识库景点卡,,,1,CN-POOL-20260904-r0,MCT内容ID=97848；来源文件=content_4.json
CN-P-000105,b9685df4ab15bda249500964617ef788425aa8f38ac5957e80176073026905af,金华市横店影视城景区,,浙江省,,,5A,A级景区,unknown,pending,5A级旅游景区,https://www.mct.gov.cn/tourism/#/list,API目录ID-4/2026-09-04,,,尚未映射到可回跳的知识库景点卡,,,1,CN-POOL-20260904-r0,MCT内容ID=97849；来源文件=content_4.json
CN-P-000106,84a4fd50733d57f8644b928fee2332e8d4e9bbd057037a46ccc085571f89463c,嘉兴市南湖旅游区,,浙江省,,,5A,A级景区,unknown,pending,5A级旅游景区,https://www.mct.gov.cn/tourism/#/list,API目录ID-4/2026-09-04,,,尚未映射到可回跳的知识库景点卡,,,1,CN-POOL-20260904-r0,MCT内容ID=97850；来源文件=content_4.json
CN-P-000107,d1966f945120fb57b22be9aa94ea12f182e632b6e4edad16679a0b41ceaaf5ab,杭州市西溪湿地旅游区,,浙江省,,,5A,A级景区,unknown,covered,5A级旅游景区,https://www.mct.gov.cn/tourism/#/list,API目录ID-4/2026-09-04,知识库数据/02-景点库-杭州.md,A295,,,,1,CN-POOL-20260904-r0,MCT内容ID=97851；来源文件=content_4.json
CN-P-000108,7dbdd1a34cf762781753755712535a1fe24b67cf2d98d640ecdb13984e078148,绍兴市鲁迅故里•沈园景区,,浙江省,,,5A,A级景区,unknown,pending,5A级旅游景区,https://www.mct.gov.cn/tourism/#/list,API目录ID-4/2026-09-04,,,尚未映射到可回跳的知识库景点卡,,,1,CN-POOL-20260904-r0,MCT内容ID=97852；来源文件=content_4.json
CN-P-000109,c5c59c08b8c868b29c6d5ad8cd9b561579dbeda5cb8bb12083befe63c5afafe1,衢州市根宫佛国文化旅游区,,浙江省,,,5A,A级景区,unknown,pending,5A级旅游景区,https://www.mct.gov.cn/tourism/#/list,API目录ID-4/2026-09-04,,,尚未映射到可回跳的知识库景点卡,,,1,CN-POOL-20260904-r0,MCT内容ID=97853；来源文件=content_4.json
CN-P-000110,e9fd2c60f946485c5781d89d3f3bd796b9689a4ec4f2bde514a3a425868c857c,湖州市南浔古镇景区,,浙江省,,,5A,A级景区,unknown,pending,5A级旅游景区,https://www.mct.gov.cn/tourism/#/list,API目录ID-4/2026-09-04,,,尚未映射到可回跳的知识库景点卡,,,1,CN-POOL-20260904-r0,MCT内容ID=97854；来源文件=content_4.json
CN-P-000111,c180385a702f8d8dcb416aa4dd8f6039e6fcefb073e6d2863317b0949bded596,台州市天台山景区,,浙江省,,,5A,A级景区,unknown,pending,5A级旅游景区,https://www.mct.gov.cn/tourism/#/list,API目录ID-4/2026-09-04,,,尚未映射到可回跳的知识库景点卡,,,1,CN-POOL-20260904-r0,MCT内容ID=97855；来源文件=content_4.json
CN-P-000112,f093462a351ba9e9246ed4be740cb6f9d6b483927008b96a281b9eecfd3ef133,台州市神仙居景区,,浙江省,,,5A,A级景区,unknown,pending,5A级旅游景区,https://www.mct.gov.cn/tourism/#/list,API目录ID-4/2026-09-04,,,尚未映射到可回跳的知识库景点卡,,,1,CN-POOL-20260904-r0,MCT内容ID=97856；来源文件=content_4.json
CN-P-000113,95f8deda7579e171de374a47377a6142efd15e52e889de8a063c8a67934aa010,嘉兴市西塘古镇旅游景区,,浙江省,,,5A,A级景区,unknown,pending,5A级旅游景区,https://www.mct.gov.cn/tourism/#/list,API目录ID-4/2026-09-04,,,尚未映射到可回跳的知识库景点卡,,,1,CN-POOL-20260904-r0,MCT内容ID=97857；来源文件=content_4.json
CN-P-000114,9c96b67d0feba9f09d93dc149f6620a605942a75532b56404032197119651e3e,衢州市江郎山•廿八都旅游区,,浙江省,,,5A,A级景区,unknown,pending,5A级旅游景区,https://www.mct.gov.cn/tourism/#/list,API目录ID-4/2026-09-04,,,尚未映射到可回跳的知识库景点卡,,,1,CN-POOL-20260904-r0,MCT内容ID=97858；来源文件=content_4.json
CN-P-000115,6b84ef593bdf51b59d6c100341bdafdfa759fc2e421ca1ae1cc05903dd8ee8ec,宁波市天一阁•月湖景区,,浙江省,,,5A,A级景区,unknown,pending,5A级旅游景区,https://www.mct.gov.cn/tourism/#/list,API目录ID-4/2026-09-04,,,尚未映射到可回跳的知识库景点卡,,,1,CN-POOL-20260904-r0,MCT内容ID=97859；来源文件=content_4.json
CN-P-000116,aa3f199e4cac0893e537b96eb8eec13153c4a95959686f6677fd5b0a4109626b,丽水市缙云仙都景区,,浙江省,,,5A,A级景区,unknown,pending,5A级旅游景区,https://www.mct.gov.cn/tourism/#/list,API目录ID-4/2026-09-04,,,尚未映射到可回跳的知识库景点卡,,,1,CN-POOL-20260904-r0,MCT内容ID=97860；来源文件=content_4.json
CN-P-000117,a048274a1a229a00d6bb70d2760fb1adc6ddcbc1fdf4c40d371078b724d40235,温州市刘伯温故里景区,,浙江省,,,5A,A级景区,unknown,pending,5A级旅游景区,https://www.mct.gov.cn/tourism/#/list,API目录ID-4/2026-09-04,,,尚未映射到可回跳的知识库景点卡,,,1,CN-POOL-20260904-r0,MCT内容ID=97861；来源文件=content_4.json
CN-P-000118,ae2985b53a756ab014411ef877754ed5246dbd66a3ca7c686b6715f73e744173,台州市台州府城文化旅游区,,浙江省,,,5A,A级景区,unknown,pending,5A级旅游景区,https://www.mct.gov.cn/tourism/#/list,API目录ID-4/2026-09-04,,,尚未映射到可回跳的知识库景点卡,,,1,CN-POOL-20260904-r0,MCT内容ID=97862；来源文件=content_4.json
CN-P-000119,20747b7719c765601bb2bb88bc7227824a12a3bb19504148061a4be29e93ca6b,丽水市云和梯田景区,,浙江省,,,5A,A级景区,unknown,pending,5A级旅游景区,https://www.mct.gov.cn/tourism/#/list,API目录ID-4/2026-09-04,,,尚未映射到可回跳的知识库景点卡,,,1,CN-POOL-20260904-r0,MCT内容ID=97863；来源文件=content_4.json
CN-P-000120,0225574a73fc15299060987cbae338c236eafd85adbad25b7a1299ca7eb00513,金华市双龙风景旅游区,,浙江省,,,5A,A级景区,unknown,pending,5A级旅游景区,https://www.mct.gov.cn/tourism/#/list,API目录ID-4/2026-09-04,,,尚未映射到可回跳的知识库景点卡,,,1,CN-POOL-20260904-r0,MCT内容ID=97864；来源文件=content_4.json
CN-P-000121,bf9b2489aa524563cf9d7a2bad6d004ad2d01156cd89de5dcd1312f5b04159d7,黄山市黄山风景区,,安徽省,,,5A,A级景区,unknown,covered,5A级旅游景区,https://www.mct.gov.cn/tourism/#/list,API目录ID-4/2026-09-04,知识库数据/02-景点库-黄山.md,A021,,,,1,CN-POOL-20260904-r0,MCT内容ID=97865；来源文件=content_4.json
CN-P-000122,9258ff5fe43ca60a5ee120f021fd879a819eb9c47a14ccc1d4512d6d8d4c2316,池州市九华山风景区,,安徽省,,,5A,A级景区,unknown,pending,5A级旅游景区,https://www.mct.gov.cn/tourism/#/list,API目录ID-4/2026-09-04,,,尚未映射到可回跳的知识库景点卡,,,1,CN-POOL-20260904-r0,MCT内容ID=97866；来源文件=content_4.json
CN-P-000123,5b85a2e0b1708e3252a91efc3d8897a40cf826dd0d3544553382128d2f821658,安庆市天柱山风景区,,安徽省,,,5A,A级景区,unknown,pending,5A级旅游景区,https://www.mct.gov.cn/tourism/#/list,API目录ID-4/2026-09-04,,,尚未映射到可回跳的知识库景点卡,,,1,CN-POOL-20260904-r0,MCT内容ID=97867；来源文件=content_4.json
CN-P-000124,847282a16915b7bf139a16bfde0734cd1599a051f07d72368c39ca43966ba6e9,黄山市皖南古村落－西递宏村,,安徽省,,,5A,A级景区,unknown,pending,5A级旅游景区,https://www.mct.gov.cn/tourism/#/list,API目录ID-4/2026-09-04,,,尚未映射到可回跳的知识库景点卡,,,1,CN-POOL-20260904-r0,MCT内容ID=97868；来源文件=content_4.json
CN-P-000125,39a8af9c5945bc19f062236fcdc79ce519f364d2cf0b747dcd4b5122bdb70bc2,六安市天堂寨旅游景区,,安徽省,,,5A,A级景区,unknown,pending,5A级旅游景区,https://www.mct.gov.cn/tourism/#/list,API目录ID-4/2026-09-04,,,尚未映射到可回跳的知识库景点卡,,,1,CN-POOL-20260904-r0,MCT内容ID=97869；来源文件=content_4.json
CN-P-000126,2a41dae080e6ab00bcd5022b2fdf92df8212c2ccea825553fe596543d61c954b,宣城市龙川景区,,安徽省,,,5A,A级景区,unknown,pending,5A级旅游景区,https://www.mct.gov.cn/tourism/#/list,API目录ID-4/2026-09-04,,,尚未映射到可回跳的知识库景点卡,,,1,CN-POOL-20260904-r0,MCT内容ID=97870；来源文件=content_4.json
CN-P-000127,74e7defbaac527680f5934e1b5857e926d0986a10a3c5025ccc494f12fea41da,阜阳市八里河风景区,,安徽省,,,5A,A级景区,unknown,pending,5A级旅游景区,https://www.mct.gov.cn/tourism/#/list,API目录ID-4/2026-09-04,,,尚未映射到可回跳的知识库景点卡,,,1,CN-POOL-20260904-r0,MCT内容ID=97871；来源文件=content_4.json
CN-P-000128,bb96d989dbbee528d4a755e0db2c39b2274f49f0dad7016e838ab7f26087614b,黄山市古徽州文化旅游区,,安徽省,,,5A,A级景区,unknown,pending,5A级旅游景区,https://www.mct.gov.cn/tourism/#/list,API目录ID-4/2026-09-04,,,尚未映射到可回跳的知识库景点卡,,,1,CN-POOL-20260904-r0,MCT内容ID=97872；来源文件=content_4.json
CN-P-000129,678eb0da48dca6739b0bf7382550e5c2c2ee32a18f2cc96d1751aa3126aa4c7d,合肥市三河古镇景区,,安徽省,,,5A,A级景区,unknown,pending,5A级旅游景区,https://www.mct.gov.cn/tourism/#/list,API目录ID-4/2026-09-04,,,尚未映射到可回跳的知识库景点卡,,,1,CN-POOL-20260904-r0,MCT内容ID=97873；来源文件=content_4.json
CN-P-000130,ace87051f74083afa75d31abab0aa784da6eaabfeae7a7b1df2887e6ba7bfe7f,芜湖市方特旅游区,,安徽省,,,5A,A级景区,unknown,pending,5A级旅游景区,https://www.mct.gov.cn/tourism/#/list,API目录ID-4/2026-09-04,,,尚未映射到可回跳的知识库景点卡,,,1,CN-POOL-20260904-r0,MCT内容ID=97874；来源文件=content_4.json
CN-P-000131,8e3189df8624a0613e8ca836c28905eb07aa7ab37736cbd199970bbaedd60582,六安市万佛湖风景区,,安徽省,,,5A,A级景区,unknown,pending,5A级旅游景区,https://www.mct.gov.cn/tourism/#/list,API目录ID-4/2026-09-04,,,尚未映射到可回跳的知识库景点卡,,,1,CN-POOL-20260904-r0,MCT内容ID=97875；来源文件=content_4.json
CN-P-000132,72233eb5290ef18034628eebca2a4313dbe7909cd6c6ce17d76daf9cd777e06a,马鞍山市长江采石矶文化生态旅游区,,安徽省,,,5A,A级景区,unknown,pending,5A级旅游景区,https://www.mct.gov.cn/tourism/#/list,API目录ID-4/2026-09-04,,,尚未映射到可回跳的知识库景点卡,,,1,CN-POOL-20260904-r0,MCT内容ID=97876；来源文件=content_4.json
CN-P-000133,46fc447eb8583c0dfd8a5e695d8436dcef97cd5afec69fc5afd08ce24b3133f6,滁州市琅琊山景区,,安徽省,,,5A,A级景区,unknown,pending,5A级旅游景区,https://www.mct.gov.cn/tourism/#/list,API目录ID-4/2026-09-04,,,尚未映射到可回跳的知识库景点卡,,,1,CN-POOL-20260904-r0,MCT内容ID=97877；来源文件=content_4.json
CN-P-000134,df084efce94d679b530577119195a3541c3aa1fc84008fa813a79854d670c415,厦门市鼓浪屿风景名胜区,,福建省,,,5A,A级景区,unknown,covered,5A级旅游景区,https://www.mct.gov.cn/tourism/#/list,API目录ID-4/2026-09-04,知识库数据/02-景点库-厦门.md,A261,,,,1,CN-POOL-20260904-r0,MCT内容ID=97878；来源文件=content_4.json
CN-P-000135,6a58a4b80d1e7bbc1c788d6f74ba3188c0d3a8115e66e4ad4891c25f715a3777,南平市武夷山风景名胜区,,福建省,,,5A,A级景区,unknown,pending,5A级旅游景区,https://www.mct.gov.cn/tourism/#/list,API目录ID-4/2026-09-04,,,尚未映射到可回跳的知识库景点卡,,,1,CN-POOL-20260904-r0,MCT内容ID=97879；来源文件=content_4.json
CN-P-000136,215217026a51007532d16d8bb670cc82cf5ec662cf9bf842dffbe990e64d75a2,三明市泰宁风景旅游区,,福建省,,,5A,A级景区,unknown,pending,5A级旅游景区,https://www.mct.gov.cn/tourism/#/list,API目录ID-4/2026-09-04,,,尚未映射到可回跳的知识库景点卡,,,1,CN-POOL-20260904-r0,MCT内容ID=97880；来源文件=content_4.json
CN-P-000137,cdf78293890698cc4882be8874c48a19fb302a5fcb735471b36f1fda24a9c6cc,福建土楼（永定•南靖）旅游景区,,福建省,,,5A,A级景区,unknown,pending,5A级旅游景区,https://www.mct.gov.cn/tourism/#/list,API目录ID-4/2026-09-04,,,尚未映射到可回跳的知识库景点卡,,,1,CN-POOL-20260904-r0,MCT内容ID=97881；来源文件=content_4.json
CN-P-000138,12d8f2888562d46e66827aebddf89b6204ce49d64f48810ccf6e6b2cf1c83fea,宁德市（白水洋•鸳鸯溪）旅游景区,,福建省,,,5A,A级景区,unknown,pending,5A级旅游景区,https://www.mct.gov.cn/tourism/#/list,API目录ID-4/2026-09-04,,,尚未映射到可回跳的知识库景点卡,,,1,CN-POOL-20260904-r0,MCT内容ID=97882；来源文件=content_4.json
CN-P-000139,314a1e5bfc2258acc723fb4e002fab2de6ff9fd784535438f2e569451846929e,泉州市清源山风景名胜区,,福建省,,,5A,A级景区,unknown,covered,5A级旅游景区,https://www.mct.gov.cn/tourism/#/list,API目录ID-4/2026-09-04,知识库数据/02-景点库-泉州.md,A046,,,,1,CN-POOL-20260904-r0,MCT内容ID=97883；来源文件=content_4.json
CN-P-000140,7fd23999e18786e21bc5ce1d8210fb548d77be2d716f2c3e9e719a2f5ff2a661,宁德市太姥山旅游区,,福建省,,,5A,A级景区,unknown,pending,5A级旅游景区,https://www.mct.gov.cn/tourism/#/list,API目录ID-4/2026-09-04,,,尚未映射到可回跳的知识库景点卡,,,1,CN-POOL-20260904-r0,MCT内容ID=97884；来源文件=content_4.json
CN-P-000141,e8446f4568e1ee6af8ea10c5e1cd134c9cec1b9d414d845a665ddd4e3e6dfd47,福州市三坊七巷景区,,福建省,,,5A,A级景区,unknown,pending,5A级旅游景区,https://www.mct.gov.cn/tourism/#/list,API目录ID-4/2026-09-04,,,尚未映射到可回跳的知识库景点卡,,,1,CN-POOL-20260904-r0,MCT内容ID=97885；来源文件=content_4.json
CN-P-000142,fcf6c2b8c342628239e1279a7201eda27b68ae3d0f418b4a6087aea059562c97,龙岩市古田旅游区,,福建省,,,5A,A级景区,unknown,pending,5A级旅游景区,https://www.mct.gov.cn/tourism/#/list,API目录ID-4/2026-09-04,,,尚未映射到可回跳的知识库景点卡,,,1,CN-POOL-20260904-r0,MCT内容ID=97886；来源文件=content_4.json
CN-P-000143,3cf027fa822076c7a67c2f8238e0ea8e94e5c306454c3676082470e2daf3f574,莆田市湄洲岛妈祖文化旅游区,,福建省,,,5A,A级景区,unknown,pending,5A级旅游景区,https://www.mct.gov.cn/tourism/#/list,API目录ID-4/2026-09-04,,,尚未映射到可回跳的知识库景点卡,,,1,CN-POOL-20260904-r0,MCT内容ID=97887；来源文件=content_4.json
CN-P-000144,51d722d852823bc36fdde1d93815380801cc60cd47ce9741de7c02a333dd18a3,厦门市厦门园林植物园景区,,福建省,,,5A,A级景区,unknown,pending,5A级旅游景区,https://www.mct.gov.cn/tourism/#/list,API目录ID-4/2026-09-04,,,尚未映射到可回跳的知识库景点卡,,,1,CN-POOL-20260904-r0,MCT内容ID=97888；来源文件=content_4.json
CN-P-000145,5048531e8e04265c86f32aad3c08967c973be360ef0d0e6aa85f8fe872924c9c,龙岩市冠豸山景区,,福建省,,,5A,A级景区,unknown,pending,5A级旅游景区,https://www.mct.gov.cn/tourism/#/list,API目录ID-4/2026-09-04,,,尚未映射到可回跳的知识库景点卡,,,1,CN-POOL-20260904-r0,MCT内容ID=97889；来源文件=content_4.json
CN-P-000146,08412a144600e8bf82bd9aee8bcf6426c32ba8965908bb15b45c3bfe388c83a4,九江市庐山市庐山风景名胜区,,江西省,,,5A,A级景区,unknown,pending,5A级旅游景区,https://www.mct.gov.cn/tourism/#/list,API目录ID-4/2026-09-04,,,尚未映射到可回跳的知识库景点卡,,,1,CN-POOL-20260904-r0,MCT内容ID=97890；来源文件=content_4.json
CN-P-000147,b45a8d5f744be48b35401be24e2d1be38ba890e25d727e94b52dbb3268ef1349,吉安市井冈山市井冈山风景旅游区,,江西省,,,5A,A级景区,unknown,pending,5A级旅游景区,https://www.mct.gov.cn/tourism/#/list,API目录ID-4/2026-09-04,,,尚未映射到可回跳的知识库景点卡,,,1,CN-POOL-20260904-r0,MCT内容ID=97891；来源文件=content_4.json
CN-P-000148,fbdca61563d3285f1eb186974c99d5ad62f0e268cd906ff1128a7f81d696cd39,上饶市玉山县三清山风景区,,江西省,,,5A,A级景区,unknown,pending,5A级旅游景区,https://www.mct.gov.cn/tourism/#/list,API目录ID-4/2026-09-04,,,尚未映射到可回跳的知识库景点卡,,,1,CN-POOL-20260904-r0,MCT内容ID=97892；来源文件=content_4.json
CN-P-000149,7344b0818f94def2fa579720714c9fc4d12a7cd4815ca119c92babf6f102c274,鹰潭市贵溪市龙虎山风景名胜区,,江西省,,,5A,A级景区,unknown,pending,5A级旅游景区,https://www.mct.gov.cn/tourism/#/list,API目录ID-4/2026-09-04,,,尚未映射到可回跳的知识库景点卡,,,1,CN-POOL-20260904-r0,MCT内容ID=97893；来源文件=content_4.json
CN-P-000150,c54a403d6df8ecb134872c979be09af7667d8b7e9f0d0c6ef5f1bd0d0a8c7927,上饶市婺源县江湾景区,,江西省,,,5A,A级景区,unknown,covered,5A级旅游景区,https://www.mct.gov.cn/tourism/#/list,API目录ID-4/2026-09-04,知识库数据/02-景点库-婺源.md,A016,,,,1,CN-POOL-20260904-r0,MCT内容ID=97894；来源文件=content_4.json
CN-P-000151,b4b11ae0b96a20e07603595f425ec88a8ae8d9746dbd74125cef747dfa016eef,景德镇市昌江区古窑民俗博览区,,江西省,,,5A,A级景区,unknown,pending,5A级旅游景区,https://www.mct.gov.cn/tourism/#/list,API目录ID-4/2026-09-04,,,尚未映射到可回跳的知识库景点卡,,,1,CN-POOL-20260904-r0,MCT内容ID=97895；来源文件=content_4.json
CN-P-000152,8733cf5c5ad50c077684df5e84a2e061989ee0a86f8fce28589cd0c6d1525edb,赣州市瑞金市共和国摇篮景区,,江西省,,,5A,A级景区,unknown,pending,5A级旅游景区,https://www.mct.gov.cn/tourism/#/list,API目录ID-4/2026-09-04,,,尚未映射到可回跳的知识库景点卡,,,1,CN-POOL-20260904-r0,MCT内容ID=97896；来源文件=content_4.json
CN-P-000153,646ee2d24a862ffae0a3923626f09623837a911efaa715c45d37d91d4aac8b9c,宜春市袁州区明月山旅游区,,江西省,,,5A,A级景区,unknown,pending,5A级旅游景区,https://www.mct.gov.cn/tourism/#/list,API目录ID-4/2026-09-04,,,尚未映射到可回跳的知识库景点卡,,,1,CN-POOL-20260904-r0,MCT内容ID=97897；来源文件=content_4.json
CN-P-000154,35b697f2e32355d398314419f4d6b99859e32aa0e0d791db8caed174f2a2d13d,抚州市资溪县大觉山景区,,江西省,,,5A,A级景区,unknown,pending,5A级旅游景区,https://www.mct.gov.cn/tourism/#/list,API目录ID-4/2026-09-04,,,尚未映射到可回跳的知识库景点卡,,,1,CN-POOL-20260904-r0,MCT内容ID=97898；来源文件=content_4.json
CN-P-000155,9a8854b85b587f661ec99162f51bb754c4f783dda1c0ccc26d9a94300f8abf1d,上饶市弋阳县龟峰景区,,江西省,,,5A,A级景区,unknown,pending,5A级旅游景区,https://www.mct.gov.cn/tourism/#/list,API目录ID-4/2026-09-04,,,尚未映射到可回跳的知识库景点卡,,,1,CN-POOL-20260904-r0,MCT内容ID=97899；来源文件=content_4.json
CN-P-000156,d58b424a0a5d0f6cc86f70eeb880b384ab0fc7e2c753ffc7444414e2480c7a83,南昌市东湖区滕王阁旅游区,,江西省,,,5A,A级景区,unknown,pending,5A级旅游景区,https://www.mct.gov.cn/tourism/#/list,API目录ID-4/2026-09-04,,,尚未映射到可回跳的知识库景点卡,,,1,CN-POOL-20260904-r0,MCT内容ID=97900；来源文件=content_4.json
CN-P-000157,dcbd72fd4f835ed1848bbd1a9a75ed5b7a592629e4ffa0d3f9ae131c34608643,萍乡市芦溪县萍乡武功山景区,,江西省,,,5A,A级景区,unknown,pending,5A级旅游景区,https://www.mct.gov.cn/tourism/#/list,API目录ID-4/2026-09-04,,,尚未映射到可回跳的知识库景点卡,,,1,CN-POOL-20260904-r0,MCT内容ID=97901；来源文件=content_4.json
CN-P-000158,f02d837328bee37130b71e5ee3717eb928554a47fd9d9a1f72496c8b7cb3a633,九江市永修县庐山西海景区,,江西省,,,5A,A级景区,unknown,pending,5A级旅游景区,https://www.mct.gov.cn/tourism/#/list,API目录ID-4/2026-09-04,,,尚未映射到可回跳的知识库景点卡,,,1,CN-POOL-20260904-r0,MCT内容ID=97902；来源文件=content_4.json
CN-P-000159,13b6336ac7ed6ae1d378ee481fccba85f32aad6c8c9ab90294b377ec2780e691,赣州市三百山景区,,江西省,,,5A,A级景区,unknown,pending,5A级旅游景区,https://www.mct.gov.cn/tourism/#/list,API目录ID-4/2026-09-04,,,尚未映射到可回跳的知识库景点卡,,,1,CN-POOL-20260904-r0,MCT内容ID=97903；来源文件=content_4.json
CN-P-000160,20c03a2446d796c16706cc1ffd210db589c5c0b9f6dbd493a17a50655b922ce2,上饶市篁岭景区,,江西省,,,5A,A级景区,unknown,covered,5A级旅游景区,https://www.mct.gov.cn/tourism/#/list,API目录ID-4/2026-09-04,知识库数据/02-景点库-婺源.md,A012,,,,1,CN-POOL-20260904-r0,MCT内容ID=97904；来源文件=content_4.json
CN-P-000161,544127974c769a45f9c335c526865394239186ab172c71bb318deed7d169873d,泰安市泰山景区,,山东省,,,5A,A级景区,unknown,pending,5A级旅游景区,https://www.mct.gov.cn/tourism/#/list,API目录ID-4/2026-09-04,,,尚未映射到可回跳的知识库景点卡,,,1,CN-POOL-20260904-r0,MCT内容ID=97905；来源文件=content_4.json
CN-P-000162,6e8091112c476506a943c3327a3817b61212c3cb1b57a899b6a7f42cf0a647b9,烟台市蓬莱阁-三仙山-八仙过海旅游区,,山东省,,,5A,A级景区,unknown,pending,5A级旅游景区,https://www.mct.gov.cn/tourism/#/list,API目录ID-4/2026-09-04,,,尚未映射到可回跳的知识库景点卡,,,1,CN-POOL-20260904-r0,MCT内容ID=97906；来源文件=content_4.json
CN-P-000163,7c9e72b0ca24f45c1b4df06aac8cdfc29fc3e2a7370b551399a20c8721fe1381,济宁市明故城三孔旅游区,,山东省,,,5A,A级景区,unknown,pending,5A级旅游景区,https://www.mct.gov.cn/tourism/#/list,API目录ID-4/2026-09-04,,,尚未映射到可回跳的知识库景点卡,,,1,CN-POOL-20260904-r0,MCT内容ID=97907；来源文件=content_4.json
CN-P-000164,c053b4b14cd383e2462b55c89ff1b52279c30e390ba27e1bbf0f8bfbe25c3020,青岛市崂山景区,,山东省,,,5A,A级景区,unknown,covered,5A级旅游景区,https://www.mct.gov.cn/tourism/#/list,API目录ID-4/2026-09-04,知识库数据/02-景点库-青岛.md,A213,,,,1,CN-POOL-20260904-r0,MCT内容ID=97908；来源文件=content_4.json
CN-P-000165,0f3491a919146edf7b33ee24069985038118f2c8e067cfebdd4cee05496f2b2b,威海市刘公岛景区,,山东省,,,5A,A级景区,unknown,pending,5A级旅游景区,https://www.mct.gov.cn/tourism/#/list,API目录ID-4/2026-09-04,,,尚未映射到可回跳的知识库景点卡,,,1,CN-POOL-20260904-r0,MCT内容ID=97909；来源文件=content_4.json
CN-P-000166,f15f9b9dabb4262292bd50c93c1d8e5c0b11fca401f6a22b5aca4e7f0fcfff3d,烟台市南山景区,,山东省,,,5A,A级景区,unknown,pending,5A级旅游景区,https://www.mct.gov.cn/tourism/#/list,API目录ID-4/2026-09-04,,,尚未映射到可回跳的知识库景点卡,,,1,CN-POOL-20260904-r0,MCT内容ID=97910；来源文件=content_4.json
CN-P-000167,9130c30668d005eea6aedfdb03db4a6ced034ca45c1be8e1c97da6e61c0df5f6,枣庄市台儿庄古城景区,,山东省,,,5A,A级景区,unknown,pending,5A级旅游景区,https://www.mct.gov.cn/tourism/#/list,API目录ID-4/2026-09-04,,,尚未映射到可回跳的知识库景点卡,,,1,CN-POOL-20260904-r0,MCT内容ID=97911；来源文件=content_4.json
CN-P-000168,4b6c4899b9115e0d3e322f051bc1758adc8e85e1b246f8f38b1c6f70174e6531,济南市天下第一泉景区,,山东省,,,5A,A级景区,unknown,pending,5A级旅游景区,https://www.mct.gov.cn/tourism/#/list,API目录ID-4/2026-09-04,,,尚未映射到可回跳的知识库景点卡,,,1,CN-POOL-20260904-r0,MCT内容ID=97912；来源文件=content_4.json
CN-P-000169,e333c32a2eeab7371254fd18ed333d4b41383b8ef16f60dfffe0d7dffc5c92be,沂蒙山旅游区,,山东省,,,5A,A级景区,unknown,pending,5A级旅游景区,https://www.mct.gov.cn/tourism/#/list,API目录ID-4/2026-09-04,,,尚未映射到可回跳的知识库景点卡,,,1,CN-POOL-20260904-r0,MCT内容ID=97913；来源文件=content_4.json
CN-P-000170,ae1c302dde3633ddef47aa8a703c33efff17c7279ecb96ba971d2bde18c6ab75,潍坊市青州古城景区,,山东省,,,5A,A级景区,unknown,pending,5A级旅游景区,https://www.mct.gov.cn/tourism/#/list,API目录ID-4/2026-09-04,,,尚未映射到可回跳的知识库景点卡,,,1,CN-POOL-20260904-r0,MCT内容ID=97914；来源文件=content_4.json
CN-P-000171,0657b56d0ff8a5319a4bdce65b5daf8722c2de6e4c66df73cd9e785e33752263,威海市威海华夏城景区,,山东省,,,5A,A级景区,unknown,pending,5A级旅游景区,https://www.mct.gov.cn/tourism/#/list,API目录ID-4/2026-09-04,,,尚未映射到可回跳的知识库景点卡,,,1,CN-POOL-20260904-r0,MCT内容ID=97915；来源文件=content_4.json
CN-P-000172,ccd45a83cdc28b46786f052d608996ba4a224092a7fcbee08b8e0c85bceaf00f,东营市黄河口生态旅游区,,山东省,,,5A,A级景区,unknown,pending,5A级旅游景区,https://www.mct.gov.cn/tourism/#/list,API目录ID-4/2026-09-04,,,尚未映射到可回跳的知识库景点卡,,,1,CN-POOL-20260904-r0,MCT内容ID=97916；来源文件=content_4.json
CN-P-000173,63e13e47a8182e3bced68170a000f1fe89af50c41525b57ee57ff617ef7bebb9,临沂市萤火虫水洞•地下大峡谷旅游区,,山东省,,,5A,A级景区,unknown,pending,5A级旅游景区,https://www.mct.gov.cn/tourism/#/list,API目录ID-4/2026-09-04,,,尚未映射到可回跳的知识库景点卡,,,1,CN-POOL-20260904-r0,MCT内容ID=97917；来源文件=content_4.json
CN-P-000174,29489828d18e914c0b8d2a4c41bfd11ccf0746697249ce126648faede86bab03,济宁市微山湖旅游区,,山东省,,,5A,A级景区,unknown,pending,5A级旅游景区,https://www.mct.gov.cn/tourism/#/list,API目录ID-4/2026-09-04,,,尚未映射到可回跳的知识库景点卡,,,1,CN-POOL-20260904-r0,MCT内容ID=97918；来源文件=content_4.json
CN-P-000175,c931499ad60c70dd45edc25479e0adb1c88f08b23f539a04ea81a601525a949b,青岛市奥帆海洋文化旅游区,,山东省,,,5A,A级景区,unknown,pending,5A级旅游景区,https://www.mct.gov.cn/tourism/#/list,API目录ID-4/2026-09-04,,,尚未映射到可回跳的知识库景点卡,,,1,CN-POOL-20260904-r0,MCT内容ID=97919；来源文件=content_4.json
CN-P-000176,cead541a12392ec3bfbd3cbb5b4010b6ffa4789f61a1b1df9008e1d611a843fa,淄博市周村古商城景区,,山东省,,,5A,A级景区,unknown,pending,5A级旅游景区,https://www.mct.gov.cn/tourism/#/list,API目录ID-4/2026-09-04,,,尚未映射到可回跳的知识库景点卡,,,1,CN-POOL-20260904-r0,MCT内容ID=97920；来源文件=content_4.json
CN-P-000177,fd87eb8029aeab1d5a091d7a4f53cd5cb726df2cc87629556e122d51a5965f9f,郑州市嵩山少林景区,,河南省,,,5A,A级景区,unknown,pending,5A级旅游景区,https://www.mct.gov.cn/tourism/#/list,API目录ID-4/2026-09-04,,,尚未映射到可回跳的知识库景点卡,,,1,CN-POOL-20260904-r0,MCT内容ID=97921；来源文件=content_4.json
CN-P-000178,8556302ead01545cef4fe42465b9bbfa4adc6e8b2b6cd55f708e7be496f3352c,洛阳市龙门石窟景区,,河南省,,,5A,A级景区,unknown,covered,5A级旅游景区,https://www.mct.gov.cn/tourism/#/list,API目录ID-4/2026-09-04,知识库数据/02-景点库-洛阳.md,A131,,,,1,CN-POOL-20260904-r0,MCT内容ID=97922；来源文件=content_4.json
CN-P-000179,db891af27da326e89487596b9f5d22b4d249d3ded7b48c7db13f6f9b56466298,焦作市云台山－神农山－青天河风景区,,河南省,,,5A,A级景区,unknown,pending,5A级旅游景区,https://www.mct.gov.cn/tourism/#/list,API目录ID-4/2026-09-04,,,尚未映射到可回跳的知识库景点卡,,,1,CN-POOL-20260904-r0,MCT内容ID=97923；来源文件=content_4.json
CN-P-000180,111fae73e6030ba9abd85a869a39b8dd3f0bdc183637d5e2d03b4a8383a3a944,安阳市殷墟景区,,河南省,,,5A,A级景区,unknown,pending,5A级旅游景区,https://www.mct.gov.cn/tourism/#/list,API目录ID-4/2026-09-04,,,尚未映射到可回跳的知识库景点卡,,,1,CN-POOL-20260904-r0,MCT内容ID=97924；来源文件=content_4.json
CN-P-000181,12b4c524c598c76449a7458c5ca04c6f8a4ae45a2969f0457459861c29be9d17,洛阳市白云山景区,,河南省,,,5A,A级景区,unknown,covered,5A级旅游景区,https://www.mct.gov.cn/tourism/#/list,API目录ID-4/2026-09-04,知识库数据/02-景点库-洛阳.md,A139,,,,1,CN-POOL-20260904-r0,MCT内容ID=97925；来源文件=content_4.json
CN-P-000182,df60e0e34b5612c5894d42b54f55db8eeb9be37576140f5ad881e205f9ffbb55,开封市清明上河园景区,,河南省,,,5A,A级景区,unknown,pending,5A级旅游景区,https://www.mct.gov.cn/tourism/#/list,API目录ID-4/2026-09-04,,,尚未映射到可回跳的知识库景点卡,,,1,CN-POOL-20260904-r0,MCT内容ID=97926；来源文件=content_4.json
CN-P-000183,2a7ae2bc5ca4c5af9bd6e9e7228d11b0ddb0200e65bc50e5900d39a32ef61388,平顶山市尧山－中原大佛景区,,河南省,,,5A,A级景区,unknown,pending,5A级旅游景区,https://www.mct.gov.cn/tourism/#/list,API目录ID-4/2026-09-04,,,尚未映射到可回跳的知识库景点卡,,,1,CN-POOL-20260904-r0,MCT内容ID=97927；来源文件=content_4.json
CN-P-000184,b95f7f90b7ec711ffd699412b227b14bfd1ce9420961271b055c5c6949995c86,洛阳市老君山－鸡冠洞旅游区,,河南省,,,5A,A级景区,unknown,pending,5A级旅游景区,https://www.mct.gov.cn/tourism/#/list,API目录ID-4/2026-09-04,,,尚未映射到可回跳的知识库景点卡,,,1,CN-POOL-20260904-r0,MCT内容ID=97928；来源文件=content_4.json
CN-P-000185,6fbc058ff547fbf996d4d4044d908784370f30de259e60d7d98026f8cdb5a555,洛阳市龙潭大峡谷景区,,河南省,,,5A,A级景区,unknown,covered,5A级旅游景区,https://www.mct.gov.cn/tourism/#/list,API目录ID-4/2026-09-04,知识库数据/02-景点库-洛阳.md,A140,,,,1,CN-POOL-20260904-r0,MCT内容ID=97929；来源文件=content_4.json
CN-P-000186,3ffb5532145bf75e5359191a4e4f4e7b8ead13fc884be28d7f5e2d798c908b68,南阳市西峡恐龙遗迹园-伏牛山-老界岭旅游区,,河南省,,,5A,A级景区,unknown,pending,5A级旅游景区,https://www.mct.gov.cn/tourism/#/list,API目录ID-4/2026-09-04,,,尚未映射到可回跳的知识库景点卡,,,1,CN-POOL-20260904-r0,MCT内容ID=97930；来源文件=content_4.json
CN-P-000187,1abd9f489a2697c24e6f16c24edd1b67559002c61db12cb78d2647413f2230d8,驻马店市嵖岈山旅游景区,,河南省,,,5A,A级景区,unknown,pending,5A级旅游景区,https://www.mct.gov.cn/tourism/#/list,API目录ID-4/2026-09-04,,,尚未映射到可回跳的知识库景点卡,,,1,CN-POOL-20260904-r0,MCT内容ID=97931；来源文件=content_4.json
CN-P-000188,e2a41714fd1cb51d38ee24fa24c01dd01297f3fb06c04063d4feb72212f04e56,安阳市红旗渠－太行大峡谷旅游景区,,河南省,,,5A,A级景区,unknown,pending,5A级旅游景区,https://www.mct.gov.cn/tourism/#/list,API目录ID-4/2026-09-04,,,尚未映射到可回跳的知识库景点卡,,,1,CN-POOL-20260904-r0,MCT内容ID=97932；来源文件=content_4.json
CN-P-000189,c5450308d3b4860eb8378c41ec9da3f144d0c7281bdb7627fcf54b08cce57a5b,商丘市芒砀山汉文化旅游景区,,河南省,,,5A,A级景区,unknown,pending,5A级旅游景区,https://www.mct.gov.cn/tourism/#/list,API目录ID-4/2026-09-04,,,尚未映射到可回跳的知识库景点卡,,,1,CN-POOL-20260904-r0,MCT内容ID=97933；来源文件=content_4.json
CN-P-000190,7c7fbb92e2009f226a3df1b897a2fed478a10bd06c58ddb376f71acdd74be45f,新乡市八里沟景区,,河南省,,,5A,A级景区,unknown,pending,5A级旅游景区,https://www.mct.gov.cn/tourism/#/list,API目录ID-4/2026-09-04,,,尚未映射到可回跳的知识库景点卡,,,1,CN-POOL-20260904-r0,MCT内容ID=97934；来源文件=content_4.json
CN-P-000191,1e80078a56fbbd7ed3160f42ee72b547daac0250ba967197b4d6fd0f0e890d5c,信阳市鸡公山景区,,河南省,,,5A,A级景区,unknown,pending,5A级旅游景区,https://www.mct.gov.cn/tourism/#/list,API目录ID-4/2026-09-04,,,尚未映射到可回跳的知识库景点卡,,,1,CN-POOL-20260904-r0,MCT内容ID=97935；来源文件=content_4.json
CN-P-000192,c99997dfa0f5f8d98bb32356e43b04b766f7f08b38a95e028af8d2a7d15d4613,周口市太昊伏羲陵文化旅游区,,河南省,,,5A,A级景区,unknown,pending,5A级旅游景区,https://www.mct.gov.cn/tourism/#/list,API目录ID-4/2026-09-04,,,尚未映射到可回跳的知识库景点卡,,,1,CN-POOL-20260904-r0,MCT内容ID=97936；来源文件=content_4.json
CN-P-000193,a9bad512bcb473002ace56c3fbfea8fb6ad3127014ecbe26ef68d40d2de03762,新乡市宝泉旅游区,,河南省,,,5A,A级景区,unknown,pending,5A级旅游景区,https://www.mct.gov.cn/tourism/#/list,API目录ID-4/2026-09-04,,,尚未映射到可回跳的知识库景点卡,,,1,CN-POOL-20260904-r0,MCT内容ID=97937；来源文件=content_4.json
CN-P-000194,ff3dc100e7bfbb4ede4f00444940f3840a72325b99ba99964094e9a15ee1560c,武汉市黄鹤楼公园,,湖北省,,,5A,A级景区,unknown,covered,5A级旅游景区,https://www.mct.gov.cn/tourism/#/list,API目录ID-4/2026-09-04,知识库数据/02-景点库-武汉.md,A221,,,,1,CN-POOL-20260904-r0,MCT内容ID=97938；来源文件=content_4.json
CN-P-000195,ee15e2df81b4d495aacdddb88dc6901b9c4c2b91fa9e4a1dc4240754f494032f,宜昌市三峡大坝－屈原故里文化旅游区,,湖北省,,,5A,A级景区,unknown,pending,5A级旅游景区,https://www.mct.gov.cn/tourism/#/list,API目录ID-4/2026-09-04,,,尚未映射到可回跳的知识库景点卡,,,1,CN-POOL-20260904-r0,MCT内容ID=97939；来源文件=content_4.json
CN-P-000196,2a2ecd462571c2fd30368241a8ae372d6c72a773fe38417ec40d7a7c672b1f94,宜昌市三峡人家风景区,,湖北省,,,5A,A级景区,unknown,pending,5A级旅游景区,https://www.mct.gov.cn/tourism/#/list,API目录ID-4/2026-09-04,,,尚未映射到可回跳的知识库景点卡,,,1,CN-POOL-20260904-r0,MCT内容ID=97940；来源文件=content_4.json
CN-P-000197,a414df084cb45f2e88e7739bcb13b87d4fa2f83887969542e25700cb266bd1f8,十堰市武当山风景区,,湖北省,,,5A,A级景区,unknown,pending,5A级旅游景区,https://www.mct.gov.cn/tourism/#/list,API目录ID-4/2026-09-04,,,尚未映射到可回跳的知识库景点卡,,,1,CN-POOL-20260904-r0,MCT内容ID=97941；来源文件=content_4.json
CN-P-000198,6ceff8c59ada8771f0745692a96406b959acad5e3d271684183d66a42992ebe8,恩施州神农溪纤夫文化旅游区,,湖北省,,,5A,A级景区,unknown,pending,5A级旅游景区,https://www.mct.gov.cn/tourism/#/list,API目录ID-4/2026-09-04,,,尚未映射到可回跳的知识库景点卡,,,1,CN-POOL-20260904-r0,MCT内容ID=97942；来源文件=content_4.json
CN-P-000199,bef7917c2b6dedd283e06ec128c2048752aa5d360ff3ccf4b73416e8b11ee1c4,神农架生态旅游区,,湖北省,,,5A,A级景区,unknown,pending,5A级旅游景区,https://www.mct.gov.cn/tourism/#/list,API目录ID-4/2026-09-04,,,尚未映射到可回跳的知识库景点卡,,,1,CN-POOL-20260904-r0,MCT内容ID=97943；来源文件=content_4.json
CN-P-000200,59b8aab73297658e757b85b4351a217ced6659158d24e1a35fdae96a450b3e68,宜昌市清江画廊景区,,湖北省,,,5A,A级景区,unknown,pending,5A级旅游景区,https://www.mct.gov.cn/tourism/#/list,API目录ID-4/2026-09-04,,,尚未映射到可回跳的知识库景点卡,,,1,CN-POOL-20260904-r0,MCT内容ID=97944；来源文件=content_4.json
CN-P-000201,9d80336a54a03916fe68c440c9b076112a31efcd74a05d826553a6d5dc89a2d9,湖北省武汉市东湖景区,,湖北省,,,5A,A级景区,unknown,covered,5A级旅游景区,https://www.mct.gov.cn/tourism/#/list,API目录ID-4/2026-09-04,知识库数据/02-景点库-武汉.md,A223,,,,1,CN-POOL-20260904-r0,MCT内容ID=97945；来源文件=content_4.json
CN-P-000202,c18904110809bc311078aeda0cd87e3d2e0e71bdee0bcc43d4d0ac6af57d4fd7,武汉市木兰文化生态旅游区,,湖北省,,,5A,A级景区,unknown,pending,5A级旅游景区,https://www.mct.gov.cn/tourism/#/list,API目录ID-4/2026-09-04,,,尚未映射到可回跳的知识库景点卡,,,1,CN-POOL-20260904-r0,MCT内容ID=97946；来源文件=content_4.json
CN-P-000203,04be6dd10ed53e5f3fa0038ad45dd38b9066c590913d31112b84ec342a24e206,恩施州恩施大峡谷景区,,湖北省,,,5A,A级景区,unknown,pending,5A级旅游景区,https://www.mct.gov.cn/tourism/#/list,API目录ID-4/2026-09-04,,,尚未映射到可回跳的知识库景点卡,,,1,CN-POOL-20260904-r0,MCT内容ID=97947；来源文件=content_4.json
CN-P-000204,a07d522544af091e33830762d83977a1751147909a2af549652272baf662ce65,咸宁市三国赤壁古战场景区,,湖北省,,,5A,A级景区,unknown,pending,5A级旅游景区,https://www.mct.gov.cn/tourism/#/list,API目录ID-4/2026-09-04,,,尚未映射到可回跳的知识库景点卡,,,1,CN-POOL-20260904-r0,MCT内容ID=97948；来源文件=content_4.json
CN-P-000205,793b8a74f83ce191ebc32e0429e73cc7fc3684a96be308ae44fb06ccf2335067,襄阳市古隆中景区,,湖北省,,,5A,A级景区,unknown,pending,5A级旅游景区,https://www.mct.gov.cn/tourism/#/list,API目录ID-4/2026-09-04,,,尚未映射到可回跳的知识库景点卡,,,1,CN-POOL-20260904-r0,MCT内容ID=97949；来源文件=content_4.json
CN-P-000206,c86415ac376fcfae97763ed5ea861e7eab2d7c512905d4cccb9992d61e902a7b,恩施州腾龙洞景区,,湖北省,,,5A,A级景区,unknown,pending,5A级旅游景区,https://www.mct.gov.cn/tourism/#/list,API目录ID-4/2026-09-04,,,尚未映射到可回跳的知识库景点卡,,,1,CN-POOL-20260904-r0,MCT内容ID=97950；来源文件=content_4.json
CN-P-000207,6b5666efb98e93d1ecdf7f7d325fd17d4fb8e44cdbda0e938539d4f1c3dd4c40,宜昌市三峡大瀑布景区,,湖北省,,,5A,A级景区,unknown,pending,5A级旅游景区,https://www.mct.gov.cn/tourism/#/list,API目录ID-4/2026-09-04,,,尚未映射到可回跳的知识库景点卡,,,1,CN-POOL-20260904-r0,MCT内容ID=97951；来源文件=content_4.json
CN-P-000208,4fa89cca1451d94adfa8e0eb955f7692d838456d3f79716d929771ff71a5ad07,荆门市明显陵文化旅游景区,,湖北省,,,5A,A级景区,unknown,pending,5A级旅游景区,https://www.mct.gov.cn/tourism/#/list,API目录ID-4/2026-09-04,,,尚未映射到可回跳的知识库景点卡,,,1,CN-POOL-20260904-r0,MCT内容ID=97952；来源文件=content_4.json
CN-P-000209,a0ca1f5a225a27f9d648b86c1808b0bbbe7e753f40910330d3077a685beec8a7,黄冈市麻城龟峰山景区,,湖北省,,,5A,A级景区,unknown,pending,5A级旅游景区,https://www.mct.gov.cn/tourism/#/list,API目录ID-4/2026-09-04,,,尚未映射到可回跳的知识库景点卡,,,1,CN-POOL-20260904-r0,MCT内容ID=97953；来源文件=content_4.json
CN-P-000210,a222a62e5fcc79c40468b0b17a989bc0fd0bce454dda07726580c171d91d2d3b,张家界市武陵源－天门山旅游区,,湖南省,,,5A,A级景区,unknown,pending,5A级旅游景区,https://www.mct.gov.cn/tourism/#/list,API目录ID-4/2026-09-04,,,尚未映射到可回跳的知识库景点卡,,,1,CN-POOL-20260904-r0,MCT内容ID=97954；来源文件=content_4.json
CN-P-000211,1f65bf869a475d2643b92f13a41a850cef73130fd8237b89b75b6b4f81a2388f,衡阳市衡山旅游区,,湖南省,,,5A,A级景区,unknown,pending,5A级旅游景区,https://www.mct.gov.cn/tourism/#/list,API目录ID-4/2026-09-04,,,尚未映射到可回跳的知识库景点卡,,,1,CN-POOL-20260904-r0,MCT内容ID=97955；来源文件=content_4.json
CN-P-000212,7126e7d51cee29f1fe74c13805b296265b9de9dbfecc74f8152336c202bf2ebb,湘潭市韶山旅游区,,湖南省,,,5A,A级景区,unknown,pending,5A级旅游景区,https://www.mct.gov.cn/tourism/#/list,API目录ID-4/2026-09-04,,,尚未映射到可回跳的知识库景点卡,,,1,CN-POOL-20260904-r0,MCT内容ID=97956；来源文件=content_4.json
CN-P-000213,6b82230be5b4b73df259d43169dda1da3934f3da389d0272aee4ee34bebde907,岳阳市岳阳楼－君山岛景区,,湖南省,,,5A,A级景区,unknown,pending,5A级旅游景区,https://www.mct.gov.cn/tourism/#/list,API目录ID-4/2026-09-04,,,尚未映射到可回跳的知识库景点卡,,,1,CN-POOL-20260904-r0,MCT内容ID=97957；来源文件=content_4.json
CN-P-000214,b6e2978f2f99ced37d23f7eaf1c4b819bc13c7d231ef880448c0bff0fd64e81f,长沙市岳麓山-橘子洲旅游区,,湖南省,,,5A,A级景区,unknown,pending,5A级旅游景区,https://www.mct.gov.cn/tourism/#/list,API目录ID-4/2026-09-04,,,尚未映射到可回跳的知识库景点卡,,,1,CN-POOL-20260904-r0,MCT内容ID=97958；来源文件=content_4.json
CN-P-000215,6a6457c341181af4eae2971ad0f0eaa5b21bfeafab1bfea284ba33a57d28061d,长沙市花明楼景区,,湖南省,,,5A,A级景区,unknown,pending,5A级旅游景区,https://www.mct.gov.cn/tourism/#/list,API目录ID-4/2026-09-04,,,尚未映射到可回跳的知识库景点卡,,,1,CN-POOL-20260904-r0,MCT内容ID=97959；来源文件=content_4.json
CN-P-000216,2ee00070db1d748592772fca48765fe4978689d6867c39651b2b5ecf9d2cc77e,郴州市东江湖旅游区,,湖南省,,,5A,A级景区,unknown,pending,5A级旅游景区,https://www.mct.gov.cn/tourism/#/list,API目录ID-4/2026-09-04,,,尚未映射到可回跳的知识库景点卡,,,1,CN-POOL-20260904-r0,MCT内容ID=97960；来源文件=content_4.json
CN-P-000217,d455bd626960104c490c2dc74742786a361180fbc959a09b10ad64173dd7496f,邵阳市崀山景区,,湖南省,,,5A,A级景区,unknown,pending,5A级旅游景区,https://www.mct.gov.cn/tourism/#/list,API目录ID-4/2026-09-04,,,尚未映射到可回跳的知识库景点卡,,,1,CN-POOL-20260904-r0,MCT内容ID=97961；来源文件=content_4.json
CN-P-000218,2866039af0b6bc7292bfd72f7588e3a6ced89553f28555dfae18e475be579e40,株洲市炎帝陵景区,,湖南省,,,5A,A级景区,unknown,pending,5A级旅游景区,https://www.mct.gov.cn/tourism/#/list,API目录ID-4/2026-09-04,,,尚未映射到可回跳的知识库景点卡,,,1,CN-POOL-20260904-r0,MCT内容ID=97962；来源文件=content_4.json
CN-P-000219,9d7c0b29b24db7d85068ef3260ef062ee2e3f2b99657f9d044b416156e65d08d,常德市桃花源旅游区,,湖南省,,,5A,A级景区,unknown,pending,5A级旅游景区,https://www.mct.gov.cn/tourism/#/list,API目录ID-4/2026-09-04,,,尚未映射到可回跳的知识库景点卡,,,1,CN-POOL-20260904-r0,MCT内容ID=97963；来源文件=content_4.json
CN-P-000220,6966e24acc6fdba8a52028b8accad99aa8c84dc58964e6270a769a01c03604fc,湘西州吉首市矮寨•十八洞•德夯大峡谷景区,,湖南省,,,5A,A级景区,unknown,pending,5A级旅游景区,https://www.mct.gov.cn/tourism/#/list,API目录ID-4/2026-09-04,,,尚未映射到可回跳的知识库景点卡,,,1,CN-POOL-20260904-r0,MCT内容ID=97964；来源文件=content_4.json
CN-P-000221,593ce4f45a08cf93974685018b49164f46ae60d4512f9f593ea94645745dce59,湘西州凤凰古城旅游区,,湖南省,,,5A,A级景区,unknown,covered,5A级旅游景区,https://www.mct.gov.cn/tourism/#/list,API目录ID-4/2026-09-04,知识库数据/02-景点库-张家界.md,A146,,,,1,CN-POOL-20260904-r0,MCT内容ID=97965；来源文件=content_4.json
CN-P-000222,2ba8e4db5c83b037786bc8ae9017d96e51c8aeace0df7864a967688c492f2d4a,广州市番禺区长隆旅游度假区,,广东省,,,5A,A级景区,unknown,covered,5A级旅游景区,https://www.mct.gov.cn/tourism/#/list,API目录ID-4/2026-09-04,知识库数据/02-景点库-广州.md,A256,,,,1,CN-POOL-20260904-r0,MCT内容ID=97966；来源文件=content_4.json
CN-P-000223,f2f2382451111ef272c9cd82e91e1e675de6f01a490968feeaabb83fcfd46ee0,深圳市南山区华侨城旅游度假区,,广东省,,,5A,A级景区,unknown,pending,5A级旅游景区,https://www.mct.gov.cn/tourism/#/list,API目录ID-4/2026-09-04,,,尚未映射到可回跳的知识库景点卡,,,1,CN-POOL-20260904-r0,MCT内容ID=97967；来源文件=content_4.json
CN-P-000224,85a7ecc06a89da8aa63342adccc0cb1dc184f58c1500bb831a586a6ce66c7a2b,广州市白云区白云山景区,,广东省,,,5A,A级景区,unknown,covered,5A级旅游景区,https://www.mct.gov.cn/tourism/#/list,API目录ID-4/2026-09-04,知识库数据/02-景点库-广州.md,A258,,,,1,CN-POOL-20260904-r0,MCT内容ID=97968；来源文件=content_4.json
CN-P-000225,98ed86da1e44ff6fdfe2bbd158bd5f4f0e06a513c3aba3a11320111232d99883,梅州市梅县区雁南飞茶田景区,,广东省,,,5A,A级景区,unknown,pending,5A级旅游景区,https://www.mct.gov.cn/tourism/#/list,API目录ID-4/2026-09-04,,,尚未映射到可回跳的知识库景点卡,,,1,CN-POOL-20260904-r0,MCT内容ID=97969；来源文件=content_4.json
CN-P-000226,a228a90ff89d137e0042a7acdd1d878611fc4d3ea315ccbedb64bb65aaa9055f,深圳市龙华区观澜湖休闲旅游区,,广东省,,,5A,A级景区,unknown,pending,5A级旅游景区,https://www.mct.gov.cn/tourism/#/list,API目录ID-4/2026-09-04,,,尚未映射到可回跳的知识库景点卡,,,1,CN-POOL-20260904-r0,MCT内容ID=97970；来源文件=content_4.json
CN-P-000227,8d2794714a65bfbdca1ab23db06e655aa938be05ae353561a0113e2e3a7ca195,清远市连州市地下河旅游景区,,广东省,,,5A,A级景区,unknown,pending,5A级旅游景区,https://www.mct.gov.cn/tourism/#/list,API目录ID-4/2026-09-04,,,尚未映射到可回跳的知识库景点卡,,,1,CN-POOL-20260904-r0,MCT内容ID=97971；来源文件=content_4.json
CN-P-000228,b9aa5c543beba8bc5f74f3e63eecffa5905ca3bb0d7d9d9286e7ff75856c1b9d,韶关市仁化县丹霞山景区,,广东省,,,5A,A级景区,unknown,pending,5A级旅游景区,https://www.mct.gov.cn/tourism/#/list,API目录ID-4/2026-09-04,,,尚未映射到可回跳的知识库景点卡,,,1,CN-POOL-20260904-r0,MCT内容ID=97972；来源文件=content_4.json
CN-P-000229,9552665ccf21609002982a9c073bfae8431495f729000beac3fb1de49fff9c87,佛山市南海区西樵山景区,,广东省,,,5A,A级景区,unknown,pending,5A级旅游景区,https://www.mct.gov.cn/tourism/#/list,API目录ID-4/2026-09-04,,,尚未映射到可回跳的知识库景点卡,,,1,CN-POOL-20260904-r0,MCT内容ID=97973；来源文件=content_4.json
CN-P-000230,35e605b91a2b0af24bfc12da87371dd04463c89171411cdebc813bf44f907baa,惠州市博罗县罗浮山景区,,广东省,,,5A,A级景区,unknown,pending,5A级旅游景区,https://www.mct.gov.cn/tourism/#/list,API目录ID-4/2026-09-04,,,尚未映射到可回跳的知识库景点卡,,,1,CN-POOL-20260904-r0,MCT内容ID=97974；来源文件=content_4.json
CN-P-000231,132cd1d42860f935d311508b593c936fb5d1bfc09cd76d4ee22437e96b27fdd9,佛山市顺德区长鹿旅游休博园,,广东省,,,5A,A级景区,unknown,pending,5A级旅游景区,https://www.mct.gov.cn/tourism/#/list,API目录ID-4/2026-09-04,,,尚未映射到可回跳的知识库景点卡,,,1,CN-POOL-20260904-r0,MCT内容ID=97975；来源文件=content_4.json
CN-P-000232,e21a7e980025268d5991eee51b0d13e93681a431f2f1d8162eb03ea2fc78b7bc,阳江市江城区海陵岛大角湾海上丝路旅游区,,广东省,,,5A,A级景区,unknown,pending,5A级旅游景区,https://www.mct.gov.cn/tourism/#/list,API目录ID-4/2026-09-04,,,尚未映射到可回跳的知识库景点卡,,,1,CN-POOL-20260904-r0,MCT内容ID=97976；来源文件=content_4.json
CN-P-000233,69c159c52ca0ea93181a2f77b34cb8032dd5b4ffb9fd3fdcd409a6011ce6b01a,中山市孙中山故里旅游区,,广东省,,,5A,A级景区,unknown,pending,5A级旅游景区,https://www.mct.gov.cn/tourism/#/list,API目录ID-4/2026-09-04,,,尚未映射到可回跳的知识库景点卡,,,1,CN-POOL-20260904-r0,MCT内容ID=97977；来源文件=content_4.json
CN-P-000234,1dc53f22e35bea35ead748fde76f2a0fea0206137ccd0a192d0e5e302e8eeaee,惠州市惠城区惠州西湖旅游景区,,广东省,,,5A,A级景区,unknown,pending,5A级旅游景区,https://www.mct.gov.cn/tourism/#/list,API目录ID-4/2026-09-04,,,尚未映射到可回跳的知识库景点卡,,,1,CN-POOL-20260904-r0,MCT内容ID=97978；来源文件=content_4.json
CN-P-000235,941ec91afb2871c07fcd7e4931ace8791ba5f87ecd3b196b5ebe09ca22b306d9,肇庆市端州区星湖旅游景区,,广东省,,,5A,A级景区,unknown,pending,5A级旅游景区,https://www.mct.gov.cn/tourism/#/list,API目录ID-4/2026-09-04,,,尚未映射到可回跳的知识库景点卡,,,1,CN-POOL-20260904-r0,MCT内容ID=97979；来源文件=content_4.json
CN-P-000236,c76430d1b87c28d4a829560692db6f8b2082a3f3307230951b424559b11248f4,江门市开平市开平碉楼文化旅游区,,广东省,,,5A,A级景区,unknown,pending,5A级旅游景区,https://www.mct.gov.cn/tourism/#/list,API目录ID-4/2026-09-04,,,尚未映射到可回跳的知识库景点卡,,,1,CN-POOL-20260904-r0,MCT内容ID=97980；来源文件=content_4.json
CN-P-000237,beb2b15d23c0e26eeb04c51b674e9045d5b900cb4b3d35e080da0da9056d3273,河源市万绿湖风景区,,广东省,,,5A,A级景区,unknown,pending,5A级旅游景区,https://www.mct.gov.cn/tourism/#/list,API目录ID-4/2026-09-04,,,尚未映射到可回跳的知识库景点卡,,,1,CN-POOL-20260904-r0,MCT内容ID=97981；来源文件=content_4.json
CN-P-000238,187896a3a8d64a66ac2e35790720a5d68efc92b61d17b3ff6608beab174aea60,桂林市漓江风景区,,广西壮族自治区,,,5A,A级景区,unknown,covered,5A级旅游景区,https://www.mct.gov.cn/tourism/#/list,API目录ID-4/2026-09-04,知识库数据/02-景点库-桂林.md,A161,,,,1,CN-POOL-20260904-r0,MCT内容ID=97982；来源文件=content_4.json
CN-P-000239,2109a7cd02604b13db77824c6f7822d997681a1b3a19caea87aa8b91c767951b,桂林市独秀峰•靖江王城景区,,广西壮族自治区,,,5A,A级景区,unknown,covered,5A级旅游景区,https://www.mct.gov.cn/tourism/#/list,API目录ID-4/2026-09-04,知识库数据/02-景点库-桂林.md,A169,,,,1,CN-POOL-20260904-r0,MCT内容ID=97983；来源文件=content_4.json
CN-P-000240,a3c437c985b44ea50d46665de0ad4562800d359589f6abca485a4225eaff86a0,南宁市青秀山风景名胜旅游区,,广西壮族自治区,,,5A,A级景区,unknown,pending,5A级旅游景区,https://www.mct.gov.cn/tourism/#/list,API目录ID-4/2026-09-04,,,尚未映射到可回跳的知识库景点卡,,,1,CN-POOL-20260904-r0,MCT内容ID=97984；来源文件=content_4.json
CN-P-000241,913539628ef3938e9e687d3e38d3d2c6e2fc82b8ccdbb4b0f0ba5f4a1c85f38b,桂林市两江四湖•象山景区,,广西壮族自治区,,,5A,A级景区,unknown,pending,5A级旅游景区,https://www.mct.gov.cn/tourism/#/list,API目录ID-4/2026-09-04,,,尚未映射到可回跳的知识库景点卡,,,1,CN-POOL-20260904-r0,MCT内容ID=97985；来源文件=content_4.json
CN-P-000242,259789da16128264e0bc5273b3b9f397589ca2ddf3fb05c30337fa2177176e8a,崇左市德天跨国瀑布景区,,广西壮族自治区,,,5A,A级景区,unknown,pending,5A级旅游景区,https://www.mct.gov.cn/tourism/#/list,API目录ID-4/2026-09-04,,,尚未映射到可回跳的知识库景点卡,,,1,CN-POOL-20260904-r0,MCT内容ID=97986；来源文件=content_4.json
CN-P-000243,9107c817f31f6f42a3f105b0e166dca672b6a8fc2af977ac9f2945ac62b4fb18,百色市百色起义纪念园景区,,广西壮族自治区,,,5A,A级景区,unknown,pending,5A级旅游景区,https://www.mct.gov.cn/tourism/#/list,API目录ID-4/2026-09-04,,,尚未映射到可回跳的知识库景点卡,,,1,CN-POOL-20260904-r0,MCT内容ID=97987；来源文件=content_4.json
CN-P-000244,a0965ab57f1eb0a94e379f0bd076cdef66a3f565ad63c40bd35b62ebb77ecfc2,北海市涠洲岛南湾鳄鱼山景区,,广西壮族自治区,,,5A,A级景区,unknown,pending,5A级旅游景区,https://www.mct.gov.cn/tourism/#/list,API目录ID-4/2026-09-04,,,尚未映射到可回跳的知识库景点卡,,,1,CN-POOL-20260904-r0,MCT内容ID=97988；来源文件=content_4.json
CN-P-000245,2b8ef09475ab752f4119b9e75f12ded6e0f075a4cb8da8073be148de0e6563fe,贺州市黄姚古镇景区,,广西壮族自治区,,,5A,A级景区,unknown,pending,5A级旅游景区,https://www.mct.gov.cn/tourism/#/list,API目录ID-4/2026-09-04,,,尚未映射到可回跳的知识库景点卡,,,1,CN-POOL-20260904-r0,MCT内容ID=97989；来源文件=content_4.json
CN-P-000246,a50a0bf6ba203de676809e945c7c8494c220d7377feab32ecb2f3f7b65692dec,柳州市程阳八寨景区,,广西壮族自治区,,,5A,A级景区,unknown,pending,5A级旅游景区,https://www.mct.gov.cn/tourism/#/list,API目录ID-4/2026-09-04,,,尚未映射到可回跳的知识库景点卡,,,1,CN-POOL-20260904-r0,MCT内容ID=97990；来源文件=content_4.json
CN-P-000247,cafa75a7967e112bb409007ace0ecc6795f0dad88e58c91b4f478f7013003d9c,崇左市花山岩画景区,,广西壮族自治区,,,5A,A级景区,unknown,pending,5A级旅游景区,https://www.mct.gov.cn/tourism/#/list,API目录ID-4/2026-09-04,,,尚未映射到可回跳的知识库景点卡,,,1,CN-POOL-20260904-r0,MCT内容ID=97991；来源文件=content_4.json
CN-P-000248,9d5bf5d2414097f874f9d86476a34d4db939e306db8bb75623ff35a5f2ef16c7,三亚市南山文化旅游区,,海南省,,,5A,A级景区,unknown,covered,5A级旅游景区,https://www.mct.gov.cn/tourism/#/list,API目录ID-4/2026-09-04,知识库数据/02-景点库-三亚.md,A204,,,,1,CN-POOL-20260904-r0,MCT内容ID=97992；来源文件=content_4.json
CN-P-000249,35236d475d89dc0ad1e2fcfd1eef1bab25010f40bbab3011fcb07a501efbf492,三亚市南山大小洞天旅游区,,海南省,,,5A,A级景区,unknown,covered,5A级旅游景区,https://www.mct.gov.cn/tourism/#/list,API目录ID-4/2026-09-04,知识库数据/02-景点库-三亚.md,A207,,,,1,CN-POOL-20260904-r0,MCT内容ID=97993；来源文件=content_4.json
CN-P-000250,1be383e2bc3c1d6be8970b30e9a5eac56caf323c2fa61fbcd01787cedc7a78d9,保亭县呀诺达雨林文化旅游区,,海南省,,,5A,A级景区,unknown,pending,5A级旅游景区,https://www.mct.gov.cn/tourism/#/list,API目录ID-4/2026-09-04,,,尚未映射到可回跳的知识库景点卡,,,1,CN-POOL-20260904-r0,MCT内容ID=97994；来源文件=content_4.json
CN-P-000251,46e9713cfacf7ff48029c119bb75a5558bd1b1fb5043f74e8dd78e7f9fcaa2f5,陵水县分界洲岛旅游区,,海南省,,,5A,A级景区,unknown,pending,5A级旅游景区,https://www.mct.gov.cn/tourism/#/list,API目录ID-4/2026-09-04,,,尚未映射到可回跳的知识库景点卡,,,1,CN-POOL-20260904-r0,MCT内容ID=97995；来源文件=content_4.json
CN-P-000252,6a3834a62e8d3d0d4357211c1688f5870527b9a1393c1ac5e97845f6d98f1e79,保亭县海南槟榔谷黎苗文化旅游区,,海南省,,,5A,A级景区,unknown,pending,5A级旅游景区,https://www.mct.gov.cn/tourism/#/list,API目录ID-4/2026-09-04,,,尚未映射到可回跳的知识库景点卡,,,1,CN-POOL-20260904-r0,MCT内容ID=97996；来源文件=content_4.json
CN-P-000253,42b23282441aea3ecc6b09ee32d9dd0d3e2abbc390d4e8b58909934b3263f73a,三亚市蜈支洲岛旅游区,,海南省,,,5A,A级景区,unknown,covered,5A级旅游景区,https://www.mct.gov.cn/tourism/#/list,API目录ID-4/2026-09-04,知识库数据/02-景点库-三亚.md,A202,,,,1,CN-POOL-20260904-r0,MCT内容ID=97997；来源文件=content_4.json
CN-P-000254,7e235763b09114711eb83edd33d8a316288e71bd6351acd80fc69301e1b90636,三亚市天涯海角游览区,,海南省,,,5A,A级景区,unknown,covered,5A级旅游景区,https://www.mct.gov.cn/tourism/#/list,API目录ID-4/2026-09-04,知识库数据/02-景点库-三亚.md,A203,,,,1,CN-POOL-20260904-r0,MCT内容ID=97998；来源文件=content_4.json
CN-P-000255,8990021ec995ec80d003c3f599e48e8407db985acd240130a02c90f868b069ba,大足石刻景区,,重庆市,,,5A,A级景区,unknown,pending,5A级旅游景区,https://www.mct.gov.cn/tourism/#/list,API目录ID-4/2026-09-04,,,尚未映射到可回跳的知识库景点卡,,,1,CN-POOL-20260904-r0,MCT内容ID=97999；来源文件=content_4.json
CN-P-000256,49160a0488955caa00e7ff971636f0569bfcabe03ab9534cda4880dbfd205e01,小三峡－小小三峡旅游区,,重庆市,,,5A,A级景区,unknown,pending,5A级旅游景区,https://www.mct.gov.cn/tourism/#/list,API目录ID-4/2026-09-04,,,尚未映射到可回跳的知识库景点卡,,,1,CN-POOL-20260904-r0,MCT内容ID=98000；来源文件=content_4.json
CN-P-000257,f38811f38d4185a32e9a812199b29763c18281e8974813d2cbadc0cf878027f6,喀斯特旅游区,,重庆市,,,5A,A级景区,unknown,covered,5A级旅游景区,https://www.mct.gov.cn/tourism/#/list,API目录ID-4/2026-09-04,知识库数据/02-景点库-重庆.md,A305,,,,1,CN-POOL-20260904-r0,MCT内容ID=98001；来源文件=content_4.json
CN-P-000258,ed921c72cd294ded828b4ed26ea3c7fb2916b71dec413a33dc6b09ef6d71aecf,桃花源旅游景区,,重庆市,,,5A,A级景区,unknown,pending,5A级旅游景区,https://www.mct.gov.cn/tourism/#/list,API目录ID-4/2026-09-04,,,尚未映射到可回跳的知识库景点卡,,,1,CN-POOL-20260904-r0,MCT内容ID=98002；来源文件=content_4.json
CN-P-000259,61d9f6da7cbb40842c585d8ca82bb2d2fd11cf0bd4a02bb28d0500b675110965,万盛黑山谷-龙鳞石海风景区,,重庆市,,,5A,A级景区,unknown,pending,5A级旅游景区,https://www.mct.gov.cn/tourism/#/list,API目录ID-4/2026-09-04,,,尚未映射到可回跳的知识库景点卡,,,1,CN-POOL-20260904-r0,MCT内容ID=98003；来源文件=content_4.json
CN-P-000260,30c25b5b9191f8ad08db4b1b718173581047c49715178868d24127a5d837ca9b,金佛山景区,,重庆市,,,5A,A级景区,unknown,pending,5A级旅游景区,https://www.mct.gov.cn/tourism/#/list,API目录ID-4/2026-09-04,,,尚未映射到可回跳的知识库景点卡,,,1,CN-POOL-20260904-r0,MCT内容ID=98004；来源文件=content_4.json
CN-P-000261,bdff4e3cd6e5def6f833a1ab64b2266ffa7415f0c4217f0d034b2d713740d0a8,四面山景区,,重庆市,,,5A,A级景区,unknown,pending,5A级旅游景区,https://www.mct.gov.cn/tourism/#/list,API目录ID-4/2026-09-04,,,尚未映射到可回跳的知识库景点卡,,,1,CN-POOL-20260904-r0,MCT内容ID=98005；来源文件=content_4.json
CN-P-000262,de9d51543182c7daa228f5a7b955ab30e584ab615f8e0d4c18bdce8c6a880fcb,龙缸景区,,重庆市,,,5A,A级景区,unknown,pending,5A级旅游景区,https://www.mct.gov.cn/tourism/#/list,API目录ID-4/2026-09-04,,,尚未映射到可回跳的知识库景点卡,,,1,CN-POOL-20260904-r0,MCT内容ID=98006；来源文件=content_4.json
CN-P-000263,240f443a857b9b217726f8a7fc036dfdec165a2deadbdc0b043a149e441e156b,阿依河景区,,重庆市,,,5A,A级景区,unknown,pending,5A级旅游景区,https://www.mct.gov.cn/tourism/#/list,API目录ID-4/2026-09-04,,,尚未映射到可回跳的知识库景点卡,,,1,CN-POOL-20260904-r0,MCT内容ID=98007；来源文件=content_4.json
CN-P-000264,764088cccdcdce894c4bbb73c104cf46020f548aa717d22d6c4d33cd93296d35,濯水景区,,重庆市,,,5A,A级景区,unknown,pending,5A级旅游景区,https://www.mct.gov.cn/tourism/#/list,API目录ID-4/2026-09-04,,,尚未映射到可回跳的知识库景点卡,,,1,CN-POOL-20260904-r0,MCT内容ID=98008；来源文件=content_4.json
CN-P-000265,da758ec4de342a53f95cc36ff4b7b34978198ccf50b9de1e8704409537ec6cff,白帝城•瞿塘峡景区,,重庆市,,,5A,A级景区,unknown,pending,5A级旅游景区,https://www.mct.gov.cn/tourism/#/list,API目录ID-4/2026-09-04,,,尚未映射到可回跳的知识库景点卡,,,1,CN-POOL-20260904-r0,MCT内容ID=98009；来源文件=content_4.json
CN-P-000266,1705f9c2f2fe5b95438a87e4c2e70e2f4b988916bf60be4e8645790f9a122fcd,武陵山大裂谷景区,,重庆市,,,5A,A级景区,unknown,pending,5A级旅游景区,https://www.mct.gov.cn/tourism/#/list,API目录ID-4/2026-09-04,,,尚未映射到可回跳的知识库景点卡,,,1,CN-POOL-20260904-r0,MCT内容ID=98010；来源文件=content_4.json
CN-P-000267,dbb7fc28a0e5a32d5777103a808adeecfe008f8cccf1a9c398cf7922dd17a55b,成都市青城山－都江堰旅游景区,,四川省,,,5A,A级景区,unknown,pending,5A级旅游景区,https://www.mct.gov.cn/tourism/#/list,API目录ID-4/2026-09-04,,,尚未映射到可回跳的知识库景点卡,,,1,CN-POOL-20260904-r0,MCT内容ID=98011；来源文件=content_4.json
CN-P-000268,663026691b7fbee6e5df7e7d8a585cf7f95cb8a2b44dfb6791e27ae4d222ea3f,乐山市峨眉山景区,,四川省,,,5A,A级景区,unknown,pending,5A级旅游景区,https://www.mct.gov.cn/tourism/#/list,API目录ID-4/2026-09-04,,,尚未映射到可回跳的知识库景点卡,,,1,CN-POOL-20260904-r0,MCT内容ID=98012；来源文件=content_4.json
CN-P-000269,8dbb4c6e04aadde66f447e313a671b1c7aaf712dee1a3f4f8b5da842a58a9bc0,阿坝州九寨沟景区,,四川省,,,5A,A级景区,unknown,pending,5A级旅游景区,https://www.mct.gov.cn/tourism/#/list,API目录ID-4/2026-09-04,,,尚未映射到可回跳的知识库景点卡,,,1,CN-POOL-20260904-r0,MCT内容ID=98013；来源文件=content_4.json
CN-P-000270,f0763727db968877bea08375632754bb2a4e3a3afe59cb42348970f2b1562e6c,乐山市乐山大佛景区,,四川省,,,5A,A级景区,unknown,pending,5A级旅游景区,https://www.mct.gov.cn/tourism/#/list,API目录ID-4/2026-09-04,,,尚未映射到可回跳的知识库景点卡,,,1,CN-POOL-20260904-r0,MCT内容ID=98014；来源文件=content_4.json
CN-P-000271,8922664e346ae8897865a1421118a4167e7b2450fff2a338ffe74da6065a1ebf,阿坝州黄龙风景名胜区,,四川省,,,5A,A级景区,unknown,pending,5A级旅游景区,https://www.mct.gov.cn/tourism/#/list,API目录ID-4/2026-09-04,,,尚未映射到可回跳的知识库景点卡,,,1,CN-POOL-20260904-r0,MCT内容ID=98015；来源文件=content_4.json
CN-P-000272,700d912b0230131c2e1efe328507e800097123210c0c4191f21b53cd35ab2c26,绵阳市羌城旅游区,,四川省,,,5A,A级景区,unknown,pending,5A级旅游景区,https://www.mct.gov.cn/tourism/#/list,API目录ID-4/2026-09-04,,,尚未映射到可回跳的知识库景点卡,,,1,CN-POOL-20260904-r0,MCT内容ID=98016；来源文件=content_4.json
CN-P-000273,050e28bb79724b2f2379e2c864a52fce9549ac7a231d02ad9bb00633f1ae12d3,阿坝州汶川特别旅游区,,四川省,,,5A,A级景区,unknown,pending,5A级旅游景区,https://www.mct.gov.cn/tourism/#/list,API目录ID-4/2026-09-04,,,尚未映射到可回跳的知识库景点卡,,,1,CN-POOL-20260904-r0,MCT内容ID=98017；来源文件=content_4.json
CN-P-000274,6122f6721a7dfafc67081345b1a8cbb55841229748670dfb9bd90edb91cb1cb6,南充市阆中古城旅游景区,,四川省,,,5A,A级景区,unknown,pending,5A级旅游景区,https://www.mct.gov.cn/tourism/#/list,API目录ID-4/2026-09-04,,,尚未映射到可回跳的知识库景点卡,,,1,CN-POOL-20260904-r0,MCT内容ID=98018；来源文件=content_4.json
CN-P-000275,ca8f796f0008996407b90c189a12261a696f7f6fb120549d194e078533f263cb,广安市邓小平故里旅游区,,四川省,,,5A,A级景区,unknown,pending,5A级旅游景区,https://www.mct.gov.cn/tourism/#/list,API目录ID-4/2026-09-04,,,尚未映射到可回跳的知识库景点卡,,,1,CN-POOL-20260904-r0,MCT内容ID=98019；来源文件=content_4.json
CN-P-000276,535fb12232e3b60a915b3fb8ae9b6b497e50fbb5cc86e7c510bbcc87d68a4dda,广元市剑门蜀道剑门关旅游景区,,四川省,,,5A,A级景区,unknown,pending,5A级旅游景区,https://www.mct.gov.cn/tourism/#/list,API目录ID-4/2026-09-04,,,尚未映射到可回跳的知识库景点卡,,,1,CN-POOL-20260904-r0,MCT内容ID=98020；来源文件=content_4.json
CN-P-000277,b4677b5c8a40964f1688bbeb542f1cf40f96713dd5f3bf31d7f4957a76aa2aa9,南充市朱德故里景区,,四川省,,,5A,A级景区,unknown,pending,5A级旅游景区,https://www.mct.gov.cn/tourism/#/list,API目录ID-4/2026-09-04,,,尚未映射到可回跳的知识库景点卡,,,1,CN-POOL-20260904-r0,MCT内容ID=98021；来源文件=content_4.json
CN-P-000278,0ff9054f449549d5edee9503deb77666c42c561871bca998f2c168b6c6eb8198,甘孜州海螺沟景区,,四川省,,,5A,A级景区,unknown,pending,5A级旅游景区,https://www.mct.gov.cn/tourism/#/list,API目录ID-4/2026-09-04,,,尚未映射到可回跳的知识库景点卡,,,1,CN-POOL-20260904-r0,MCT内容ID=98022；来源文件=content_4.json
CN-P-000279,a021b48a661f637de114845aa9726948cb824b76d7ea84e561ced28770ecd9bb,雅安市碧峰峡旅游景区,,四川省,,,5A,A级景区,unknown,pending,5A级旅游景区,https://www.mct.gov.cn/tourism/#/list,API目录ID-4/2026-09-04,,,尚未映射到可回跳的知识库景点卡,,,1,CN-POOL-20260904-r0,MCT内容ID=98023；来源文件=content_4.json
CN-P-000280,a09bb16347b698011047d4e8d22015b24c6c87098d3d1ec55088e0c53ad54590,巴中市光雾山旅游景区,,四川省,,,5A,A级景区,unknown,pending,5A级旅游景区,https://www.mct.gov.cn/tourism/#/list,API目录ID-4/2026-09-04,,,尚未映射到可回跳的知识库景点卡,,,1,CN-POOL-20260904-r0,MCT内容ID=98024；来源文件=content_4.json
CN-P-000281,b6c3555de2f614f4ed82a8763d5ec6c85dfa536f14e42a18d4a8d667c56ee1e0,甘孜州稻城亚丁旅游景区,,四川省,,,5A,A级景区,unknown,pending,5A级旅游景区,https://www.mct.gov.cn/tourism/#/list,API目录ID-4/2026-09-04,,,尚未映射到可回跳的知识库景点卡,,,1,CN-POOL-20260904-r0,MCT内容ID=98025；来源文件=content_4.json
CN-P-000282,039c08694355040978ba7c8810aac21026cd21ad7cf7459969c1bf44a677d75e,成都市安仁古镇景区,,四川省,,,5A,A级景区,unknown,pending,5A级旅游景区,https://www.mct.gov.cn/tourism/#/list,API目录ID-4/2026-09-04,,,尚未映射到可回跳的知识库景点卡,,,1,CN-POOL-20260904-r0,MCT内容ID=98026；来源文件=content_4.json
CN-P-000283,70e10ef8b64535fd1932362c7a21e28ae11b94160f7c1e044d26fe64ae20a9a2,阿坝州四姑娘山景区,,四川省,,,5A,A级景区,unknown,pending,5A级旅游景区,https://www.mct.gov.cn/tourism/#/list,API目录ID-4/2026-09-04,,,尚未映射到可回跳的知识库景点卡,,,1,CN-POOL-20260904-r0,MCT内容ID=98027；来源文件=content_4.json
CN-P-000284,fcfdf5b1a70b9dabac4d9b7d4cf62e8344ddd40b570f8ad29ca6c87ffd9198b6,成都市天台山景区,,四川省,,,5A,A级景区,unknown,pending,5A级旅游景区,https://www.mct.gov.cn/tourism/#/list,API目录ID-4/2026-09-04,,,尚未映射到可回跳的知识库景点卡,,,1,CN-POOL-20260904-r0,MCT内容ID=98028；来源文件=content_4.json
CN-P-000285,31f8f211e6b94e3f675f6998e82fe0c91579c675f090916035a1170eadca42ce,安顺市黄果树瀑布景区,,贵州省,,,5A,A级景区,unknown,covered,5A级旅游景区,https://www.mct.gov.cn/tourism/#/list,API目录ID-4/2026-09-04,知识库数据/02-景点库-贵阳.md,A151,,,,1,CN-POOL-20260904-r0,MCT内容ID=98029；来源文件=content_4.json
CN-P-000286,5fd55a186c2e704e388c3dfbfe90b096bcf8106dda26d6c27bfceb4bff6e2086,安顺市西秀区龙宫景区,,贵州省,,,5A,A级景区,unknown,covered,5A级旅游景区,https://www.mct.gov.cn/tourism/#/list,API目录ID-4/2026-09-04,知识库数据/02-景点库-贵阳.md,A157,,,,1,CN-POOL-20260904-r0,MCT内容ID=98030；来源文件=content_4.json
CN-P-000287,b81765b9d1b524693d10bce24c2441176a6945629d0b44d2e79a7e9e9dcbe90e,毕节市黔西县百里杜鹃景区,,贵州省,,,5A,A级景区,unknown,pending,5A级旅游景区,https://www.mct.gov.cn/tourism/#/list,API目录ID-4/2026-09-04,,,尚未映射到可回跳的知识库景点卡,,,1,CN-POOL-20260904-r0,MCT内容ID=98031；来源文件=content_4.json
CN-P-000288,8c93528f7658967d909e783517e8c17e53157e7e2b43aa70f509857cc772f8a6,黔南布依族苗族自治州荔波县樟江景区,,贵州省,,,5A,A级景区,unknown,covered,5A级旅游景区,https://www.mct.gov.cn/tourism/#/list,API目录ID-4/2026-09-04,知识库数据/02-景点库-贵阳.md,A156,,,,1,CN-POOL-20260904-r0,MCT内容ID=98032；来源文件=content_4.json
CN-P-000289,f0c317c590c7b7a7076c6b1a695b7132c79e04010b369ab3a1f4d405d73d60c5,贵阳市花溪区青岩古镇景区,,贵州省,,,5A,A级景区,unknown,covered,5A级旅游景区,https://www.mct.gov.cn/tourism/#/list,API目录ID-4/2026-09-04,知识库数据/02-景点库-贵阳.md,A152,,,,1,CN-POOL-20260904-r0,MCT内容ID=98033；来源文件=content_4.json
CN-P-000290,19db072b2e38f2d3856d6f3f8c15bcc1ec29a57e64b4dac353ccbb99ee32dbd9,铜仁市江口县梵净山旅游区,,贵州省,,,5A,A级景区,unknown,pending,5A级旅游景区,https://www.mct.gov.cn/tourism/#/list,API目录ID-4/2026-09-04,,,尚未映射到可回跳的知识库景点卡,,,1,CN-POOL-20260904-r0,MCT内容ID=98034；来源文件=content_4.json
CN-P-000291,ca38abc4e282d62d09d7829cf566f1625547912d76be0f2200ae9134ada92fbc,黔东南州镇远县镇远古城旅游景区,,贵州省,,,5A,A级景区,unknown,pending,5A级旅游景区,https://www.mct.gov.cn/tourism/#/list,API目录ID-4/2026-09-04,,,尚未映射到可回跳的知识库景点卡,,,1,CN-POOL-20260904-r0,MCT内容ID=98035；来源文件=content_4.json
CN-P-000292,b032946d51c8cbebeb73d138be94f120197a0474273b7a4ee901b37c3efd99cd,遵义市赤水市赤水丹霞旅游区,,贵州省,,,5A,A级景区,unknown,pending,5A级旅游景区,https://www.mct.gov.cn/tourism/#/list,API目录ID-4/2026-09-04,,,尚未映射到可回跳的知识库景点卡,,,1,CN-POOL-20260904-r0,MCT内容ID=98036；来源文件=content_4.json
CN-P-000293,0d9a088bad354ccf6c695810931812e1697ac132bf7710eb470d4046d8388db4,毕节市织金洞景区,,贵州省,,,5A,A级景区,unknown,pending,5A级旅游景区,https://www.mct.gov.cn/tourism/#/list,API目录ID-4/2026-09-04,,,尚未映射到可回跳的知识库景点卡,,,1,CN-POOL-20260904-r0,MCT内容ID=98037；来源文件=content_4.json
CN-P-000294,cf21a87056cf7c7e8d20d4042c2f08969b6e18546db214332396131d96e98725,黔西南州万峰林景区,,贵州省,,,5A,A级景区,unknown,pending,5A级旅游景区,https://www.mct.gov.cn/tourism/#/list,API目录ID-4/2026-09-04,,,尚未映射到可回跳的知识库景点卡,,,1,CN-POOL-20260904-r0,MCT内容ID=98038；来源文件=content_4.json
CN-P-000295,e73f44e065474203b64c06a4d71d3ab478c00114c3148eb9ffc9f8022cfeb097,昆明市石林风景区,,云南省,,,5A,A级景区,unknown,covered,5A级旅游景区,https://www.mct.gov.cn/tourism/#/list,API目录ID-4/2026-09-04,知识库数据/02-景点库-昆明.md,A192,,,,1,CN-POOL-20260904-r0,MCT内容ID=98039；来源文件=content_4.json
CN-P-000296,f2d9594798aa9c3fd005a067960d40b5682908cd86ee75585b6b38ba41a515ea,丽江市玉龙雪山景区,,云南省,,,5A,A级景区,unknown,covered,5A级旅游景区,https://www.mct.gov.cn/tourism/#/list,API目录ID-4/2026-09-04,知识库数据/02-景点库-大理-丽江.md,A185,,,,1,CN-POOL-20260904-r0,MCT内容ID=98040；来源文件=content_4.json
CN-P-000297,55516e86785f561e7ca437199dabb7861590eb1652d2c5a658921d03d2a5abeb,丽江市丽江古城景区,,云南省,,,5A,A级景区,unknown,covered,5A级旅游景区,https://www.mct.gov.cn/tourism/#/list,API目录ID-4/2026-09-04,知识库数据/02-景点库-大理-丽江.md,A184,,,,1,CN-POOL-20260904-r0,MCT内容ID=98041；来源文件=content_4.json
CN-P-000298,e31a604d434b6edb2ce8e00b9423c8406d6cb3cd40f29571abd9e956d1c3ca48,大理州崇圣寺三塔文化旅游区,,云南省,,,5A,A级景区,unknown,covered,5A级旅游景区,https://www.mct.gov.cn/tourism/#/list,API目录ID-4/2026-09-04,知识库数据/02-景点库-大理-丽江.md,A183,,,,1,CN-POOL-20260904-r0,MCT内容ID=98042；来源文件=content_4.json
CN-P-000299,58afa978e62c8729cba2892ae18e15f66c2d7736b5f4cf66e81473e7c196fe26,西双版纳州中科院西双版纳热带植物园,,云南省,,,5A,A级景区,unknown,covered,5A级旅游景区,https://www.mct.gov.cn/tourism/#/list,API目录ID-4/2026-09-04,知识库数据/02-景点库-西双版纳.md,A172,,,,1,CN-POOL-20260904-r0,MCT内容ID=98043；来源文件=content_4.json
CN-P-000300,c5ac6345daf104c64a41ceaeeb5b83c85f579d7bc68e4d5b1e8b6a2e863baa8f,迪庆州普达措国家公园,,云南省,,,5A,A级景区,unknown,pending,5A级旅游景区,https://www.mct.gov.cn/tourism/#/list,API目录ID-4/2026-09-04,,,尚未映射到可回跳的知识库景点卡,,,1,CN-POOL-20260904-r0,MCT内容ID=98044；来源文件=content_4.json
CN-P-000301,6bf65ff3031754fd18b71b001ac98a57be1df931edf5408fdf472d475b76d5cc,昆明市昆明世博园景区,,云南省,,,5A,A级景区,unknown,pending,5A级旅游景区,https://www.mct.gov.cn/tourism/#/list,API目录ID-4/2026-09-04,,,尚未映射到可回跳的知识库景点卡,,,1,CN-POOL-20260904-r0,MCT内容ID=98045；来源文件=content_4.json
CN-P-000302,146e914898d2d5f8361cd864c16dd6ca3a85819b231beacc6db5b97ced87d462,保山市火山热海旅游区,,云南省,,,5A,A级景区,unknown,pending,5A级旅游景区,https://www.mct.gov.cn/tourism/#/list,API目录ID-4/2026-09-04,,,尚未映射到可回跳的知识库景点卡,,,1,CN-POOL-20260904-r0,MCT内容ID=98046；来源文件=content_4.json
CN-P-000303,95593de0d733747c55bc0ff5834ff8501929a5a8414da66f265c3d4fb0755aa8,文山州普者黑旅游景区,,云南省,,,5A,A级景区,unknown,pending,5A级旅游景区,https://www.mct.gov.cn/tourism/#/list,API目录ID-4/2026-09-04,,,尚未映射到可回跳的知识库景点卡,,,1,CN-POOL-20260904-r0,MCT内容ID=98047；来源文件=content_4.json
CN-P-000304,15b5ba52702ddead0394e89ede16b4ebdc11f6359d4a8e76e57e113f45d68e91,腾冲市和顺古镇景区,,云南省,,,5A,A级景区,unknown,pending,5A级旅游景区,https://www.mct.gov.cn/tourism/#/list,API目录ID-4/2026-09-04,,,尚未映射到可回跳的知识库景点卡,,,1,CN-POOL-20260904-r0,MCT内容ID=98048；来源文件=content_4.json
CN-P-000305,c071a4809789a9f8f7aab1e21bd5f7b4b78108f5cda9efc420c0cb2fad8e0dfa,拉萨市布达拉宫景区,,西藏自治区,,,5A,A级景区,unknown,covered,5A级旅游景区,https://www.mct.gov.cn/tourism/#/list,API目录ID-4/2026-09-04,知识库数据/02-景点库-拉萨.md,A061,,,,1,CN-POOL-20260904-r0,MCT内容ID=98049；来源文件=content_4.json
CN-P-000306,e49645a625f03551665e34f2decc6723ad80d60605c33ae3bf794ae0345f3c0d,拉萨市大昭寺景区,,西藏自治区,,,5A,A级景区,unknown,covered,5A级旅游景区,https://www.mct.gov.cn/tourism/#/list,API目录ID-4/2026-09-04,知识库数据/02-景点库-拉萨.md,A062,,,,1,CN-POOL-20260904-r0,MCT内容ID=98050；来源文件=content_4.json
CN-P-000307,edc031c00570a69f4bf2bbeba7776a55febf4f4a4e855c3b68c75fe082070f78,林芝市巴松措景区,,西藏自治区,,,5A,A级景区,unknown,pending,5A级旅游景区,https://www.mct.gov.cn/tourism/#/list,API目录ID-4/2026-09-04,,,尚未映射到可回跳的知识库景点卡,,,1,CN-POOL-20260904-r0,MCT内容ID=98051；来源文件=content_4.json
CN-P-000308,cdb9177e7590aefc1e69afcb43079dbbbe59eb9c7727a2c4ee3401145b80336d,日喀则市扎什伦布寺景区,,西藏自治区,,,5A,A级景区,unknown,pending,5A级旅游景区,https://www.mct.gov.cn/tourism/#/list,API目录ID-4/2026-09-04,,,尚未映射到可回跳的知识库景点卡,,,1,CN-POOL-20260904-r0,MCT内容ID=98052；来源文件=content_4.json
CN-P-000309,895d11946ae5987540f5922462e92959d23f3fa07dd4f1a88991ced1e6414a8c,林芝市雅鲁藏布大峡谷景区,,西藏自治区,,,5A,A级景区,unknown,pending,5A级旅游景区,https://www.mct.gov.cn/tourism/#/list,API目录ID-4/2026-09-04,,,尚未映射到可回跳的知识库景点卡,,,1,CN-POOL-20260904-r0,MCT内容ID=98053；来源文件=content_4.json
CN-P-000310,2bfccc8da07b116803ad62fedb6e2bd830dea7b4402086c3ba659a26dcb8ca66,西安市秦始皇帝陵博物院景区,,陕西省,,,5A,A级景区,unknown,covered,5A级旅游景区,https://www.mct.gov.cn/tourism/#/list,API目录ID-4/2026-09-04,知识库数据/02-景点库-西安.md,A321,,,,1,CN-POOL-20260904-r0,MCT内容ID=98054；来源文件=content_4.json
CN-P-000311,c969bae2f5230f0927172d71bfef1e02235280a83cab20045b91466a95007d20,西安市华清宫景区,,陕西省,,,5A,A级景区,unknown,covered,5A级旅游景区,https://www.mct.gov.cn/tourism/#/list,API目录ID-4/2026-09-04,知识库数据/02-景点库-西安.md,A326,,,,1,CN-POOL-20260904-r0,MCT内容ID=98055；来源文件=content_4.json
CN-P-000312,bc9c6949c83fa4f9dd08439c1ba3123eab35fee9d3c47b3feab3d10b9c99ddfa,延安市黄帝陵景区,,陕西省,,,5A,A级景区,unknown,pending,5A级旅游景区,https://www.mct.gov.cn/tourism/#/list,API目录ID-4/2026-09-04,,,尚未映射到可回跳的知识库景点卡,,,1,CN-POOL-20260904-r0,MCT内容ID=98056；来源文件=content_4.json
CN-P-000313,e35abce399e6b7968eb79ece91d2b7adffb8022aad4c14375c6bc2c8d599c7e8,西安市大雁塔－大唐芙蓉园景区,,陕西省,,,5A,A级景区,unknown,covered,5A级旅游景区,https://www.mct.gov.cn/tourism/#/list,API目录ID-4/2026-09-04,知识库数据/02-景点库-西安.md,A329,,,,1,CN-POOL-20260904-r0,MCT内容ID=98057；来源文件=content_4.json
CN-P-000314,bcc65fda2af861d804536ae63a5d2a15a1bc79a60e930d0db3d2ef9b5e6e2d7f,渭南市华山风景区,,陕西省,,,5A,A级景区,unknown,pending,5A级旅游景区,https://www.mct.gov.cn/tourism/#/list,API目录ID-4/2026-09-04,,,尚未映射到可回跳的知识库景点卡,,,1,CN-POOL-20260904-r0,MCT内容ID=98058；来源文件=content_4.json
CN-P-000315,b0697e566e125450c37ec0ee94d4f026f3cd3fb38293ab5a04f82f4cf0f33cfa,宝鸡市法门文化景区,,陕西省,,,5A,A级景区,unknown,pending,5A级旅游景区,https://www.mct.gov.cn/tourism/#/list,API目录ID-4/2026-09-04,,,尚未映射到可回跳的知识库景点卡,,,1,CN-POOL-20260904-r0,MCT内容ID=98059；来源文件=content_4.json
CN-P-000316,acc2c5d7b77eb7dad078e86d7cfd9acb8fd3c3663c764fe2c5a5327ec962f9f3,商洛市金丝峡景区,,陕西省,,,5A,A级景区,unknown,pending,5A级旅游景区,https://www.mct.gov.cn/tourism/#/list,API目录ID-4/2026-09-04,,,尚未映射到可回跳的知识库景点卡,,,1,CN-POOL-20260904-r0,MCT内容ID=98060；来源文件=content_4.json
CN-P-000317,faa635b93c1dc3ec8ed60acd6b88dcdf400c000c46ab8a005137f74f42f9648e,宝鸡市太白山旅游景区,,陕西省,,,5A,A级景区,unknown,pending,5A级旅游景区,https://www.mct.gov.cn/tourism/#/list,API目录ID-4/2026-09-04,,,尚未映射到可回跳的知识库景点卡,,,1,CN-POOL-20260904-r0,MCT内容ID=98061；来源文件=content_4.json
CN-P-000318,6edcdd5dc8bd36b889195709ce3bee031e74f3e0128ec5b1ea5187b08af765d8,西安市城墙•碑林历史文化景区,,陕西省,,,5A,A级景区,unknown,covered,5A级旅游景区,https://www.mct.gov.cn/tourism/#/list,API目录ID-4/2026-09-04,知识库数据/02-景点库-西安.md,A324,,,,1,CN-POOL-20260904-r0,MCT内容ID=98062；来源文件=content_4.json
CN-P-000319,e9a9b9ff89c85cb908661f045e63f388e2903cba1b91a73bc3e9148f5ce632bf,延安市延安革命纪念地景区,,陕西省,,,5A,A级景区,unknown,pending,5A级旅游景区,https://www.mct.gov.cn/tourism/#/list,API目录ID-4/2026-09-04,,,尚未映射到可回跳的知识库景点卡,,,1,CN-POOL-20260904-r0,MCT内容ID=98063；来源文件=content_4.json
CN-P-000320,c48cd9c9ba27370a934e5c7fbcd92dc34d6732ae9281c1dfd8a4e603f6b1b3d8,西安市大明宫旅游景区,,陕西省,,,5A,A级景区,unknown,covered,5A级旅游景区,https://www.mct.gov.cn/tourism/#/list,API目录ID-4/2026-09-04,知识库数据/02-景点库-西安.md,A328,,,,1,CN-POOL-20260904-r0,MCT内容ID=98064；来源文件=content_4.json
CN-P-000321,ed7fd1a92bad0da9df40eb2e12d194a8208be0b441c1adee37d9ebec75045cbc,延安市延川黄河乾坤湾景区,,陕西省,,,5A,A级景区,unknown,pending,5A级旅游景区,https://www.mct.gov.cn/tourism/#/list,API目录ID-4/2026-09-04,,,尚未映射到可回跳的知识库景点卡,,,1,CN-POOL-20260904-r0,MCT内容ID=98065；来源文件=content_4.json
CN-P-000322,44dedab78fb4179bc5c8364f72493b03646f88d8262fad7b831d4d665a2ea4ad,咸阳市乾陵景区,,陕西省,,,5A,A级景区,unknown,pending,5A级旅游景区,https://www.mct.gov.cn/tourism/#/list,API目录ID-4/2026-09-04,,,尚未映射到可回跳的知识库景点卡,,,1,CN-POOL-20260904-r0,MCT内容ID=98066；来源文件=content_4.json
CN-P-000323,2964e9578652226d4d54e54519bf588c551a36805dd315354def8e100afaee85,嘉峪关市嘉峪关文物景区,,甘肃省,,,5A,A级景区,unknown,pending,5A级旅游景区,https://www.mct.gov.cn/tourism/#/list,API目录ID-4/2026-09-04,,,尚未映射到可回跳的知识库景点卡,,,1,CN-POOL-20260904-r0,MCT内容ID=98067；来源文件=content_4.json
CN-P-000324,5f2a48f5b68104e839416b9834ec2087b2bf8fd821f59b06ae13ff7cdb5e11ba,平凉市崆峒山风景名胜区,,甘肃省,,,5A,A级景区,unknown,pending,5A级旅游景区,https://www.mct.gov.cn/tourism/#/list,API目录ID-4/2026-09-04,,,尚未映射到可回跳的知识库景点卡,,,1,CN-POOL-20260904-r0,MCT内容ID=98068；来源文件=content_4.json
CN-P-000325,6db6e9ee6158ddd0bd271603f315b66486bc0f1ff147de034c70798b9df2d504,天水市麦积山景区,,甘肃省,,,5A,A级景区,unknown,pending,5A级旅游景区,https://www.mct.gov.cn/tourism/#/list,API目录ID-4/2026-09-04,,,尚未映射到可回跳的知识库景点卡,,,1,CN-POOL-20260904-r0,MCT内容ID=98069；来源文件=content_4.json
CN-P-000326,7954bac485e8841aae6b3f1130e1f5e3d9a494324a7087ad4737eca6eed2d6e2,酒泉市鸣沙山月牙泉景区,,甘肃省,,,5A,A级景区,unknown,covered,5A级旅游景区,https://www.mct.gov.cn/tourism/#/list,API目录ID-4/2026-09-04,知识库数据/02-景点库-敦煌-嘉峪关.md,A082,,,,1,CN-POOL-20260904-r0,MCT内容ID=98070；来源文件=content_4.json
CN-P-000327,94e94862b5a4ac3f595588f9a8d77c79271b40e9b3fa3155d232e14b35beb1e9,张掖市七彩丹霞景区,,甘肃省,,,5A,A级景区,unknown,covered,5A级旅游景区,https://www.mct.gov.cn/tourism/#/list,API目录ID-4/2026-09-04,知识库数据/02-景点库-敦煌-嘉峪关.md,A084,,,,1,CN-POOL-20260904-r0,MCT内容ID=98071；来源文件=content_4.json
CN-P-000328,333b702d51b3943fea1b8a8a812037da98076130037db69c8d66e90410d3e7dc,临夏州炳灵寺世界文化遗产旅游区,,甘肃省,,,5A,A级景区,unknown,pending,5A级旅游景区,https://www.mct.gov.cn/tourism/#/list,API目录ID-4/2026-09-04,,,尚未映射到可回跳的知识库景点卡,,,1,CN-POOL-20260904-r0,MCT内容ID=98072；来源文件=content_4.json
CN-P-000329,5a03c876d14132d5aca554c47102bbadebb4a9e686e58f9adfbd1c06df996e2b,陇南市官鹅沟景区,,甘肃省,,,5A,A级景区,unknown,pending,5A级旅游景区,https://www.mct.gov.cn/tourism/#/list,API目录ID-4/2026-09-04,,,尚未映射到可回跳的知识库景点卡,,,1,CN-POOL-20260904-r0,MCT内容ID=98073；来源文件=content_4.json
CN-P-000330,6960cccf77b6c2cc3b1c890468866197b1a30647291e0a4fcf956dffbf12c45a,甘南州冶力关旅游区,,甘肃省,,,5A,A级景区,unknown,pending,5A级旅游景区,https://www.mct.gov.cn/tourism/#/list,API目录ID-4/2026-09-04,,,尚未映射到可回跳的知识库景点卡,,,1,CN-POOL-20260904-r0,MCT内容ID=98074；来源文件=content_4.json
CN-P-000331,67f7c61b421df613bc57c342e2947200cd64f271ead548da4f86425603a14c59,青海湖风景区,,青海省,,,5A,A级景区,unknown,covered,5A级旅游景区,https://www.mct.gov.cn/tourism/#/list,API目录ID-4/2026-09-04,知识库数据/02-景点库-西宁-青海湖.md,A071,,,,1,CN-POOL-20260904-r0,MCT内容ID=98075；来源文件=content_4.json
CN-P-000332,c9932c8fd55d0d03353e7468f094afb27a71d9c0ba9a819de5bf08a96d1e45d1,西宁市塔尔寺景区,,青海省,,,5A,A级景区,unknown,covered,5A级旅游景区,https://www.mct.gov.cn/tourism/#/list,API目录ID-4/2026-09-04,知识库数据/02-景点库-西宁-青海湖.md,A073,,,,1,CN-POOL-20260904-r0,MCT内容ID=98076；来源文件=content_4.json
CN-P-000333,c75f061fa9e8d7aea1f7765b412cde3969506766f6da494816116c38eed376d8,海东市互助土族故土园旅游区,,青海省,,,5A,A级景区,unknown,pending,5A级旅游景区,https://www.mct.gov.cn/tourism/#/list,API目录ID-4/2026-09-04,,,尚未映射到可回跳的知识库景点卡,,,1,CN-POOL-20260904-r0,MCT内容ID=98077；来源文件=content_4.json
CN-P-000334,54c208989bacbb003b5da8d6b4029b151a9a313b6bc41414861ed5aaa93e0928,海北州阿咪东索景区,,青海省,,,5A,A级景区,unknown,pending,5A级旅游景区,https://www.mct.gov.cn/tourism/#/list,API目录ID-4/2026-09-04,,,尚未映射到可回跳的知识库景点卡,,,1,CN-POOL-20260904-r0,MCT内容ID=98078；来源文件=content_4.json
CN-P-000335,eaa19c7628035e7b597979445ee18e9a7d1dcc91dbab53ccd13772863179ee75,石嘴山市沙湖旅游景区,,宁夏回族自治区,,,5A,A级景区,unknown,pending,5A级旅游景区,https://www.mct.gov.cn/tourism/#/list,API目录ID-4/2026-09-04,,,尚未映射到可回跳的知识库景点卡,,,1,CN-POOL-20260904-r0,MCT内容ID=98079；来源文件=content_4.json
CN-P-000336,748c6f5ac9c8c1dd75982235e5b5959338ea95819b5835bc3d85e9783f45a04f,中卫市沙坡头旅游景区,,宁夏回族自治区,,,5A,A级景区,unknown,pending,5A级旅游景区,https://www.mct.gov.cn/tourism/#/list,API目录ID-4/2026-09-04,,,尚未映射到可回跳的知识库景点卡,,,1,CN-POOL-20260904-r0,MCT内容ID=98080；来源文件=content_4.json
CN-P-000337,3ee8c46bb6b907c78731b583e20e3b2c53fdd71d55bc1b33bf6c9ae947500609,银川市宁夏镇北堡西部影视城,,宁夏回族自治区,,,5A,A级景区,unknown,pending,5A级旅游景区,https://www.mct.gov.cn/tourism/#/list,API目录ID-4/2026-09-04,,,尚未映射到可回跳的知识库景点卡,,,1,CN-POOL-20260904-r0,MCT内容ID=98081；来源文件=content_4.json
CN-P-000338,242f25ca1196932818f1d464fa6d13165ec8d68374eabbb51a5d6bdde3efe83a,银川市水洞沟旅游区,,宁夏回族自治区,,,5A,A级景区,unknown,pending,5A级旅游景区,https://www.mct.gov.cn/tourism/#/list,API目录ID-4/2026-09-04,,,尚未映射到可回跳的知识库景点卡,,,1,CN-POOL-20260904-r0,MCT内容ID=98082；来源文件=content_4.json
CN-P-000339,16ec173e685d806763bf0c8794bdde385bbab040c85cb583561683c690318514,吴忠市青铜峡黄河大峡谷旅游区,,宁夏回族自治区,,,5A,A级景区,unknown,pending,5A级旅游景区,https://www.mct.gov.cn/tourism/#/list,API目录ID-4/2026-09-04,,,尚未映射到可回跳的知识库景点卡,,,1,CN-POOL-20260904-r0,MCT内容ID=98083；来源文件=content_4.json
CN-P-000340,c34587a5dd5a66bbfcb95e48de3a1c4ed4a7530d1ffec51b0a4ce059c6b2e1a7,固原市六盘山红军长征旅游区,,宁夏回族自治区,,,5A,A级景区,unknown,pending,5A级旅游景区,https://www.mct.gov.cn/tourism/#/list,API目录ID-4/2026-09-04,,,尚未映射到可回跳的知识库景点卡,,,1,CN-POOL-20260904-r0,MCT内容ID=98084；来源文件=content_4.json
CN-P-000341,8dbe80ad2d2eeff15f41c6cf674b594fb2572649a2d1219b1f3d7d122d7464ce,昌吉回族自治州天山天池风景名胜区,,新疆维吾尔自治区,,,5A,A级景区,unknown,covered,5A级旅游景区,https://www.mct.gov.cn/tourism/#/list,API目录ID-4/2026-09-04,知识库数据/02-景点库-北疆（乌鲁木齐-喀纳斯）.md,A103,,,,1,CN-POOL-20260904-r0,MCT内容ID=98085；来源文件=content_4.json
CN-P-000342,668db56224d1eacb44d8d288d485bfc7c0cd60c9323b702e529da4e73e996a92,吐鲁番市葡萄沟风景区,,新疆维吾尔自治区,,,5A,A级景区,unknown,pending,5A级旅游景区,https://www.mct.gov.cn/tourism/#/list,API目录ID-4/2026-09-04,,,尚未映射到可回跳的知识库景点卡,,,1,CN-POOL-20260904-r0,MCT内容ID=98086；来源文件=content_4.json
CN-P-000343,f40eb34eaa715ffbf56ddb37aae1059fc9fc561ff7ab05cef52efa5d5213f282,阿勒泰地区喀纳斯景区,,新疆维吾尔自治区,,,5A,A级景区,unknown,covered,5A级旅游景区,https://www.mct.gov.cn/tourism/#/list,API目录ID-4/2026-09-04,知识库数据/02-景点库-北疆（乌鲁木齐-喀纳斯）.md,A101,,,,1,CN-POOL-20260904-r0,MCT内容ID=98087；来源文件=content_4.json
CN-P-000344,dfff2935108f41a9743e069832cdbc32ac100e4280d8f05c3fd0fe03be2e481d,伊犁哈萨克自治州那拉提旅游风景区,,新疆维吾尔自治区,,,5A,A级景区,unknown,covered,5A级旅游景区,https://www.mct.gov.cn/tourism/#/list,API目录ID-4/2026-09-04,知识库数据/02-景点库-伊犁.md,A091,,,,1,CN-POOL-20260904-r0,MCT内容ID=98088；来源文件=content_4.json
CN-P-000345,5f448fc820dbf475522c87ab4c497160a005b40fd909ea46c9642acade3f0cbc,阿勒泰地区可可托海景区,,新疆维吾尔自治区,,,5A,A级景区,unknown,covered,5A级旅游景区,https://www.mct.gov.cn/tourism/#/list,API目录ID-4/2026-09-04,知识库数据/02-景点库-北疆（乌鲁木齐-喀纳斯）.md,A105,,,,1,CN-POOL-20260904-r0,MCT内容ID=98089；来源文件=content_4.json
CN-P-000346,cae2a1ca1769febf59575988a44fe66d3eae0ddf17c1b878039bad530e3fcd4b,喀什地区金湖杨景区,,新疆维吾尔自治区,,,5A,A级景区,unknown,pending,5A级旅游景区,https://www.mct.gov.cn/tourism/#/list,API目录ID-4/2026-09-04,,,尚未映射到可回跳的知识库景点卡,,,1,CN-POOL-20260904-r0,MCT内容ID=98090；来源文件=content_4.json
CN-P-000347,35354bbcfa82c80595cfdcd6e5695dc5f679d3c43a5312f990e7dec5c8928b27,乌鲁木齐市天山大峡谷,,新疆维吾尔自治区,,,5A,A级景区,unknown,covered,5A级旅游景区,https://www.mct.gov.cn/tourism/#/list,API目录ID-4/2026-09-04,知识库数据/02-景点库-北疆（乌鲁木齐-喀纳斯）.md,A109,,,,1,CN-POOL-20260904-r0,MCT内容ID=98091；来源文件=content_4.json
CN-P-000348,60ae1b257765f4e25f5e25803fec9835f4fa09499efea36fd4d6ee50aaa8f817,巴音郭楞蒙古自治州博斯腾湖景区,,新疆维吾尔自治区,,,5A,A级景区,unknown,pending,5A级旅游景区,https://www.mct.gov.cn/tourism/#/list,API目录ID-4/2026-09-04,,,尚未映射到可回跳的知识库景点卡,,,1,CN-POOL-20260904-r0,MCT内容ID=98092；来源文件=content_4.json
CN-P-000349,4e722876c51dd9505623ac97ee9756b0dc0becf223a687ea998dcf3d9f0bfd80,喀什地区喀什古城景区,,新疆维吾尔自治区,,,5A,A级景区,unknown,pending,5A级旅游景区,https://www.mct.gov.cn/tourism/#/list,API目录ID-4/2026-09-04,,,尚未映射到可回跳的知识库景点卡,,,1,CN-POOL-20260904-r0,MCT内容ID=98093；来源文件=content_4.json
CN-P-000350,a86f1dcb65addfd930cb0fb95d513ff1f4e6f36191e5d20247bbb83e1076299c,伊犁哈萨克自治州喀拉峻景区,,新疆维吾尔自治区,,,5A,A级景区,unknown,covered,5A级旅游景区,https://www.mct.gov.cn/tourism/#/list,API目录ID-4/2026-09-04,知识库数据/02-景点库-伊犁.md,A092,,,,1,CN-POOL-20260904-r0,MCT内容ID=98094；来源文件=content_4.json
CN-P-000351,4c4258c62273c683622713aa9dace2b419be7d50749b7804219d6bb2207a4963,巴音郭楞蒙古自治州巴音布鲁克景区,,新疆维吾尔自治区,,,5A,A级景区,unknown,pending,5A级旅游景区,https://www.mct.gov.cn/tourism/#/list,API目录ID-4/2026-09-04,,,尚未映射到可回跳的知识库景点卡,,,1,CN-POOL-20260904-r0,MCT内容ID=98095；来源文件=content_4.json
CN-P-000352,5aeb25ef532bd737368f431ae498d619494039d79109c5b6057af3c70850a1db,喀什地区帕米尔旅游区,,新疆维吾尔自治区,,,5A,A级景区,unknown,pending,5A级旅游景区,https://www.mct.gov.cn/tourism/#/list,API目录ID-4/2026-09-04,,,尚未映射到可回跳的知识库景点卡,,,1,CN-POOL-20260904-r0,MCT内容ID=98096；来源文件=content_4.json
CN-P-000353,dd4f7a4236918be64045a3fa055ce6bd6630cd0af592fb58bae7fde15bfaddd4,克拉玛依市世界魔鬼城景区,,新疆维吾尔自治区,,,5A,A级景区,unknown,pending,5A级旅游景区,https://www.mct.gov.cn/tourism/#/list,API目录ID-4/2026-09-04,,,尚未映射到可回跳的知识库景点卡,,,1,CN-POOL-20260904-r0,MCT内容ID=98097；来源文件=content_4.json
CN-P-000354,58e7cf8c98863b9a0a774f2e87b555cd17a92ce6aab82a88d22c411b811581d5,博尔塔拉蒙古自治州赛里木湖景区,,新疆维吾尔自治区,,,5A,A级景区,unknown,covered,5A级旅游景区,https://www.mct.gov.cn/tourism/#/list,API目录ID-4/2026-09-04,知识库数据/02-景点库-伊犁.md,A093,,,,1,CN-POOL-20260904-r0,MCT内容ID=98098；来源文件=content_4.json
CN-P-000355,ec872712e37ea3999f2b941b876ff21764f45a298088f6656bbcfdd09933f449,昌吉回族自治州江布拉克景区,,新疆维吾尔自治区,,,5A,A级景区,unknown,pending,5A级旅游景区,https://www.mct.gov.cn/tourism/#/list,API目录ID-4/2026-09-04,,,尚未映射到可回跳的知识库景点卡,,,1,CN-POOL-20260904-r0,MCT内容ID=98099；来源文件=content_4.json
CN-P-000356,cd235b0726a1a250162ea06c32859972568834b571f12a2d8915692e6d74a1a8,阿克苏地区天山托木尔景区,,新疆维吾尔自治区,,,5A,A级景区,unknown,pending,5A级旅游景区,https://www.mct.gov.cn/tourism/#/list,API目录ID-4/2026-09-04,,,尚未映射到可回跳的知识库景点卡,,,1,CN-POOL-20260904-r0,MCT内容ID=98100；来源文件=content_4.json
CN-P-000357,6ae2787d445653f11cc04b26538a7bddaf922760f09f902e7db5d5b18ea03766,兵团十师185团白沙湖景区（阿勒泰地区）,,新疆生产建设兵团,,,5A,A级景区,unknown,pending,5A级旅游景区,https://www.mct.gov.cn/tourism/#/list,API目录ID-4/2026-09-04,,,尚未映射到可回跳的知识库景点卡,,,1,CN-POOL-20260904-r0,MCT内容ID=98101；来源文件=content_4.json
CN-P-000358,aa73d71e0532563932f5a1d62a45433b7e3411dff365efc1f384244ce24acec0,兵团阿拉尔市塔克拉玛干•三五九旅文化旅游区,,新疆生产建设兵团,,,5A,A级景区,unknown,pending,5A级旅游景区,https://www.mct.gov.cn/tourism/#/list,API目录ID-4/2026-09-04,,,尚未映射到可回跳的知识库景点卡,,,1,CN-POOL-20260904-r0,MCT内容ID=98102；来源文件=content_4.json
CN-P-000359,cf271d03321c560ed1bd5efa6ce2b424dc989416bf040918d589fc4abf1f7931,天安门广场,,北京市,,,非A,红色旅游,unknown,covered,红色旅游经典景区,https://www.mct.gov.cn/tourism/#/list,API目录ID-40/2026-09-04,知识库数据/02-景点库-北京.md,A007,,,,1,CN-POOL-20260904-r0,MCT内容ID=15649；来源文件=content_40.json
CN-P-000360,ccd41bbd2a6e2ce03c5d2f114aef87f27240d1776d6c57956ee63c2df5e1de63,中国人民抗日战争纪念馆、卢沟桥、宛平城,,北京市,,,非A,红色旅游,unknown,pending,红色旅游经典景区,https://www.mct.gov.cn/tourism/#/list,API目录ID-40/2026-09-04,,,尚未映射到可回跳的知识库景点卡,,,1,CN-POOL-20260904-r0,MCT内容ID=15650；来源文件=content_40.json
CN-P-000361,457e67460e90b116fd62953e30bc50ef349884cc00573d3398ce71a2e2459d31,新文化运动纪念馆,,北京市,,,非A,红色旅游,unknown,pending,红色旅游经典景区,https://www.mct.gov.cn/tourism/#/list,API目录ID-40/2026-09-04,,,尚未映射到可回跳的知识库景点卡,,,1,CN-POOL-20260904-r0,MCT内容ID=15651；来源文件=content_40.json
CN-P-000362,00310426a54ecb892331c6f85e6391712185b77c1f7bfbc2d44ec1872636eb66,李大钊烈士陵园,,北京市,,,非A,红色旅游,unknown,pending,红色旅游经典景区,https://www.mct.gov.cn/tourism/#/list,API目录ID-40/2026-09-04,,,尚未映射到可回跳的知识库景点卡,,,1,CN-POOL-20260904-r0,MCT内容ID=15652；来源文件=content_40.json
CN-P-000363,8b626a0f225a00ab279ee97b4de535955b007da47c877f05b2ed7673a0fb57ef,中国国家博物馆,,北京市,,,非A,红色旅游,unknown,covered,红色旅游经典景区,https://www.mct.gov.cn/tourism/#/list,API目录ID-40/2026-09-04,知识库数据/02-景点库-北京.md,A006,,,,1,CN-POOL-20260904-r0,MCT内容ID=15653；来源文件=content_40.json
CN-P-000364,07e3e7913cfb7e7e4bca79ca2c35bb9cd4256ffe5d911c62df77708d95fd423e,中国人民革命军事博物馆,,北京市,,,非A,红色旅游,unknown,pending,红色旅游经典景区,https://www.mct.gov.cn/tourism/#/list,API目录ID-40/2026-09-04,,,尚未映射到可回跳的知识库景点卡,,,1,CN-POOL-20260904-r0,MCT内容ID=15654；来源文件=content_40.json
CN-P-000365,c0eb0aa60e734643bc7c5758cef019cae0668aea4271ba1722db050c97a02da5,顺义区焦庄户地道战遗址纪念馆,,北京市,,,非A,红色旅游,unknown,pending,红色旅游经典景区,https://www.mct.gov.cn/tourism/#/list,API目录ID-40/2026-09-04,,,尚未映射到可回跳的知识库景点卡,,,1,CN-POOL-20260904-r0,MCT内容ID=15655；来源文件=content_40.json
CN-P-000366,d64357889a1d654ce198b3d330d3fbc9400013629753498fe07e7ef67290e5a8,北京奥林匹克公园,,北京市,,,非A,红色旅游,unknown,pending,红色旅游经典景区,https://www.mct.gov.cn/tourism/#/list,API目录ID-40/2026-09-04,,,尚未映射到可回跳的知识库景点卡,,,1,CN-POOL-20260904-r0,MCT内容ID=15656；来源文件=content_40.json
CN-P-000367,01fdaee7b37de58dc3fdb40bfa3229cc801d9e4c43f578bdcc8f72e18ebfbb5f,圆明园遗址公园,,北京市,,,非A,红色旅游,unknown,pending,红色旅游经典景区,https://www.mct.gov.cn/tourism/#/list,API目录ID-40/2026-09-04,,,尚未映射到可回跳的知识库景点卡,,,1,CN-POOL-20260904-r0,MCT内容ID=15657；来源文件=content_40.json
CN-P-000368,a4e375acfa45f4947a2dd01c3b43a6a8c1b7d65ce846f8b12c0e87bfbd8c0ebc,北京规划展览馆,,北京市,,,非A,红色旅游,unknown,pending,红色旅游经典景区,https://www.mct.gov.cn/tourism/#/list,API目录ID-40/2026-09-04,,,尚未映射到可回跳的知识库景点卡,,,1,CN-POOL-20260904-r0,MCT内容ID=15658；来源文件=content_40.json
CN-P-000369,dd3379a8145c27796893c3efeee73543d2e035cea93600f0c0f72de98403c16d,宋庆龄故居,,北京市,,,非A,红色旅游,unknown,pending,红色旅游经典景区,https://www.mct.gov.cn/tourism/#/list,API目录ID-40/2026-09-04,,,尚未映射到可回跳的知识库景点卡,,,1,CN-POOL-20260904-r0,MCT内容ID=15659；来源文件=content_40.json
CN-P-000370,4bb93d58166c71f62bec65bef8fb977e4b988b8f18e8e824f4b357c2539f4fe1,香山双清别墅,,北京市,,,非A,红色旅游,unknown,pending,红色旅游经典景区,https://www.mct.gov.cn/tourism/#/list,API目录ID-40/2026-09-04,,,尚未映射到可回跳的知识库景点卡,,,1,CN-POOL-20260904-r0,MCT内容ID=15660；来源文件=content_40.json
CN-P-000371,1d7ed2ecc86e96ca5f7d2b0cd7e12bbf4703e949bfc8288eb95a2cac1c918039,房山区没有共产党就没有新中国纪念馆,,北京市,,,非A,红色旅游,unknown,pending,红色旅游经典景区,https://www.mct.gov.cn/tourism/#/list,API目录ID-40/2026-09-04,,,尚未映射到可回跳的知识库景点卡,,,1,CN-POOL-20260904-r0,MCT内容ID=15661；来源文件=content_40.json
CN-P-000372,9c226587671e061bc479bcc5ae055969fde4eb2fd2d5085e4f50000564c986db,冀热察挺进军司令部旧址陈列馆,,北京市,,,非A,红色旅游,unknown,pending,红色旅游经典景区,https://www.mct.gov.cn/tourism/#/list,API目录ID-40/2026-09-04,,,尚未映射到可回跳的知识库景点卡,,,1,CN-POOL-20260904-r0,MCT内容ID=15662；来源文件=content_40.json
CN-P-000373,baa0e9ffd08f418ca4cd313718cc2132a6f05877d1efbff5245dc2eb561ff32c,中国航空博物馆,,北京市,,,非A,红色旅游,unknown,pending,红色旅游经典景区,https://www.mct.gov.cn/tourism/#/list,API目录ID-40/2026-09-04,,,尚未映射到可回跳的知识库景点卡,,,1,CN-POOL-20260904-r0,MCT内容ID=15663；来源文件=content_40.json
CN-P-000374,a2a42f28aca7c3e030278e6ebd548ddb3d6179830ee6158efe3b8adf79be5b5e,周恩来邓颖超纪念馆,,天津市,,,非A,红色旅游,unknown,pending,红色旅游经典景区,https://www.mct.gov.cn/tourism/#/list,API目录ID-40/2026-09-04,,,尚未映射到可回跳的知识库景点卡,,,1,CN-POOL-20260904-r0,MCT内容ID=15664；来源文件=content_40.json
CN-P-000375,9bfcf53748a2ad5aec6e0297663b8a8a2488f0544ff83ba5e3914a29e5f17093,平津战役纪念馆,,天津市,,,非A,红色旅游,unknown,pending,红色旅游经典景区,https://www.mct.gov.cn/tourism/#/list,API目录ID-40/2026-09-04,,,尚未映射到可回跳的知识库景点卡,,,1,CN-POOL-20260904-r0,MCT内容ID=15665；来源文件=content_40.json
CN-P-000376,911cb49f05fd4013c12cfce3ddfb35347ec6d8b60788d8897ace77dfff4f8729,盘山烈士陵园,,天津市,,,非A,红色旅游,unknown,pending,红色旅游经典景区,https://www.mct.gov.cn/tourism/#/list,API目录ID-40/2026-09-04,,,尚未映射到可回跳的知识库景点卡,,,1,CN-POOL-20260904-r0,MCT内容ID=15666；来源文件=content_40.json
CN-P-000377,f385cef942b6eea67dd82f4bf2b308b776b4ecf5e9017908743bc6b4f707bc4c,河北区天津市规划展览馆,,天津市,,,非A,红色旅游,unknown,pending,红色旅游经典景区,https://www.mct.gov.cn/tourism/#/list,API目录ID-40/2026-09-04,,,尚未映射到可回跳的知识库景点卡,,,1,CN-POOL-20260904-r0,MCT内容ID=15667；来源文件=content_40.json
CN-P-000378,5c2992630cdb899f03116b6a1c5b2074329b498168f349b5c5020b03b60493a9,和平区中共中央北方局旧址纪念馆,,天津市,,,非A,红色旅游,unknown,pending,红色旅游经典景区,https://www.mct.gov.cn/tourism/#/list,API目录ID-40/2026-09-04,,,尚未映射到可回跳的知识库景点卡,,,1,CN-POOL-20260904-r0,MCT内容ID=15668；来源文件=content_40.json
CN-P-000379,304bbb40395765c7570fe5d82f569daf5ff107838466740639bfbdedbde3c637,大沽口炮台遗址博物馆,,天津市,,,非A,红色旅游,unknown,pending,红色旅游经典景区,https://www.mct.gov.cn/tourism/#/list,API目录ID-40/2026-09-04,,,尚未映射到可回跳的知识库景点卡,,,1,CN-POOL-20260904-r0,MCT内容ID=15669；来源文件=content_40.json
CN-P-000380,bf73e1fcfcba13b452ec2b2f9a36726f323c970282938b6ec221309f1736989d,石家庄市平山县西柏坡红色旅游系列景区（点）,,河北省,,,非A,红色旅游,unknown,pending,红色旅游经典景区,https://www.mct.gov.cn/tourism/#/list,API目录ID-40/2026-09-04,,,尚未映射到可回跳的知识库景点卡,,,1,CN-POOL-20260904-r0,MCT内容ID=15670；来源文件=content_40.json
CN-P-000381,70831749c0aaa19a5f9c0a2291bb5022eac2c9fcd76d7eff7a9d35e76b1ce052,石家庄市华北军区烈士陵园,,河北省,,,非A,红色旅游,unknown,pending,红色旅游经典景区,https://www.mct.gov.cn/tourism/#/list,API目录ID-40/2026-09-04,,,尚未映射到可回跳的知识库景点卡,,,1,CN-POOL-20260904-r0,MCT内容ID=15671；来源文件=content_40.json
CN-P-000382,1a003d59ee3917bcc142f386bfeb1cfc37f83b2c9f55816c818528825e307e5d,邯郸市红色旅游系列景区,,河北省,,,非A,红色旅游,unknown,pending,红色旅游经典景区,https://www.mct.gov.cn/tourism/#/list,API目录ID-40/2026-09-04,,,尚未映射到可回跳的知识库景点卡,,,1,CN-POOL-20260904-r0,MCT内容ID=15672；来源文件=content_40.json
CN-P-000383,05a33046e382bd000e47496e3ddba63cf090d744d0e487aa61fa56a152e6e25b,保定市红色旅游系列景区,,河北省,,,非A,红色旅游,unknown,pending,红色旅游经典景区,https://www.mct.gov.cn/tourism/#/list,API目录ID-40/2026-09-04,,,尚未映射到可回跳的知识库景点卡,,,1,CN-POOL-20260904-r0,MCT内容ID=15673；来源文件=content_40.json
CN-P-000384,0d714f79a2aee2f8c9d7163ad1cd8dde62ad5cca33d31d4c1517f4a7e1be9d2a,唐山市红色旅游系列景区,,河北省,,,非A,红色旅游,unknown,pending,红色旅游经典景区,https://www.mct.gov.cn/tourism/#/list,API目录ID-40/2026-09-04,,,尚未映射到可回跳的知识库景点卡,,,1,CN-POOL-20260904-r0,MCT内容ID=15674；来源文件=content_40.json
CN-P-000385,f95de7c5892a9ff76db58755c66379ca7a8395cbc04020c14bf9945fb0ed8339,邢台市邢台县中国人民抗日军事政治大学陈列馆,,河北省,,,非A,红色旅游,unknown,pending,红色旅游经典景区,https://www.mct.gov.cn/tourism/#/list,API目录ID-40/2026-09-04,,,尚未映射到可回跳的知识库景点卡,,,1,CN-POOL-20260904-r0,MCT内容ID=15675；来源文件=content_40.json
CN-P-000386,54889c366c242ab4ac666591ba5eff2ed517a9dab61c027ace660c6a22716151,沧州市献县马本斋烈士纪念馆,,河北省,,,非A,红色旅游,unknown,pending,红色旅游经典景区,https://www.mct.gov.cn/tourism/#/list,API目录ID-40/2026-09-04,,,尚未映射到可回跳的知识库景点卡,,,1,CN-POOL-20260904-r0,MCT内容ID=15676；来源文件=content_40.json
CN-P-000387,a5df88ae706b79daef362fb9faf79072dc55431055c2101d69549ecca0b90b22,承德市隆化县董存瑞烈士陵园及纪念馆,,河北省,,,非A,红色旅游,unknown,pending,红色旅游经典景区,https://www.mct.gov.cn/tourism/#/list,API目录ID-40/2026-09-04,,,尚未映射到可回跳的知识库景点卡,,,1,CN-POOL-20260904-r0,MCT内容ID=15677；来源文件=content_40.json
CN-P-000388,606da0a5770b37930ba358a561d55379e212daa217ed530e48737fcac92fe455,唐山市开滦矿山博物馆,,河北省,,,非A,红色旅游,unknown,pending,红色旅游经典景区,https://www.mct.gov.cn/tourism/#/list,API目录ID-40/2026-09-04,,,尚未映射到可回跳的知识库景点卡,,,1,CN-POOL-20260904-r0,MCT内容ID=15678；来源文件=content_40.json
CN-P-000389,d11bbb357853b4ac47b8367ab0ecf4b71675ac953362d4be8af40c128c4d062e,承德市宽城县、唐山市迁西县喜峰口长城抗战遗址,,河北省,,,非A,红色旅游,unknown,pending,红色旅游经典景区,https://www.mct.gov.cn/tourism/#/list,API目录ID-40/2026-09-04,,,尚未映射到可回跳的知识库景点卡,,,1,CN-POOL-20260904-r0,MCT内容ID=15679；来源文件=content_40.json
CN-P-000390,1572a17d741fe021d3bf9ae902ddfa37433501e2077be711f6a53e91f00ec98d,邢台市邢台县前南峪村,,河北省,,,非A,红色旅游,unknown,pending,红色旅游经典景区,https://www.mct.gov.cn/tourism/#/list,API目录ID-40/2026-09-04,,,尚未映射到可回跳的知识库景点卡,,,1,CN-POOL-20260904-r0,MCT内容ID=15680；来源文件=content_40.json
CN-P-000391,b896bbae92776105f14dadb7737efec0e249d6e4985e96a68dc98418461d00c0,唐山市唐山地震遗址纪念公园,,河北省,,,非A,红色旅游,unknown,pending,红色旅游经典景区,https://www.mct.gov.cn/tourism/#/list,API目录ID-40/2026-09-04,,,尚未映射到可回跳的知识库景点卡,,,1,CN-POOL-20260904-r0,MCT内容ID=15681；来源文件=content_40.json
CN-P-000392,d2fc090034795be320dfcf1fb9fcd33f900f2282192ea5655096bb0218cfe859,张家口市张北国防教育基地,,河北省,,,非A,红色旅游,unknown,pending,红色旅游经典景区,https://www.mct.gov.cn/tourism/#/list,API目录ID-40/2026-09-04,,,尚未映射到可回跳的知识库景点卡,,,1,CN-POOL-20260904-r0,MCT内容ID=15682；来源文件=content_40.json
CN-P-000393,7633e253187347be4adf80fe4e042587348b1538d0941f3df01ea745d8181801,张家口市红色旅游系列景区,,河北省,,,非A,红色旅游,unknown,pending,红色旅游经典景区,https://www.mct.gov.cn/tourism/#/list,API目录ID-40/2026-09-04,,,尚未映射到可回跳的知识库景点卡,,,1,CN-POOL-20260904-r0,MCT内容ID=15683；来源文件=content_40.json
CN-P-000394,418527580c5873a14a4a268be0be22192ad70bdf45a2c8068595ace71c03efe2,长治市红色旅游系列景区,,山西省,,,非A,红色旅游,unknown,pending,红色旅游经典景区,https://www.mct.gov.cn/tourism/#/list,API目录ID-40/2026-09-04,,,尚未映射到可回跳的知识库景点卡,,,1,CN-POOL-20260904-r0,MCT内容ID=15684；来源文件=content_40.json
CN-P-000395,751919259c813c5793f24c4ebb4c54ea063e692d538d68314e4d6db08bd428a6,晋中市左权县麻田八路军前方总部旧址景区、左权将军殉难处,,山西省,,,非A,红色旅游,unknown,pending,红色旅游经典景区,https://www.mct.gov.cn/tourism/#/list,API目录ID-40/2026-09-04,,,尚未映射到可回跳的知识库景点卡,,,1,CN-POOL-20260904-r0,MCT内容ID=15685；来源文件=content_40.json
CN-P-000396,8f2e43b4525c2f5cf86e54b22a62b6f6649a96f7163ccf612c99b48c3e54bbd9,大同市红色旅游系列景区,,山西省,,,非A,红色旅游,unknown,pending,红色旅游经典景区,https://www.mct.gov.cn/tourism/#/list,API目录ID-40/2026-09-04,,,尚未映射到可回跳的知识库景点卡,,,1,CN-POOL-20260904-r0,MCT内容ID=15686；来源文件=content_40.json
CN-P-000397,11ce364865084431d654c51f96583260b2df1aa3d6a86789e624aaf19d07ec26,忻州市红色旅游系列景区,,山西省,,,非A,红色旅游,unknown,pending,红色旅游经典景区,https://www.mct.gov.cn/tourism/#/list,API目录ID-40/2026-09-04,,,尚未映射到可回跳的知识库景点卡,,,1,CN-POOL-20260904-r0,MCT内容ID=15687；来源文件=content_40.json
CN-P-000398,7e3400928bbf50cca9bc955528e2da41f8cde36ddd18f0b876fd769677b3e3ad,吕梁市红色旅游系列景区,,山西省,,,非A,红色旅游,unknown,pending,红色旅游经典景区,https://www.mct.gov.cn/tourism/#/list,API目录ID-40/2026-09-04,,,尚未映射到可回跳的知识库景点卡,,,1,CN-POOL-20260904-r0,MCT内容ID=15688；来源文件=content_40.json
CN-P-000399,7a8d94a9cc74d353e94ec7f889a1efe38b08039ff2746e5785ced2f5275833eb,太原市红色旅游系列景区,,山西省,,,非A,红色旅游,unknown,pending,红色旅游经典景区,https://www.mct.gov.cn/tourism/#/list,API目录ID-40/2026-09-04,,,尚未映射到可回跳的知识库景点卡,,,1,CN-POOL-20260904-r0,MCT内容ID=15689；来源文件=content_40.json
CN-P-000400,0526bf49056667feacefcb28eff1083d61d20eca9eca11b62a541fb7539cd951,阳泉市狮脑山百团大战遗址,,山西省,,,非A,红色旅游,unknown,pending,红色旅游经典景区,https://www.mct.gov.cn/tourism/#/list,API目录ID-40/2026-09-04,,,尚未映射到可回跳的知识库景点卡,,,1,CN-POOL-20260904-r0,MCT内容ID=15690；来源文件=content_40.json
CN-P-000401,7699e3fc9ec503ebae8df191039ec01ef368b5d8d16b1f1d994946641544adf0,吕梁市石楼县红军东征纪念馆,,山西省,,,非A,红色旅游,unknown,pending,红色旅游经典景区,https://www.mct.gov.cn/tourism/#/list,API目录ID-40/2026-09-04,,,尚未映射到可回跳的知识库景点卡,,,1,CN-POOL-20260904-r0,MCT内容ID=15691；来源文件=content_40.json
CN-P-000402,80516e8dfce334427a276b6cecaf2d5e327764168010f66d4142465d157de3f2,晋中市昔阳县大寨展览馆及长治市平顺西沟展览馆,,山西省,,,非A,红色旅游,unknown,pending,红色旅游经典景区,https://www.mct.gov.cn/tourism/#/list,API目录ID-40/2026-09-04,,,尚未映射到可回跳的知识库景点卡,,,1,CN-POOL-20260904-r0,MCT内容ID=15692；来源文件=content_40.json
CN-P-000403,581a57d17587ed1d52b2e3a45db2b0d55ea993f539cd44b35ff832f76e7a186e,呼和浩特市红色旅游系列景区,,内蒙古自治区,,,非A,红色旅游,unknown,pending,红色旅游经典景区,https://www.mct.gov.cn/tourism/#/list,API目录ID-40/2026-09-04,,,尚未映射到可回跳的知识库景点卡,,,1,CN-POOL-20260904-r0,MCT内容ID=15693；来源文件=content_40.json
CN-P-000404,72f908d0fd3eb1a0ffbc3a82fdec10b4477b91bc0b12bac5b29208874305e347,满洲里市红色国际秘密交通线教育基地,,内蒙古自治区,,,非A,红色旅游,unknown,pending,红色旅游经典景区,https://www.mct.gov.cn/tourism/#/list,API目录ID-40/2026-09-04,,,尚未映射到可回跳的知识库景点卡,,,1,CN-POOL-20260904-r0,MCT内容ID=15694；来源文件=content_40.json
CN-P-000405,455d24dd0ad90d14ff48e8b79a487f10dee7b717251851eccfe2549800d06230,乌兰浩特市内蒙古自治区政府成立纪念地,,内蒙古自治区,,,非A,红色旅游,unknown,pending,红色旅游经典景区,https://www.mct.gov.cn/tourism/#/list,API目录ID-40/2026-09-04,,,尚未映射到可回跳的知识库景点卡,,,1,CN-POOL-20260904-r0,MCT内容ID=15695；来源文件=content_40.json
CN-P-000406,403af06fd02524964500182f368677b95d123dd656d9c813553f6bdc6f42c414,呼伦贝尔市世界反法西斯战争海拉尔纪念园,,内蒙古自治区,,,非A,红色旅游,unknown,pending,红色旅游经典景区,https://www.mct.gov.cn/tourism/#/list,API目录ID-40/2026-09-04,,,尚未映射到可回跳的知识库景点卡,,,1,CN-POOL-20260904-r0,MCT内容ID=15696；来源文件=content_40.json
CN-P-000407,7e4444b9f48bc638c5fb361b017532042fd53963f21be83d047382164c0c39bd,锡林郭勒盟多伦县察哈尔抗战遗址,,内蒙古自治区,,,非A,红色旅游,unknown,pending,红色旅游经典景区,https://www.mct.gov.cn/tourism/#/list,API目录ID-40/2026-09-04,,,尚未映射到可回跳的知识库景点卡,,,1,CN-POOL-20260904-r0,MCT内容ID=15697；来源文件=content_40.json
CN-P-000408,a0a1634324d9fcc3b701ea0a000dfb2c82ad5ad0467b2554892c940238b0c406,乌兰察布市绥蒙革命纪念馆及田家镇惨案遗址，集宁战役红色纪念地,,内蒙古自治区,,,非A,红色旅游,unknown,pending,红色旅游经典景区,https://www.mct.gov.cn/tourism/#/list,API目录ID-40/2026-09-04,,,尚未映射到可回跳的知识库景点卡,,,1,CN-POOL-20260904-r0,MCT内容ID=15698；来源文件=content_40.json
CN-P-000409,9b88d32e8026ff215ebfd0760e534c2e57412e6ab7bc722474d42845302f5745,和林格尔县绥南革命根据地遗址,,内蒙古自治区,,,非A,红色旅游,unknown,pending,红色旅游经典景区,https://www.mct.gov.cn/tourism/#/list,API目录ID-40/2026-09-04,,,尚未映射到可回跳的知识库景点卡,,,1,CN-POOL-20260904-r0,MCT内容ID=15699；来源文件=content_40.json
CN-P-000410,de62d9739879d422568b959574cd43b4026921f034dae204cd8984ec383e7582,呼伦贝尔市诺门罕战役遗址及陈列馆,,内蒙古自治区,,,非A,红色旅游,unknown,pending,红色旅游经典景区,https://www.mct.gov.cn/tourism/#/list,API目录ID-40/2026-09-04,,,尚未映射到可回跳的知识库景点卡,,,1,CN-POOL-20260904-r0,MCT内容ID=15700；来源文件=content_40.json
CN-P-000411,bdd9dbe52c35c3cec888fa1fc656e47c06439095b252535caaf203fed62e083b,沈阳市红色旅游系列景区,,辽宁省,,,非A,红色旅游,unknown,pending,红色旅游经典景区,https://www.mct.gov.cn/tourism/#/list,API目录ID-40/2026-09-04,,,尚未映射到可回跳的知识库景点卡,,,1,CN-POOL-20260904-r0,MCT内容ID=15701；来源文件=content_40.json
CN-P-000412,cae0f0b8e42beda4dfbbf62086189e9011cae9ae6983f40982d50388d2b5d834,抚顺市红色旅游系列景区,,辽宁省,,,非A,红色旅游,unknown,pending,红色旅游经典景区,https://www.mct.gov.cn/tourism/#/list,API目录ID-40/2026-09-04,,,尚未映射到可回跳的知识库景点卡,,,1,CN-POOL-20260904-r0,MCT内容ID=15702；来源文件=content_40.json
CN-P-000413,a5413c3e63e9df62e7bff2ef875a98600fce40816229f9dae14e3f760a8e5b5d,丹东市抗美援朝纪念馆、鸭绿江断桥景区,,辽宁省,,,非A,红色旅游,unknown,pending,红色旅游经典景区,https://www.mct.gov.cn/tourism/#/list,API目录ID-40/2026-09-04,,,尚未映射到可回跳的知识库景点卡,,,1,CN-POOL-20260904-r0,MCT内容ID=15703；来源文件=content_40.json
CN-P-000414,c0f83f09e39dbe382a7a0a50feaa7ff0de723491e762f634712cb8f7054ca497,锦州市红色旅游系列景区,,辽宁省,,,非A,红色旅游,unknown,pending,红色旅游经典景区,https://www.mct.gov.cn/tourism/#/list,API目录ID-40/2026-09-04,,,尚未映射到可回跳的知识库景点卡,,,1,CN-POOL-20260904-r0,MCT内容ID=15704；来源文件=content_40.json
CN-P-000415,7d71ebd89d44c6b15d8deb81e20690b44c2f5d3cb92f6975a3e847d3d5d8d123,葫芦岛市塔山阻击战纪念馆,,辽宁省,,,非A,红色旅游,unknown,pending,红色旅游经典景区,https://www.mct.gov.cn/tourism/#/list,API目录ID-40/2026-09-04,,,尚未映射到可回跳的知识库景点卡,,,1,CN-POOL-20260904-r0,MCT内容ID=15705；来源文件=content_40.json
CN-P-000416,6f348269af54e9466be1ead03d4ef4495adbbd416a48aeb40ea7e430306c2ad6,大连市关向应故居纪念馆,,辽宁省,,,非A,红色旅游,unknown,pending,红色旅游经典景区,https://www.mct.gov.cn/tourism/#/list,API目录ID-40/2026-09-04,,,尚未映射到可回跳的知识库景点卡,,,1,CN-POOL-20260904-r0,MCT内容ID=15706；来源文件=content_40.json
CN-P-000417,7d657e3ba9bdf1d1d52e2abfb467789138e97193dd6f5f0a33924c17c42af984,抚顺市雷锋纪念馆,,辽宁省,,,非A,红色旅游,unknown,pending,红色旅游经典景区,https://www.mct.gov.cn/tourism/#/list,API目录ID-40/2026-09-04,,,尚未映射到可回跳的知识库景点卡,,,1,CN-POOL-20260904-r0,MCT内容ID=15707；来源文件=content_40.json
CN-P-000418,8a4d9583e820486071d2de613b2dd3b12b8794e5da685b73277f59dc880345aa,朝阳市赵尚志纪念馆,,辽宁省,,,非A,红色旅游,unknown,pending,红色旅游经典景区,https://www.mct.gov.cn/tourism/#/list,API目录ID-40/2026-09-04,,,尚未映射到可回跳的知识库景点卡,,,1,CN-POOL-20260904-r0,MCT内容ID=15708；来源文件=content_40.json
CN-P-000419,5f07645935de7880d78b557581b373de5d6c30da37cec1eae0b0d072c1920315,本溪市东北抗联史实陈列馆,,辽宁省,,,非A,红色旅游,unknown,pending,红色旅游经典景区,https://www.mct.gov.cn/tourism/#/list,API目录ID-40/2026-09-04,,,尚未映射到可回跳的知识库景点卡,,,1,CN-POOL-20260904-r0,MCT内容ID=15709；来源文件=content_40.json
CN-P-000420,ceda68f2e65faa4d129ec816b9201a7bb11c8e42dc54754f7ef6ce8b26835c0f,东北老工业基地转型发展系列景区,,辽宁省,,,非A,红色旅游,unknown,pending,红色旅游经典景区,https://www.mct.gov.cn/tourism/#/list,API目录ID-40/2026-09-04,,,尚未映射到可回跳的知识库景点卡,,,1,CN-POOL-20260904-r0,MCT内容ID=15710；来源文件=content_40.json
CN-P-000421,5655cefbcfbb5e495cdec30f8bd537e3cfe7640628d567a450ee8e84396fdd63,沈阳二战盟军战俘营旧址陈列馆,,辽宁省,,,非A,红色旅游,unknown,pending,红色旅游经典景区,https://www.mct.gov.cn/tourism/#/list,API目录ID-40/2026-09-04,,,尚未映射到可回跳的知识库景点卡,,,1,CN-POOL-20260904-r0,MCT内容ID=15711；来源文件=content_40.json
CN-P-000422,be6639b6bfdd214f6097f1b99f21a968ef2f21ee0e9d826a943a7cb867817301,阜新“万人坑”死难矿工纪念馆,,辽宁省,,,非A,红色旅游,unknown,pending,红色旅游经典景区,https://www.mct.gov.cn/tourism/#/list,API目录ID-40/2026-09-04,,,尚未映射到可回跳的知识库景点卡,,,1,CN-POOL-20260904-r0,MCT内容ID=15712；来源文件=content_40.json
CN-P-000423,5e5b1465e88924bebc033e3ea30131fbee41d219933bbfa028eb4bacd7d74668,四平市红色旅游系列景区,,吉林省,,,非A,红色旅游,unknown,pending,红色旅游经典景区,https://www.mct.gov.cn/tourism/#/list,API目录ID-40/2026-09-04,,,尚未映射到可回跳的知识库景点卡,,,1,CN-POOL-20260904-r0,MCT内容ID=15713；来源文件=content_40.json
CN-P-000424,de4847e18f6582e869395c86d74500548f12c2b595844eb696fea4992e8926c0,白山市红色旅游系列景区,,吉林省,,,非A,红色旅游,unknown,pending,红色旅游经典景区,https://www.mct.gov.cn/tourism/#/list,API目录ID-40/2026-09-04,,,尚未映射到可回跳的知识库景点卡,,,1,CN-POOL-20260904-r0,MCT内容ID=15714；来源文件=content_40.json
CN-P-000425,e195008eb8dca8180dbb2e613943329f127f0ff32968dae7875ebf12e2c8a040,通化市杨靖宇烈士陵园,,吉林省,,,非A,红色旅游,unknown,pending,红色旅游经典景区,https://www.mct.gov.cn/tourism/#/list,API目录ID-40/2026-09-04,,,尚未映射到可回跳的知识库景点卡,,,1,CN-POOL-20260904-r0,MCT内容ID=15715；来源文件=content_40.json
CN-P-000426,2729aaae0c2785ea8058a872e27bc2f3b5d05ff8744d7dc5f33d54231dbd15c1,长春市东北沦陷史陈列馆,,吉林省,,,非A,红色旅游,unknown,pending,红色旅游经典景区,https://www.mct.gov.cn/tourism/#/list,API目录ID-40/2026-09-04,,,尚未映射到可回跳的知识库景点卡,,,1,CN-POOL-20260904-r0,MCT内容ID=15716；来源文件=content_40.json
CN-P-000427,b72d50a01a145503fc85adf2530253cd5ebc84bd793b3e5b8e13933ceb3dbecd,长春市长春电影制片厂,,吉林省,,,非A,红色旅游,unknown,pending,红色旅游经典景区,https://www.mct.gov.cn/tourism/#/list,API目录ID-40/2026-09-04,,,尚未映射到可回跳的知识库景点卡,,,1,CN-POOL-20260904-r0,MCT内容ID=15717；来源文件=content_40.json
CN-P-000428,01fc56eefc3773d571412b304f10bb9eb279b07b9c01f7af84906143cff85fa8,辽源市侵华日军高级战俘营旧址,,吉林省,,,非A,红色旅游,unknown,pending,红色旅游经典景区,https://www.mct.gov.cn/tourism/#/list,API目录ID-40/2026-09-04,,,尚未映射到可回跳的知识库景点卡,,,1,CN-POOL-20260904-r0,MCT内容ID=15718；来源文件=content_40.json
CN-P-000429,36246f57f0e523e6b92d20727656fb031be9827d146cd0b990150260ab7b4775,白城市中共辽吉省委辽北省政府办公旧址和侵华日军机场遗址群,,吉林省,,,非A,红色旅游,unknown,pending,红色旅游经典景区,https://www.mct.gov.cn/tourism/#/list,API目录ID-40/2026-09-04,,,尚未映射到可回跳的知识库景点卡,,,1,CN-POOL-20260904-r0,MCT内容ID=15719；来源文件=content_40.json
CN-P-000430,add1fbc57039d6ab7821843d975706fd967b95c74d6b890c001d229d2028ab96,珲春大荒沟抗日根据地遗址,,吉林省,,,非A,红色旅游,unknown,pending,红色旅游经典景区,https://www.mct.gov.cn/tourism/#/list,API目录ID-40/2026-09-04,,,尚未映射到可回跳的知识库景点卡,,,1,CN-POOL-20260904-r0,MCT内容ID=15720；来源文件=content_40.json
CN-P-000431,2c406909e6a22cb7664356047eeddff5e28bac368de577098959e911460419ba,哈尔滨市红色旅游系列景区,,黑龙江省,,,非A,红色旅游,unknown,pending,红色旅游经典景区,https://www.mct.gov.cn/tourism/#/list,API目录ID-40/2026-09-04,,,尚未映射到可回跳的知识库景点卡,,,1,CN-POOL-20260904-r0,MCT内容ID=15721；来源文件=content_40.json
CN-P-000432,c0dcff52f83d7b75a37229c09177b77b14886836ae8a8ad20cd3567a6dd87ae2,哈尔滨市尚志市红色旅游系列景区,,黑龙江省,,,非A,红色旅游,unknown,pending,红色旅游经典景区,https://www.mct.gov.cn/tourism/#/list,API目录ID-40/2026-09-04,,,尚未映射到可回跳的知识库景点卡,,,1,CN-POOL-20260904-r0,MCT内容ID=15722；来源文件=content_40.json
CN-P-000433,92267d0357ac67099e54873abd0b2a8d4c2854ef751cc37cedc649f526a120ef,牡丹江市红色旅游系列景区,,黑龙江省,,,非A,红色旅游,unknown,pending,红色旅游经典景区,https://www.mct.gov.cn/tourism/#/list,API目录ID-40/2026-09-04,,,尚未映射到可回跳的知识库景点卡,,,1,CN-POOL-20260904-r0,MCT内容ID=15723；来源文件=content_40.json
CN-P-000434,d552dca3aa26d03ea21f95460ec00c74559254e576c0391da1a0063a402a246b,大庆市大庆油田历史陈列馆及铁人王进喜纪念馆,,黑龙江省,,,非A,红色旅游,unknown,pending,红色旅游经典景区,https://www.mct.gov.cn/tourism/#/list,API目录ID-40/2026-09-04,,,尚未映射到可回跳的知识库景点卡,,,1,CN-POOL-20260904-r0,MCT内容ID=15724；来源文件=content_40.json
CN-P-000435,a8ecf09c64b57d64b88d9a4f5cfa3c3a6ccfd8a6f28de2db0cd5f522f4616b19,齐齐哈尔市江桥抗战纪念地,,黑龙江省,,,非A,红色旅游,unknown,pending,红色旅游经典景区,https://www.mct.gov.cn/tourism/#/list,API目录ID-40/2026-09-04,,,尚未映射到可回跳的知识库景点卡,,,1,CN-POOL-20260904-r0,MCT内容ID=15725；来源文件=content_40.json
CN-P-000436,aabd851e9e6c6097bdaa9d52204b51a6a789742b4c6268ff3dd2b6d273597a33,哈尔滨市中国人民解放军第四野战军前线指挥部旧址,,黑龙江省,,,非A,红色旅游,unknown,pending,红色旅游经典景区,https://www.mct.gov.cn/tourism/#/list,API目录ID-40/2026-09-04,,,尚未映射到可回跳的知识库景点卡,,,1,CN-POOL-20260904-r0,MCT内容ID=15726；来源文件=content_40.json
CN-P-000437,b499648e2c51527c8fe7b05f08f6fcf07831c8e8ded79a0d32f54576bd488fa5,鸡西市密山市中国空军诞生地—东北民主联军航空学校旧址纪念馆、侵华日军鸡西罪证陈列馆,,黑龙江省,,,非A,红色旅游,unknown,pending,红色旅游经典景区,https://www.mct.gov.cn/tourism/#/list,API目录ID-40/2026-09-04,,,尚未映射到可回跳的知识库景点卡,,,1,CN-POOL-20260904-r0,MCT内容ID=15727；来源文件=content_40.json
CN-P-000438,a33e7fa3e2bf6865b21777500724bc7e74f453269196a3daa0ac1a282748b7f6,北大荒开发纪念地,,黑龙江省,,,非A,红色旅游,unknown,pending,红色旅游经典景区,https://www.mct.gov.cn/tourism/#/list,API目录ID-40/2026-09-04,,,尚未映射到可回跳的知识库景点卡,,,1,CN-POOL-20260904-r0,MCT内容ID=15728；来源文件=content_40.json
CN-P-000439,7ded69b7abf14ced5c31e07942d8b421a282946e3d48852668eb58d9e76a440a,鸡西市侵华日军虎头要塞遗址及牡丹江市侵华日军东宁要塞遗址,,黑龙江省,,,非A,红色旅游,unknown,pending,红色旅游经典景区,https://www.mct.gov.cn/tourism/#/list,API目录ID-40/2026-09-04,,,尚未映射到可回跳的知识库景点卡,,,1,CN-POOL-20260904-r0,MCT内容ID=15729；来源文件=content_40.json
CN-P-000440,195a999b2dd6ec990626b456b5f382e1285845cc35182ddb58ab05c62c6f2a6e,绥芬河市秘密交通线纪念馆,,黑龙江省,,,非A,红色旅游,unknown,pending,红色旅游经典景区,https://www.mct.gov.cn/tourism/#/list,API目录ID-40/2026-09-04,,,尚未映射到可回跳的知识库景点卡,,,1,CN-POOL-20260904-r0,MCT内容ID=15730；来源文件=content_40.json
CN-P-000441,88fe4e4b6ad8effe442d7980af6e23f038afb191a707b480e489982e106f0b1b,黑河市瑷珲历史陈列馆,,黑龙江省,,,非A,红色旅游,unknown,pending,红色旅游经典景区,https://www.mct.gov.cn/tourism/#/list,API目录ID-40/2026-09-04,,,尚未映射到可回跳的知识库景点卡,,,1,CN-POOL-20260904-r0,MCT内容ID=15731；来源文件=content_40.json
CN-P-000442,e9a70ada43636fca68647437eff4e4ee297bda139879a4d07890447b24e71fe8,哈尔滨市哈军工纪念馆,,黑龙江省,,,非A,红色旅游,unknown,pending,红色旅游经典景区,https://www.mct.gov.cn/tourism/#/list,API目录ID-40/2026-09-04,,,尚未映射到可回跳的知识库景点卡,,,1,CN-POOL-20260904-r0,MCT内容ID=15732；来源文件=content_40.json
CN-P-000443,00b8de88de31f2d942f8fc56234ad47d9e06bcfcd0be27e88bfcbbcd95e13c8f,上海红色旅游系列景区,,上海市,,,非A,红色旅游,unknown,pending,红色旅游经典景区,https://www.mct.gov.cn/tourism/#/list,API目录ID-40/2026-09-04,,,尚未映射到可回跳的知识库景点卡,,,1,CN-POOL-20260904-r0,MCT内容ID=15733；来源文件=content_40.json
CN-P-000444,512b97481c01980108bad9c27952fd9e2f73ddaca9ed49a13c3f79e779b2f0a4,上海城市规划展示馆,,上海市,,,非A,红色旅游,unknown,pending,红色旅游经典景区,https://www.mct.gov.cn/tourism/#/list,API目录ID-40/2026-09-04,,,尚未映射到可回跳的知识库景点卡,,,1,CN-POOL-20260904-r0,MCT内容ID=15734；来源文件=content_40.json
CN-P-000445,d111218e672f5b210156e4197f3be6ebdde21cdd5e1d35ff901bf9e5e43c0568,上海鲁迅纪念馆,,上海市,,,非A,红色旅游,unknown,pending,红色旅游经典景区,https://www.mct.gov.cn/tourism/#/list,API目录ID-40/2026-09-04,,,尚未映射到可回跳的知识库景点卡,,,1,CN-POOL-20260904-r0,MCT内容ID=15735；来源文件=content_40.json
CN-P-000446,9f4d238b4ef450fd5fbe799e3e97445114105bb7c7db79f8948584bcd69c7a46,浦东陆家嘴金融贸易区,,上海市,,,非A,红色旅游,unknown,covered,红色旅游经典景区,https://www.mct.gov.cn/tourism/#/list,API目录ID-40/2026-09-04,知识库数据/02-景点库-上海.md,A335,,,,1,CN-POOL-20260904-r0,MCT内容ID=15736；来源文件=content_40.json
CN-P-000447,39f8d06482a7f57d38f9c1496aeff14cdcb50cacf6e34407f74daf0773204c03,上海世博园,,上海市,,,非A,红色旅游,unknown,pending,红色旅游经典景区,https://www.mct.gov.cn/tourism/#/list,API目录ID-40/2026-09-04,,,尚未映射到可回跳的知识库景点卡,,,1,CN-POOL-20260904-r0,MCT内容ID=15737；来源文件=content_40.json
CN-P-000448,a9f27c5f8a51c31f448c057bc924c14cffc89109caeb58d3bd02b65023a6e487,上海淞沪抗战纪念馆,,上海市,,,非A,红色旅游,unknown,pending,红色旅游经典景区,https://www.mct.gov.cn/tourism/#/list,API目录ID-40/2026-09-04,,,尚未映射到可回跳的知识库景点卡,,,1,CN-POOL-20260904-r0,MCT内容ID=15738；来源文件=content_40.json
CN-P-000449,844ee7f8d5407b8466fff232975f8f9baaae840bb33e945a57b3e94622ec49a6,上海四行仓库抗战纪念馆,,上海市,,,非A,红色旅游,unknown,pending,红色旅游经典景区,https://www.mct.gov.cn/tourism/#/list,API目录ID-40/2026-09-04,,,尚未映射到可回跳的知识库景点卡,,,1,CN-POOL-20260904-r0,MCT内容ID=15739；来源文件=content_40.json
CN-P-000450,f795547610ebbc39feec10d56cf183e6ce1dcfa3e9c6aadba411e6d1c8e55669,南京市红色旅游系列景区,,江苏省,,,非A,红色旅游,unknown,pending,红色旅游经典景区,https://www.mct.gov.cn/tourism/#/list,API目录ID-40/2026-09-04,,,尚未映射到可回跳的知识库景点卡,,,1,CN-POOL-20260904-r0,MCT内容ID=15740；来源文件=content_40.json
CN-P-000451,95e2b1f415b1e7af2702d15b66d415e3985bfb9f9ba65858feaf228eae3bae6b,江苏新四军红色旅游系列景区,,江苏省,,,非A,红色旅游,unknown,pending,红色旅游经典景区,https://www.mct.gov.cn/tourism/#/list,API目录ID-40/2026-09-04,,,尚未映射到可回跳的知识库景点卡,,,1,CN-POOL-20260904-r0,MCT内容ID=15741；来源文件=content_40.json
CN-P-000452,6b0930f9f536268e79836f9bca48b40a33288fae6784025a6221a0a7d9c0f108,徐州市淮海战役纪念馆，邳州市禹王山抗日阻击战遗址纪念园,,江苏省,,,非A,红色旅游,unknown,pending,红色旅游经典景区,https://www.mct.gov.cn/tourism/#/list,API目录ID-40/2026-09-04,,,尚未映射到可回跳的知识库景点卡,,,1,CN-POOL-20260904-r0,MCT内容ID=15742；来源文件=content_40.json
CN-P-000453,134c6868137a4b3378f64e70577fec484c2c192b3a290da057c6e1d603d77ef4,南通市海安县苏中七战七捷纪念馆,,江苏省,,,非A,红色旅游,unknown,pending,红色旅游经典景区,https://www.mct.gov.cn/tourism/#/list,API目录ID-40/2026-09-04,,,尚未映射到可回跳的知识库景点卡,,,1,CN-POOL-20260904-r0,MCT内容ID=15743；来源文件=content_40.json
CN-P-000454,1059f1b8901d4cc9b57d50324800daa99d8676447491ad3896ab1cea73c72ae8,淮安市红色旅游系列景区,,江苏省,,,非A,红色旅游,unknown,pending,红色旅游经典景区,https://www.mct.gov.cn/tourism/#/list,API目录ID-40/2026-09-04,,,尚未映射到可回跳的知识库景点卡,,,1,CN-POOL-20260904-r0,MCT内容ID=15744；来源文件=content_40.json
CN-P-000455,6514f0a82a4c5af99d64a5dc48709751f3f690ed723cd3170c33f1bb50f7fdd2,南京市中山陵,,江苏省,,,非A,红色旅游,unknown,pending,红色旅游经典景区,https://www.mct.gov.cn/tourism/#/list,API目录ID-40/2026-09-04,,,尚未映射到可回跳的知识库景点卡,,,1,CN-POOL-20260904-r0,MCT内容ID=15745；来源文件=content_40.json
CN-P-000456,24d9f306f43320ace2008584647bd986335018ae826c20a8094bd9a47c891d78,宿迁市雪枫公园,,江苏省,,,非A,红色旅游,unknown,pending,红色旅游经典景区,https://www.mct.gov.cn/tourism/#/list,API目录ID-40/2026-09-04,,,尚未映射到可回跳的知识库景点卡,,,1,CN-POOL-20260904-r0,MCT内容ID=15746；来源文件=content_40.json
CN-P-000457,04bd38c527f0b5e804bcbd818243d29297edb3cc851db664cafd34c9a4571072,泰州市中国人民解放军海军诞生地纪念馆,,江苏省,,,非A,红色旅游,unknown,pending,红色旅游经典景区,https://www.mct.gov.cn/tourism/#/list,API目录ID-40/2026-09-04,,,尚未映射到可回跳的知识库景点卡,,,1,CN-POOL-20260904-r0,MCT内容ID=15747；来源文件=content_40.json
CN-P-000458,603053937139060281b2492501dd0cf1c6f8b562fd5487a733d73fb46d342a35,常州市瞿秋白故居、张太雷故居及恽代英纪念广场,,江苏省,,,非A,红色旅游,unknown,pending,红色旅游经典景区,https://www.mct.gov.cn/tourism/#/list,API目录ID-40/2026-09-04,,,尚未映射到可回跳的知识库景点卡,,,1,CN-POOL-20260904-r0,MCT内容ID=15748；来源文件=content_40.json
CN-P-000459,19924cdcaa561c729ae6dbc9eb576eae1e17b1f670ad37a8098c2a54a1d3ffa1,南通市如皋市中国工农红军第十四军纪念馆,,江苏省,,,非A,红色旅游,unknown,pending,红色旅游经典景区,https://www.mct.gov.cn/tourism/#/list,API目录ID-40/2026-09-04,,,尚未映射到可回跳的知识库景点卡,,,1,CN-POOL-20260904-r0,MCT内容ID=15749；来源文件=content_40.json
CN-P-000460,adbb46df29814107a1610d52c4e2fe377500383f1402209b7559bd36fe481c65,连云港市赣榆区抗日山烈士陵园,,江苏省,,,非A,红色旅游,unknown,pending,红色旅游经典景区,https://www.mct.gov.cn/tourism/#/list,API目录ID-40/2026-09-04,,,尚未映射到可回跳的知识库景点卡,,,1,CN-POOL-20260904-r0,MCT内容ID=15750；来源文件=content_40.json
CN-P-000461,97d871bf13c6edcfa6d34f4923c41c4c05d3ecac7afb86495ebd0b8585cd459a,嘉兴市南湖风景名胜区（中共一大旧址）,,浙江省,,,非A,红色旅游,unknown,pending,红色旅游经典景区,https://www.mct.gov.cn/tourism/#/list,API目录ID-40/2026-09-04,,,尚未映射到可回跳的知识库景点卡,,,1,CN-POOL-20260904-r0,MCT内容ID=15751；来源文件=content_40.json
CN-P-000462,104ce0d6c8171c89cbebffca8cf95576eba19f4f327de7ff8378c6ec5a1888d0,绍兴市鲁迅故居及纪念馆,,浙江省,,,非A,红色旅游,unknown,pending,红色旅游经典景区,https://www.mct.gov.cn/tourism/#/list,API目录ID-40/2026-09-04,,,尚未映射到可回跳的知识库景点卡,,,1,CN-POOL-20260904-r0,MCT内容ID=15752；来源文件=content_40.json
CN-P-000463,44125d0f5dc83c67fc990431746cee65a4efd08f420c0b72f7d51eed4e4a0580,台州市解放一江山岛战役纪念地,,浙江省,,,非A,红色旅游,unknown,pending,红色旅游经典景区,https://www.mct.gov.cn/tourism/#/list,API目录ID-40/2026-09-04,,,尚未映射到可回跳的知识库景点卡,,,1,CN-POOL-20260904-r0,MCT内容ID=15753；来源文件=content_40.json
CN-P-000464,b4de5747878ba09ae54052633e67d4b436f1b67751b8619ede33263f77ec71de,温州市浙南（平阳）抗日根据地旧址,,浙江省,,,非A,红色旅游,unknown,pending,红色旅游经典景区,https://www.mct.gov.cn/tourism/#/list,API目录ID-40/2026-09-04,,,尚未映射到可回跳的知识库景点卡,,,1,CN-POOL-20260904-r0,MCT内容ID=15754；来源文件=content_40.json
CN-P-000465,e8a911e88430a397556c074d6488812bcaa90e6264199f32b3c51397e2eff045,宁波市浙东（四明山）抗日根据地旧址,,浙江省,,,非A,红色旅游,unknown,pending,红色旅游经典景区,https://www.mct.gov.cn/tourism/#/list,API目录ID-40/2026-09-04,,,尚未映射到可回跳的知识库景点卡,,,1,CN-POOL-20260904-r0,MCT内容ID=15755；来源文件=content_40.json
CN-P-000466,76c325a200002327a37c101e07f4f393463f28cf3a41c2708d253d81fcd41718,浙西南革命根据地旧址群,,浙江省,,,非A,红色旅游,unknown,pending,红色旅游经典景区,https://www.mct.gov.cn/tourism/#/list,API目录ID-40/2026-09-04,,,尚未映射到可回跳的知识库景点卡,,,1,CN-POOL-20260904-r0,MCT内容ID=15756；来源文件=content_40.json
CN-P-000467,b76e40ef574763bec81c8be5d357cbd19f2e18b350b99bc307ea14873930fb6f,湖州市新四军苏浙军区旧址群,,浙江省,,,非A,红色旅游,unknown,pending,红色旅游经典景区,https://www.mct.gov.cn/tourism/#/list,API目录ID-40/2026-09-04,,,尚未映射到可回跳的知识库景点卡,,,1,CN-POOL-20260904-r0,MCT内容ID=15757；来源文件=content_40.json
CN-P-000468,3c57828db94a2c2a1068971971fac2fffe5c9e1459be0854cd60c2ebd797520c,温州市永嘉县中国工农红军第十三军军部旧址群,,浙江省,,,非A,红色旅游,unknown,pending,红色旅游经典景区,https://www.mct.gov.cn/tourism/#/list,API目录ID-40/2026-09-04,,,尚未映射到可回跳的知识库景点卡,,,1,CN-POOL-20260904-r0,MCT内容ID=15758；来源文件=content_40.json
CN-P-000469,1a6d2e7326983411933a84371f464581493e8be903cc7c0724cd20b8d1bfe480,杭州市富阳区侵浙日军投降仪式旧址,,浙江省,,,非A,红色旅游,unknown,pending,红色旅游经典景区,https://www.mct.gov.cn/tourism/#/list,API目录ID-40/2026-09-04,,,尚未映射到可回跳的知识库景点卡,,,1,CN-POOL-20260904-r0,MCT内容ID=15759；来源文件=content_40.json
CN-P-000470,066f74221ed1e20e138866ef17c57162c73217ac775503b2c5143d168259c8c8,温州市洞头先锋女子民兵连纪念馆,,浙江省,,,非A,红色旅游,unknown,pending,红色旅游经典景区,https://www.mct.gov.cn/tourism/#/list,API目录ID-40/2026-09-04,,,尚未映射到可回跳的知识库景点卡,,,1,CN-POOL-20260904-r0,MCT内容ID=15760；来源文件=content_40.json
CN-P-000471,225665040591b398ebb28ac97addf47bb2067a13171bc62f04cedaafe91ad443,安徽新四军红色旅游系列景区,,安徽省,,,非A,红色旅游,unknown,pending,红色旅游经典景区,https://www.mct.gov.cn/tourism/#/list,API目录ID-40/2026-09-04,,,尚未映射到可回跳的知识库景点卡,,,1,CN-POOL-20260904-r0,MCT内容ID=15761；来源文件=content_40.json
CN-P-000472,bd2f9a71315509f2ff1b3288fbebbb7e632f31e283418418f1aa1f67ee9fb855,安徽省淮海战役系列景区,,安徽省,,,非A,红色旅游,unknown,pending,红色旅游经典景区,https://www.mct.gov.cn/tourism/#/list,API目录ID-40/2026-09-04,,,尚未映射到可回跳的知识库景点卡,,,1,CN-POOL-20260904-r0,MCT内容ID=15762；来源文件=content_40.json
CN-P-000473,8331c7e8a8523dea6baf1965d2cb6b50d06bd8fe8bbca10d61a9169256efcee3,皖西南红色旅游系列景区,,安徽省,,,非A,红色旅游,unknown,pending,红色旅游经典景区,https://www.mct.gov.cn/tourism/#/list,API目录ID-40/2026-09-04,,,尚未映射到可回跳的知识库景点卡,,,1,CN-POOL-20260904-r0,MCT内容ID=15763；来源文件=content_40.json
CN-P-000474,4482e5bfa180b8c1d5833852c5d25165342402c7b6673865d21732a7a32572db,芜湖市王稼祥纪念园,,安徽省,,,非A,红色旅游,unknown,pending,红色旅游经典景区,https://www.mct.gov.cn/tourism/#/list,API目录ID-40/2026-09-04,,,尚未映射到可回跳的知识库景点卡,,,1,CN-POOL-20260904-r0,MCT内容ID=15764；来源文件=content_40.json
CN-P-000475,b6ae08a3b4013098a452218d3de88ce5ee1e8b1e27b53be2a0cb93abccccb341,合肥市肥东县渡江战役总前委旧址,,安徽省,,,非A,红色旅游,unknown,pending,红色旅游经典景区,https://www.mct.gov.cn/tourism/#/list,API目录ID-40/2026-09-04,,,尚未映射到可回跳的知识库景点卡,,,1,CN-POOL-20260904-r0,MCT内容ID=15765；来源文件=content_40.json
CN-P-000476,ee1729afc49471c4c1c9eac9d653a442e7b5804590d6d7ec5e8aa822765f09f3,滁州市凤阳县小岗村,,安徽省,,,非A,红色旅游,unknown,pending,红色旅游经典景区,https://www.mct.gov.cn/tourism/#/list,API目录ID-40/2026-09-04,,,尚未映射到可回跳的知识库景点卡,,,1,CN-POOL-20260904-r0,MCT内容ID=15766；来源文件=content_40.json
CN-P-000477,32012e3320b2fa72c4dbd3659686700357644fe96163ff4151f45c9afd03924e,渡江战役系列景区,,安徽省,,,非A,红色旅游,unknown,pending,红色旅游经典景区,https://www.mct.gov.cn/tourism/#/list,API目录ID-40/2026-09-04,,,尚未映射到可回跳的知识库景点卡,,,1,CN-POOL-20260904-r0,MCT内容ID=15767；来源文件=content_40.json
CN-P-000478,557af1aa5d6dbf56acfa7a9623fd191018d83703f42d9fa3e4f1243ffa3a6cc2,“两弹元勋”邓稼先故居,,安徽省,,,非A,红色旅游,unknown,pending,红色旅游经典景区,https://www.mct.gov.cn/tourism/#/list,API目录ID-40/2026-09-04,,,尚未映射到可回跳的知识库景点卡,,,1,CN-POOL-20260904-r0,MCT内容ID=15768；来源文件=content_40.json
CN-P-000479,65967acc21450d1f40f8338b9111888030761210947024ccd968ee698c6da23a,福州市福建省革命历史纪念馆,,福建省,,,非A,红色旅游,unknown,pending,红色旅游经典景区,https://www.mct.gov.cn/tourism/#/list,API目录ID-40/2026-09-04,,,尚未映射到可回跳的知识库景点卡,,,1,CN-POOL-20260904-r0,MCT内容ID=15769；来源文件=content_40.json
CN-P-000480,69be2002cd2a62c776ac2eade38eac3e7c0b541f183e1e76a70c7eabe5c0aeaa,龙岩市红色旅游系列景区,,福建省,,,非A,红色旅游,unknown,pending,红色旅游经典景区,https://www.mct.gov.cn/tourism/#/list,API目录ID-40/2026-09-04,,,尚未映射到可回跳的知识库景点卡,,,1,CN-POOL-20260904-r0,MCT内容ID=15770；来源文件=content_40.json
CN-P-000481,865dc6dc7eb18d3069eb4c4eafe01a958149545bd97f8dd4471f7a6921916be6,三明市红色旅游系列景区,,福建省,,,非A,红色旅游,unknown,pending,红色旅游经典景区,https://www.mct.gov.cn/tourism/#/list,API目录ID-40/2026-09-04,,,尚未映射到可回跳的知识库景点卡,,,1,CN-POOL-20260904-r0,MCT内容ID=15771；来源文件=content_40.json
CN-P-000482,a279ec59aa53ee1739d34a4869dcc3e51eb09302bfe8b46fe759f22de69c1176,漳州市毛主席率领红军攻克漳州陈列馆及中共闽粤边区特委旧址,,福建省,,,非A,红色旅游,unknown,pending,红色旅游经典景区,https://www.mct.gov.cn/tourism/#/list,API目录ID-40/2026-09-04,,,尚未映射到可回跳的知识库景点卡,,,1,CN-POOL-20260904-r0,MCT内容ID=15772；来源文件=content_40.json
CN-P-000483,e1d96b8e80f2c96a5ae8a658487bf41c156c88c51b817080fb1576845ceed2cf,南平市红色旅游系列景区,,福建省,,,非A,红色旅游,unknown,pending,红色旅游经典景区,https://www.mct.gov.cn/tourism/#/list,API目录ID-40/2026-09-04,,,尚未映射到可回跳的知识库景点卡,,,1,CN-POOL-20260904-r0,MCT内容ID=15773；来源文件=content_40.json
CN-P-000484,82659b34bd960e567cdb268b5a7ec5b5d09358e2cd84af13c01af0f98cec5e3c,福州市马尾船政旧址,,福建省,,,非A,红色旅游,unknown,pending,红色旅游经典景区,https://www.mct.gov.cn/tourism/#/list,API目录ID-40/2026-09-04,,,尚未映射到可回跳的知识库景点卡,,,1,CN-POOL-20260904-r0,MCT内容ID=15774；来源文件=content_40.json
CN-P-000485,36edd9e0c6634cb0f2ec5169ff5460f44b22c1026a50818a80546495e21a3382,宁德市闽东红色旅游系列景区,,福建省,,,非A,红色旅游,unknown,pending,红色旅游经典景区,https://www.mct.gov.cn/tourism/#/list,API目录ID-40/2026-09-04,,,尚未映射到可回跳的知识库景点卡,,,1,CN-POOL-20260904-r0,MCT内容ID=15775；来源文件=content_40.json
CN-P-000486,dc72fa516111ed3840b7f8173b871a2399247b3939d630ad3cbf2660f1eb3060,莆田市涵江区闽中支队司令部旧址,,福建省,,,非A,红色旅游,unknown,pending,红色旅游经典景区,https://www.mct.gov.cn/tourism/#/list,API目录ID-40/2026-09-04,,,尚未映射到可回跳的知识库景点卡,,,1,CN-POOL-20260904-r0,MCT内容ID=15776；来源文件=content_40.json
CN-P-000487,ae243700150c8996645f52649f17bf39b5dd97763dcb7e762deb2c686f449137,漳州市东山县谷文昌纪念馆,,福建省,,,非A,红色旅游,unknown,pending,红色旅游经典景区,https://www.mct.gov.cn/tourism/#/list,API目录ID-40/2026-09-04,,,尚未映射到可回跳的知识库景点卡,,,1,CN-POOL-20260904-r0,MCT内容ID=15777；来源文件=content_40.json
CN-P-000488,f53ed1b5b1cc409698cf56aa3de30a9fc2a73afc94ff54abe21345e47b9ae81a,南昌市红色旅游系列景区,,江西省,,,非A,红色旅游,unknown,pending,红色旅游经典景区,https://www.mct.gov.cn/tourism/#/list,API目录ID-40/2026-09-04,,,尚未映射到可回跳的知识库景点卡,,,1,CN-POOL-20260904-r0,MCT内容ID=15778；来源文件=content_40.json
CN-P-000489,dc29db0e35c0e1525bd42c0e2bf97af5790a70b480efc1a356679019826fa34f,赣西红色旅游系列景区,,江西省,,,非A,红色旅游,unknown,pending,红色旅游经典景区,https://www.mct.gov.cn/tourism/#/list,API目录ID-40/2026-09-04,,,尚未映射到可回跳的知识库景点卡,,,1,CN-POOL-20260904-r0,MCT内容ID=15779；来源文件=content_40.json
CN-P-000490,4f92ac1e7a81eedbb96e0c1881c28903077942298ba65e11cfef44eb0e09a4be,井冈山红色旅游系列景区,,江西省,,,非A,红色旅游,unknown,pending,红色旅游经典景区,https://www.mct.gov.cn/tourism/#/list,API目录ID-40/2026-09-04,,,尚未映射到可回跳的知识库景点卡,,,1,CN-POOL-20260904-r0,MCT内容ID=15780；来源文件=content_40.json
CN-P-000491,613936ac73c9f8981f1cc5020370dd2eb6a03293a0da7003ff45c3e219d1bbe2,赣州市、吉安市、抚州市中央苏区政府根据地红色旅游系列景区,,江西省,,,非A,红色旅游,unknown,pending,红色旅游经典景区,https://www.mct.gov.cn/tourism/#/list,API目录ID-40/2026-09-04,,,尚未映射到可回跳的知识库景点卡,,,1,CN-POOL-20260904-r0,MCT内容ID=15781；来源文件=content_40.json
CN-P-000492,6cc37511ae9010af6f08c07cc11d27e81e857774f24ba01f43562d8bb2091cf7,上饶市上饶集中营革命烈士陵园,,江西省,,,非A,红色旅游,unknown,pending,红色旅游经典景区,https://www.mct.gov.cn/tourism/#/list,API目录ID-40/2026-09-04,,,尚未映射到可回跳的知识库景点卡,,,1,CN-POOL-20260904-r0,MCT内容ID=15782；来源文件=content_40.json
CN-P-000493,5b6a1ff8753dc297fe6c215afd12f27afc3bf7a6630a489edb703affa3c9ec65,赣东北红色旅游系列景区,,江西省,,,非A,红色旅游,unknown,pending,红色旅游经典景区,https://www.mct.gov.cn/tourism/#/list,API目录ID-40/2026-09-04,,,尚未映射到可回跳的知识库景点卡,,,1,CN-POOL-20260904-r0,MCT内容ID=15783；来源文件=content_40.json
CN-P-000494,30e37a2730e573c32cdb5d046242525eb822f5b32e8503bd0af5b04e7d9d5b28,吉安市红色旅游系列景区,,江西省,,,非A,红色旅游,unknown,pending,红色旅游经典景区,https://www.mct.gov.cn/tourism/#/list,API目录ID-40/2026-09-04,,,尚未映射到可回跳的知识库景点卡,,,1,CN-POOL-20260904-r0,MCT内容ID=15784；来源文件=content_40.json
CN-P-000495,38c50aa7433d12c72dd5d2c5c3b394002d5493c43d586a4b3263654b0af8d18f,九江市红色旅游系列景区,,江西省,,,非A,红色旅游,unknown,pending,红色旅游经典景区,https://www.mct.gov.cn/tourism/#/list,API目录ID-40/2026-09-04,,,尚未映射到可回跳的知识库景点卡,,,1,CN-POOL-20260904-r0,MCT内容ID=15785；来源文件=content_40.json
CN-P-000496,12dc12dc38ba048cc2f7ef2587d39cf2401587dcd4b2d50ed19366e2fd69d7be,赣州市红色旅游系列景区,,江西省,,,非A,红色旅游,unknown,pending,红色旅游经典景区,https://www.mct.gov.cn/tourism/#/list,API目录ID-40/2026-09-04,,,尚未映射到可回跳的知识库景点卡,,,1,CN-POOL-20260904-r0,MCT内容ID=15786；来源文件=content_40.json
CN-P-000497,caa9727ff7068bc965d2a979d2e72bde30e419049606153848389a097685c900,南昌市新建县小平小道陈列馆,,江西省,,,非A,红色旅游,unknown,pending,红色旅游经典景区,https://www.mct.gov.cn/tourism/#/list,API目录ID-40/2026-09-04,,,尚未映射到可回跳的知识库景点卡,,,1,CN-POOL-20260904-r0,MCT内容ID=15787；来源文件=content_40.json
CN-P-000498,4ad91a1f974dbc44dfeaf0d5589a451a487eb140b0808e73f71a258a237c9f42,吉安市永新县湘赣革命根据地中心旧址,,江西省,,,非A,红色旅游,unknown,pending,红色旅游经典景区,https://www.mct.gov.cn/tourism/#/list,API目录ID-40/2026-09-04,,,尚未映射到可回跳的知识库景点卡,,,1,CN-POOL-20260904-r0,MCT内容ID=15788；来源文件=content_40.json
CN-P-000499,7c4260d622def8c9b27ab018ea8bba7d5ff09902a8dda736b2e268e7cc0fd37a,济南市红色旅游系列景区,,山东省,,,非A,红色旅游,unknown,pending,红色旅游经典景区,https://www.mct.gov.cn/tourism/#/list,API目录ID-40/2026-09-04,,,尚未映射到可回跳的知识库景点卡,,,1,CN-POOL-20260904-r0,MCT内容ID=15789；来源文件=content_40.json
CN-P-000500,927d529d3481ac20fe4988a436bc8d2f4ed47599d8dfd2df3e53530e2ad65a59,枣庄市、济宁市铁道游击队红色旅游景区，枣庄市八路军抱犊崮抗日根据地遗址,,山东省,,,非A,红色旅游,unknown,pending,红色旅游经典景区,https://www.mct.gov.cn/tourism/#/list,API目录ID-40/2026-09-04,,,尚未映射到可回跳的知识库景点卡,,,1,CN-POOL-20260904-r0,MCT内容ID=15790；来源文件=content_40.json
CN-P-000501,0fe4314822565a09dbcd9fb76a58e97585334914b387fdc96d92a966407f8235,枣庄市台儿庄大战遗址,,山东省,,,非A,红色旅游,unknown,pending,红色旅游经典景区,https://www.mct.gov.cn/tourism/#/list,API目录ID-40/2026-09-04,,,尚未映射到可回跳的知识库景点卡,,,1,CN-POOL-20260904-r0,MCT内容ID=15791；来源文件=content_40.json
CN-P-000502,bc42221e8a573bd7195a9c2da1f468acc8b56d43899106912ada59af83f51670,临沂市红色旅游系列景区,,山东省,,,非A,红色旅游,unknown,pending,红色旅游经典景区,https://www.mct.gov.cn/tourism/#/list,API目录ID-40/2026-09-04,,,尚未映射到可回跳的知识库景点卡,,,1,CN-POOL-20260904-r0,MCT内容ID=15792；来源文件=content_40.json
CN-P-000503,b7cd3b6f0ff4f680924f42e9731f7ef6a7c642eb1c915b54a0386cc72f6b8b36,莱芜市莱芜战役纪念馆,,山东省,,,非A,红色旅游,unknown,pending,红色旅游经典景区,https://www.mct.gov.cn/tourism/#/list,API目录ID-40/2026-09-04,,,尚未映射到可回跳的知识库景点卡,,,1,CN-POOL-20260904-r0,MCT内容ID=15793；来源文件=content_40.json
CN-P-000504,6467a34a279829c7d5f78e115916ea71c85312311d609b84c906b63ee5e6a2ff,青岛市中国人民解放军海军博物馆,,山东省,,,非A,红色旅游,unknown,pending,红色旅游经典景区,https://www.mct.gov.cn/tourism/#/list,API目录ID-40/2026-09-04,,,尚未映射到可回跳的知识库景点卡,,,1,CN-POOL-20260904-r0,MCT内容ID=15794；来源文件=content_40.json
CN-P-000505,317b278175d38eff950b0e6aaf6a1f0ae6f3e959c7bd2e49ed637352287fcfd2,威海市环翠区刘公岛甲午海战纪念地,,山东省,,,非A,红色旅游,unknown,pending,红色旅游经典景区,https://www.mct.gov.cn/tourism/#/list,API目录ID-40/2026-09-04,,,尚未映射到可回跳的知识库景点卡,,,1,CN-POOL-20260904-r0,MCT内容ID=15795；来源文件=content_40.json
CN-P-000506,88d1f6e92badb7b92b9344e17b87beba3f23ea5f543202451b6922903662a8d1,鲁西南战役纪念系列景区,,山东省,,,非A,红色旅游,unknown,pending,红色旅游经典景区,https://www.mct.gov.cn/tourism/#/list,API目录ID-40/2026-09-04,,,尚未映射到可回跳的知识库景点卡,,,1,CN-POOL-20260904-r0,MCT内容ID=15796；来源文件=content_40.json
CN-P-000507,9169ae9805771ae33732a33e4c5923d61a5d7eda1e6649bd073caa02ce78a25c,聊城市孔繁森同志纪念馆,,山东省,,,非A,红色旅游,unknown,pending,红色旅游经典景区,https://www.mct.gov.cn/tourism/#/list,API目录ID-40/2026-09-04,,,尚未映射到可回跳的知识库景点卡,,,1,CN-POOL-20260904-r0,MCT内容ID=15797；来源文件=content_40.json
CN-P-000508,23b1bc524a65582ed536663bb0fe0bce8b96a0077ae19b2b8b138b18e16f3eb5,烟台市海阳地雷战遗址,,山东省,,,非A,红色旅游,unknown,pending,红色旅游经典景区,https://www.mct.gov.cn/tourism/#/list,API目录ID-40/2026-09-04,,,尚未映射到可回跳的知识库景点卡,,,1,CN-POOL-20260904-r0,MCT内容ID=15798；来源文件=content_40.json
CN-P-000509,479e1d771da2a29dba5dad37ef7cd48f29fdd4f0e9f1034387ffebe169e35a03,烟台市红色旅游系列景区,,山东省,,,非A,红色旅游,unknown,pending,红色旅游经典景区,https://www.mct.gov.cn/tourism/#/list,API目录ID-40/2026-09-04,,,尚未映射到可回跳的知识库景点卡,,,1,CN-POOL-20260904-r0,MCT内容ID=15799；来源文件=content_40.json
CN-P-000510,e213c234bf2a79dae07a3ee1436b2331b7f78aca45d3bdf25e610a08c6337ef9,德州市冀鲁边区革命纪念园,,山东省,,,非A,红色旅游,unknown,pending,红色旅游经典景区,https://www.mct.gov.cn/tourism/#/list,API目录ID-40/2026-09-04,,,尚未映射到可回跳的知识库景点卡,,,1,CN-POOL-20260904-r0,MCT内容ID=15800；来源文件=content_40.json
CN-P-000511,68845086e08b04254f7050900ed0c362a1fc4eea6459b4308822c502e225bd2b,滨州市渤海革命老区纪念园,,山东省,,,非A,红色旅游,unknown,pending,红色旅游经典景区,https://www.mct.gov.cn/tourism/#/list,API目录ID-40/2026-09-04,,,尚未映射到可回跳的知识库景点卡,,,1,CN-POOL-20260904-r0,MCT内容ID=15801；来源文件=content_40.json
CN-P-000512,7d055c690ffb35b2ac3da6a77900b9a074b924776ba0bdbcd53d5f336f2f42bf,驻马店市确山县竹沟镇确山竹沟革命纪念馆,,河南省,,,非A,红色旅游,unknown,pending,红色旅游经典景区,https://www.mct.gov.cn/tourism/#/list,API目录ID-40/2026-09-04,,,尚未映射到可回跳的知识库景点卡,,,1,CN-POOL-20260904-r0,MCT内容ID=15802；来源文件=content_40.json
CN-P-000513,cb1b85f6132a52c896f4a6403df09f89df838bdf7bf382a08ddc4f8b1a26b5ec,信阳市红色旅游系列景区,,河南省,,,非A,红色旅游,unknown,pending,红色旅游经典景区,https://www.mct.gov.cn/tourism/#/list,API目录ID-40/2026-09-04,,,尚未映射到可回跳的知识库景点卡,,,1,CN-POOL-20260904-r0,MCT内容ID=15803；来源文件=content_40.json
CN-P-000514,0f5127e5052e3629f2019d67c09130dbedac517fa343035f0b3ffc601c23556d,南阳市叶家大庄桐柏英雄纪念馆,,河南省,,,非A,红色旅游,unknown,pending,红色旅游经典景区,https://www.mct.gov.cn/tourism/#/list,API目录ID-40/2026-09-04,,,尚未映射到可回跳的知识库景点卡,,,1,CN-POOL-20260904-r0,MCT内容ID=15804；来源文件=content_40.json
CN-P-000515,14217c14a887bd5a905b0360189194c427d84eada0078b999dfe654a2efcaab1,郑州市二七纪念堂,,河南省,,,非A,红色旅游,unknown,pending,红色旅游经典景区,https://www.mct.gov.cn/tourism/#/list,API目录ID-40/2026-09-04,,,尚未映射到可回跳的知识库景点卡,,,1,CN-POOL-20260904-r0,MCT内容ID=15805；来源文件=content_40.json
CN-P-000516,fb83c3936bf02b5f524932305379f80d6a1d61b508a30941f777c6b2e0ca6f04,兰考县焦裕禄烈士陵园,,河南省,,,非A,红色旅游,unknown,pending,红色旅游经典景区,https://www.mct.gov.cn/tourism/#/list,API目录ID-40/2026-09-04,,,尚未映射到可回跳的知识库景点卡,,,1,CN-POOL-20260904-r0,MCT内容ID=15806；来源文件=content_40.json
CN-P-000517,18b8ab9ff04fedb8de6f63d362b51aaf3b9e20104b20148f59a765a46b9594a9,安阳市林州市红旗渠,,河南省,,,非A,红色旅游,unknown,pending,红色旅游经典景区,https://www.mct.gov.cn/tourism/#/list,API目录ID-40/2026-09-04,,,尚未映射到可回跳的知识库景点卡,,,1,CN-POOL-20260904-r0,MCT内容ID=15807；来源文件=content_40.json
CN-P-000518,e2aa58670dd8bb8ec3ff5e561ca804d8034db0b2802dc04c76848c9b2a52a4ef,商丘市永城市淮海战役陈官庄战斗遗址,,河南省,,,非A,红色旅游,unknown,pending,红色旅游经典景区,https://www.mct.gov.cn/tourism/#/list,API目录ID-40/2026-09-04,,,尚未映射到可回跳的知识库景点卡,,,1,CN-POOL-20260904-r0,MCT内容ID=15808；来源文件=content_40.json
CN-P-000519,2c5fd48240f67f06265d2f3c4648b4755b639bc5e30dc12570d77ae6dde28e79,南阳市镇平县彭雪枫故居及纪念馆,,河南省,,,非A,红色旅游,unknown,pending,红色旅游经典景区,https://www.mct.gov.cn/tourism/#/list,API目录ID-40/2026-09-04,,,尚未映射到可回跳的知识库景点卡,,,1,CN-POOL-20260904-r0,MCT内容ID=15809；来源文件=content_40.json
CN-P-000520,ab015d59bff7513f99abeb62e07c4a90218b3948925eefd4168a0e7b49bc3232,濮阳市清丰县单拐革命旧址,,河南省,,,非A,红色旅游,unknown,pending,红色旅游经典景区,https://www.mct.gov.cn/tourism/#/list,API目录ID-40/2026-09-04,,,尚未映射到可回跳的知识库景点卡,,,1,CN-POOL-20260904-r0,MCT内容ID=15810；来源文件=content_40.json
CN-P-000521,7fb3a34261735c652a9e403267651d57e7be964dff4731e7a45e9eeab19db523,安阳马氏庄园(刘邓大军指挥部旧址),,河南省,,,非A,红色旅游,unknown,pending,红色旅游经典景区,https://www.mct.gov.cn/tourism/#/list,API目录ID-40/2026-09-04,,,尚未映射到可回跳的知识库景点卡,,,1,CN-POOL-20260904-r0,MCT内容ID=15811；来源文件=content_40.json
CN-P-000522,dc2eb9a5b16e48d1b7b685baac436efdacef1541aaef6b983e6624e983f0621b,新乡市南太行创业精神红色旅游景区（刘庄、京华村、唐庄、裴寨村、郭亮洞）,,河南省,,,非A,红色旅游,unknown,pending,红色旅游经典景区,https://www.mct.gov.cn/tourism/#/list,API目录ID-40/2026-09-04,,,尚未映射到可回跳的知识库景点卡,,,1,CN-POOL-20260904-r0,MCT内容ID=15812；来源文件=content_40.json
CN-P-000523,25120a27a6602c3bf7b7ba56325907fb799a1e682343c1bae22f35db20287cb0,周口市扶沟县吉鸿昌将军纪念馆,,河南省,,,非A,红色旅游,unknown,pending,红色旅游经典景区,https://www.mct.gov.cn/tourism/#/list,API目录ID-40/2026-09-04,,,尚未映射到可回跳的知识库景点卡,,,1,CN-POOL-20260904-r0,MCT内容ID=15813；来源文件=content_40.json
CN-P-000524,1c6e8fa2ae96b0fbb13d4be288bc25f74096f1a380750fec9d88d316a8427408,洛阳市八路军驻洛办事处纪念馆,,河南省,,,非A,红色旅游,unknown,pending,红色旅游经典景区,https://www.mct.gov.cn/tourism/#/list,API目录ID-40/2026-09-04,,,尚未映射到可回跳的知识库景点卡,,,1,CN-POOL-20260904-r0,MCT内容ID=15814；来源文件=content_40.json
CN-P-000525,949017c113b4da28611a9c4220a66abd7a0a9eeaeb774251734da67cd92c00c6,鹤壁市石林会议旧址,,河南省,,,非A,红色旅游,unknown,pending,红色旅游经典景区,https://www.mct.gov.cn/tourism/#/list,API目录ID-40/2026-09-04,,,尚未映射到可回跳的知识库景点卡,,,1,CN-POOL-20260904-r0,MCT内容ID=15815；来源文件=content_40.json
CN-P-000526,790dbc83c73ba114da7ea2e9a9a4cfd756cd6202c94975f283863605acbcfcda,武汉市红色旅游系列景区,,湖北省,,,非A,红色旅游,unknown,pending,红色旅游经典景区,https://www.mct.gov.cn/tourism/#/list,API目录ID-40/2026-09-04,,,尚未映射到可回跳的知识库景点卡,,,1,CN-POOL-20260904-r0,MCT内容ID=15816；来源文件=content_40.json
CN-P-000527,593b013ba85f6dcab5a8a8bf8eff9664bf10eacdcb649662ede7ee45dd9fff17,黄冈市大别山红色旅游区,,湖北省,,,非A,红色旅游,unknown,pending,红色旅游经典景区,https://www.mct.gov.cn/tourism/#/list,API目录ID-40/2026-09-04,,,尚未映射到可回跳的知识库景点卡,,,1,CN-POOL-20260904-r0,MCT内容ID=15817；来源文件=content_40.json
CN-P-000528,5a2572272629dd9055124faebd6197cc7e334cfe5eeff58ccfeb208c85a7082a,湘鄂西红色旅游系列景区,,湖北省,,,非A,红色旅游,unknown,pending,红色旅游经典景区,https://www.mct.gov.cn/tourism/#/list,API目录ID-40/2026-09-04,,,尚未映射到可回跳的知识库景点卡,,,1,CN-POOL-20260904-r0,MCT内容ID=15818；来源文件=content_40.json
CN-P-000529,a287ed87d20ee34b6dbad4a0db9397b6f06831972bec87c45f990d4d1175efb4,孝感市红色旅游系列景区,,湖北省,,,非A,红色旅游,unknown,pending,红色旅游经典景区,https://www.mct.gov.cn/tourism/#/list,API目录ID-40/2026-09-04,,,尚未映射到可回跳的知识库景点卡,,,1,CN-POOL-20260904-r0,MCT内容ID=15819；来源文件=content_40.json
CN-P-000530,d9773dddc3f1e260a1622053caf46c96dcda20527b740bd2968f83da5706a456,武汉市辛亥革命系列景区,,湖北省,,,非A,红色旅游,unknown,pending,红色旅游经典景区,https://www.mct.gov.cn/tourism/#/list,API目录ID-40/2026-09-04,,,尚未映射到可回跳的知识库景点卡,,,1,CN-POOL-20260904-r0,MCT内容ID=15820；来源文件=content_40.json
CN-P-000531,4141b92cc648d4bc1cbcb27e237bd7cbd8bba92d15a308944a099fed63d3e11f,咸宁市咸安区北伐战争汀泗桥战役遗址,,湖北省,,,非A,红色旅游,unknown,pending,红色旅游经典景区,https://www.mct.gov.cn/tourism/#/list,API目录ID-40/2026-09-04,,,尚未映射到可回跳的知识库景点卡,,,1,CN-POOL-20260904-r0,MCT内容ID=15821；来源文件=content_40.json
CN-P-000532,b11a9464fdf39c2310a981ba7bf2ed3a54a7bd4043d8b9a0a04ab141d1565ff7,湘鄂赣红色旅游系列景区,,湖北省,,,非A,红色旅游,unknown,pending,红色旅游经典景区,https://www.mct.gov.cn/tourism/#/list,API目录ID-40/2026-09-04,,,尚未映射到可回跳的知识库景点卡,,,1,CN-POOL-20260904-r0,MCT内容ID=15822；来源文件=content_40.json
CN-P-000533,87aaa7ea7814f5d12215e5edff6786caf06f9545952afd591d134318bcba09d1,荆州市 98 抗洪及荆江分洪工程,,湖北省,,,非A,红色旅游,unknown,pending,红色旅游经典景区,https://www.mct.gov.cn/tourism/#/list,API目录ID-40/2026-09-04,,,尚未映射到可回跳的知识库景点卡,,,1,CN-POOL-20260904-r0,MCT内容ID=15823；来源文件=content_40.json
CN-P-000534,4f84d13d599a20f1ea2a02e714fce3f0d1eda0cdc88b1e5e60223503a8d0832b,宜昌市长江三峡水利枢纽工程,,湖北省,,,非A,红色旅游,unknown,pending,红色旅游经典景区,https://www.mct.gov.cn/tourism/#/list,API目录ID-40/2026-09-04,,,尚未映射到可回跳的知识库景点卡,,,1,CN-POOL-20260904-r0,MCT内容ID=15824；来源文件=content_40.json
CN-P-000535,6fc2d2e94297555b4f183d492c42b248e8992cb100c382d29a0954a2c301391a,襄樊市宜城市张自忠纪念馆,,湖北省,,,非A,红色旅游,unknown,pending,红色旅游经典景区,https://www.mct.gov.cn/tourism/#/list,API目录ID-40/2026-09-04,,,尚未映射到可回跳的知识库景点卡,,,1,CN-POOL-20260904-r0,MCT内容ID=15825；来源文件=content_40.json
CN-P-000536,771b69be670607ced516763e99598ab664e00b3a9dcf30b08f3e6290c14a72b4,黄冈市黄州区陈潭秋故居,,湖北省,,,非A,红色旅游,unknown,pending,红色旅游经典景区,https://www.mct.gov.cn/tourism/#/list,API目录ID-40/2026-09-04,,,尚未映射到可回跳的知识库景点卡,,,1,CN-POOL-20260904-r0,MCT内容ID=15826；来源文件=content_40.json
CN-P-000537,a4836f2146e6dcfd6c67576c231f83a8bc94b099d211903433cb83a41f02a596,随州市曾都区新四军第五师旧址群,,湖北省,,,非A,红色旅游,unknown,pending,红色旅游经典景区,https://www.mct.gov.cn/tourism/#/list,API目录ID-40/2026-09-04,,,尚未映射到可回跳的知识库景点卡,,,1,CN-POOL-20260904-r0,MCT内容ID=15827；来源文件=content_40.json
CN-P-000538,0684413da2a78cad390a1215e29c7a5a0932f4e32c205406b11f239bea18e842,恩施自治州鹤峰县五里坪系列景区,,湖北省,,,非A,红色旅游,unknown,pending,红色旅游经典景区,https://www.mct.gov.cn/tourism/#/list,API目录ID-40/2026-09-04,,,尚未映射到可回跳的知识库景点卡,,,1,CN-POOL-20260904-r0,MCT内容ID=15828；来源文件=content_40.json
CN-P-000539,7c0230728e8956224fc975d4505ce70d80dfaace100f8621ccab0b8f1582ba86,咸丰忠堡大捷遗址及烈士陵园,,湖北省,,,非A,红色旅游,unknown,pending,红色旅游经典景区,https://www.mct.gov.cn/tourism/#/list,API目录ID-40/2026-09-04,,,尚未映射到可回跳的知识库景点卡,,,1,CN-POOL-20260904-r0,MCT内容ID=15829；来源文件=content_40.json
CN-P-000540,d63a88a5a1a3a1254033a3346e6324005468d43debd452dfa37b1428aa12e612,湘潭市韶山市毛泽东故居和纪念馆,,湖南省,,,非A,红色旅游,unknown,pending,红色旅游经典景区,https://www.mct.gov.cn/tourism/#/list,API目录ID-40/2026-09-04,,,尚未映射到可回跳的知识库景点卡,,,1,CN-POOL-20260904-r0,MCT内容ID=15830；来源文件=content_40.json
CN-P-000541,62be7cccc9adcff4fcad636d761b98effa6c0412d23436e00eda1122751d002b,长沙市红色旅游系列景区,,湖南省,,,非A,红色旅游,unknown,pending,红色旅游经典景区,https://www.mct.gov.cn/tourism/#/list,API目录ID-40/2026-09-04,,,尚未映射到可回跳的知识库景点卡,,,1,CN-POOL-20260904-r0,MCT内容ID=15831；来源文件=content_40.json
CN-P-000542,7f52ff4c8fd0eb325aa297cd14b70a17727499c65b661ad9ff1b9bfafe41fe7e,湘潭市湘潭县彭德怀故居和纪念馆,,湖南省,,,非A,红色旅游,unknown,pending,红色旅游经典景区,https://www.mct.gov.cn/tourism/#/list,API目录ID-40/2026-09-04,,,尚未映射到可回跳的知识库景点卡,,,1,CN-POOL-20260904-r0,MCT内容ID=15832；来源文件=content_40.json
CN-P-000543,c8f315cf244e78b35b47a84b3faef4ee61f3518a4a37b33393f3de5499cab1d2,岳阳市红色旅游系列景区,,湖南省,,,非A,红色旅游,unknown,pending,红色旅游经典景区,https://www.mct.gov.cn/tourism/#/list,API目录ID-40/2026-09-04,,,尚未映射到可回跳的知识库景点卡,,,1,CN-POOL-20260904-r0,MCT内容ID=15833；来源文件=content_40.json
CN-P-000544,247a9ed8d79d8259798ea9c1e7a801f8cde0d81e341afccec5ec01fa5c5130bd,郴州市红色旅游系列景区,,湖南省,,,非A,红色旅游,unknown,pending,红色旅游经典景区,https://www.mct.gov.cn/tourism/#/list,API目录ID-40/2026-09-04,,,尚未映射到可回跳的知识库景点卡,,,1,CN-POOL-20260904-r0,MCT内容ID=15834；来源文件=content_40.json
CN-P-000545,9af10ec8bae22d32ca8a83a7e39f415597783fc7e41cf2a57799a2efe939e9f3,衡阳市衡东县罗荣桓故居,,湖南省,,,非A,红色旅游,unknown,pending,红色旅游经典景区,https://www.mct.gov.cn/tourism/#/list,API目录ID-40/2026-09-04,,,尚未映射到可回跳的知识库景点卡,,,1,CN-POOL-20260904-r0,MCT内容ID=15835；来源文件=content_40.json
CN-P-000546,749eb0b4016c02f5bedba91ed1e942853ffad5677c3c5dfb5525c208e5780134,张家界市红色旅游系列景区,,湖南省,,,非A,红色旅游,unknown,pending,红色旅游经典景区,https://www.mct.gov.cn/tourism/#/list,API目录ID-40/2026-09-04,,,尚未映射到可回跳的知识库景点卡,,,1,CN-POOL-20260904-r0,MCT内容ID=15836；来源文件=content_40.json
CN-P-000547,d8e68cc96072ff1b39ca673fa0fbade657308b17f7dd7dbdda23bc0cf588ce7b,湘西土家族苗族自治州永顺县湘鄂川黔革命根据地旧址,,湖南省,,,非A,红色旅游,unknown,pending,红色旅游经典景区,https://www.mct.gov.cn/tourism/#/list,API目录ID-40/2026-09-04,,,尚未映射到可回跳的知识库景点卡,,,1,CN-POOL-20260904-r0,MCT内容ID=15837；来源文件=content_40.json
CN-P-000548,bcbb8be4870c48e033fee41ae3b707af3d8f58a8f506b488487c4104c47a4ca2,湘潭市湘乡东山学校旧址,,湖南省,,,非A,红色旅游,unknown,pending,红色旅游经典景区,https://www.mct.gov.cn/tourism/#/list,API目录ID-40/2026-09-04,,,尚未映射到可回跳的知识库景点卡,,,1,CN-POOL-20260904-r0,MCT内容ID=15838；来源文件=content_40.json
CN-P-000549,12fc2d3b0328f54426820bfc9bbed64a85e30953fb6a906e4cb3240abdcfbb79,怀化市红军长征通道会议旧址,,湖南省,,,非A,红色旅游,unknown,pending,红色旅游经典景区,https://www.mct.gov.cn/tourism/#/list,API目录ID-40/2026-09-04,,,尚未映射到可回跳的知识库景点卡,,,1,CN-POOL-20260904-r0,MCT内容ID=15839；来源文件=content_40.json
CN-P-000550,6b8580fd95418fdba2fa5f0b805e47e5ac3a8f8e6d8bc3ea9cdf44dabc6c1c1b,衡阳市南岳忠烈祠,,湖南省,,,非A,红色旅游,unknown,pending,红色旅游经典景区,https://www.mct.gov.cn/tourism/#/list,API目录ID-40/2026-09-04,,,尚未映射到可回跳的知识库景点卡,,,1,CN-POOL-20260904-r0,MCT内容ID=15840；来源文件=content_40.json
CN-P-000551,ae5e8f5a85509dd333a1716c265db2ee85ec52f43a72e7f5b178ed42f74f40d7,怀化市芷江县中国人民抗日战争胜利芷江受降旧址、飞虎队纪念馆,,湖南省,,,非A,红色旅游,unknown,pending,红色旅游经典景区,https://www.mct.gov.cn/tourism/#/list,API目录ID-40/2026-09-04,,,尚未映射到可回跳的知识库景点卡,,,1,CN-POOL-20260904-r0,MCT内容ID=15841；来源文件=content_40.json
CN-P-000552,03c7945c0ee0dc38b6648ed30451bac89b2565f1ff87b7a4c953accf3c4e9869,株洲市红色旅游系列景区,,湖南省,,,非A,红色旅游,unknown,pending,红色旅游经典景区,https://www.mct.gov.cn/tourism/#/list,API目录ID-40/2026-09-04,,,尚未映射到可回跳的知识库景点卡,,,1,CN-POOL-20260904-r0,MCT内容ID=15842；来源文件=content_40.json
CN-P-000553,06d7f9b7e6ba42b1f7fb5646abd562ee347f6e1d4417d866f3fbfd7d295d6699,胡耀邦故居和陈列馆,,湖南省,,,非A,红色旅游,unknown,pending,红色旅游经典景区,https://www.mct.gov.cn/tourism/#/list,API目录ID-40/2026-09-04,,,尚未映射到可回跳的知识库景点卡,,,1,CN-POOL-20260904-r0,MCT内容ID=15843；来源文件=content_40.json
CN-P-000554,1f2c7ba44673a9c5fb7ce9b631274d1522761702299332114b0897c35d2adc11,广州市红色旅游系列景区,,广东省,,,非A,红色旅游,unknown,pending,红色旅游经典景区,https://www.mct.gov.cn/tourism/#/list,API目录ID-40/2026-09-04,,,尚未映射到可回跳的知识库景点卡,,,1,CN-POOL-20260904-r0,MCT内容ID=15844；来源文件=content_40.json
CN-P-000555,252316eb89bd5f1f3353c81717a3c267c9f82588bdddbdad79807714d65bd24b,梅州市梅县叶剑英元帅纪念馆,,广东省,,,非A,红色旅游,unknown,pending,红色旅游经典景区,https://www.mct.gov.cn/tourism/#/list,API目录ID-40/2026-09-04,,,尚未映射到可回跳的知识库景点卡,,,1,CN-POOL-20260904-r0,MCT内容ID=15845；来源文件=content_40.json
CN-P-000556,15b525124a4a78163060f819321e2935004dd599ec2985b0235dbb374cc20583,惠州市惠阳区叶挺纪念馆,,广东省,,,非A,红色旅游,unknown,pending,红色旅游经典景区,https://www.mct.gov.cn/tourism/#/list,API目录ID-40/2026-09-04,,,尚未映射到可回跳的知识库景点卡,,,1,CN-POOL-20260904-r0,MCT内容ID=15846；来源文件=content_40.json
CN-P-000557,b1abb11869cbb37e728811445e2c5c7a5ba98572d0e5b57e544f3d2675ed1387,深圳市博物馆（新馆）及莲花山公园,,广东省,,,非A,红色旅游,unknown,pending,红色旅游经典景区,https://www.mct.gov.cn/tourism/#/list,API目录ID-40/2026-09-04,,,尚未映射到可回跳的知识库景点卡,,,1,CN-POOL-20260904-r0,MCT内容ID=15847；来源文件=content_40.json
CN-P-000558,67a504052cd9a83b05830fcf0ee8220777d707e49cba146169fe6b7334f35b2f,汕尾市海丰县红宫红场旧址、彭湃故居,,广东省,,,非A,红色旅游,unknown,pending,红色旅游经典景区,https://www.mct.gov.cn/tourism/#/list,API目录ID-40/2026-09-04,,,尚未映射到可回跳的知识库景点卡,,,1,CN-POOL-20260904-r0,MCT内容ID=15848；来源文件=content_40.json
CN-P-000559,e59102aa82fb9a5b2a574e27c0d784b939ac42cbd203f238bee1f330d338d6a2,中山市孙中山故居和纪念馆,,广东省,,,非A,红色旅游,unknown,pending,红色旅游经典景区,https://www.mct.gov.cn/tourism/#/list,API目录ID-40/2026-09-04,,,尚未映射到可回跳的知识库景点卡,,,1,CN-POOL-20260904-r0,MCT内容ID=15849；来源文件=content_40.json
CN-P-000560,ba180e50e5aaf59e6e0e572e3b6bb6adb6e3dccc22ba42850f853f18299e062a,广州市三元里人民抗英斗争纪念馆,,广东省,,,非A,红色旅游,unknown,pending,红色旅游经典景区,https://www.mct.gov.cn/tourism/#/list,API目录ID-40/2026-09-04,,,尚未映射到可回跳的知识库景点卡,,,1,CN-POOL-20260904-r0,MCT内容ID=15850；来源文件=content_40.json
CN-P-000561,7c77c3ccdae37a34d9d1f884e5c2556643b2920f3470d2f790d3d55507115cab,广州市黄花岗七十二烈士墓,,广东省,,,非A,红色旅游,unknown,pending,红色旅游经典景区,https://www.mct.gov.cn/tourism/#/list,API目录ID-40/2026-09-04,,,尚未映射到可回跳的知识库景点卡,,,1,CN-POOL-20260904-r0,MCT内容ID=15851；来源文件=content_40.json
CN-P-000562,d14bab197f56d5961f8eb1562bcf1a969eb7707e1c1eca2024a9a109c86715a2,广州市黄埔陆军军官学校旧址,,广东省,,,非A,红色旅游,unknown,pending,红色旅游经典景区,https://www.mct.gov.cn/tourism/#/list,API目录ID-40/2026-09-04,,,尚未映射到可回跳的知识库景点卡,,,1,CN-POOL-20260904-r0,MCT内容ID=15852；来源文件=content_40.json
CN-P-000563,7764a1dc4695c33ae951e94a24382521cb24fe45e45754a36d39644248650c24,东莞市鸦片战争博物馆,,广东省,,,非A,红色旅游,unknown,pending,红色旅游经典景区,https://www.mct.gov.cn/tourism/#/list,API目录ID-40/2026-09-04,,,尚未映射到可回跳的知识库景点卡,,,1,CN-POOL-20260904-r0,MCT内容ID=15853；来源文件=content_40.json
CN-P-000564,ff5e36f3a22a396b3966750da6cbb2d53f6e0f461b74b9acac3df93a3329cbd6,梅州市大埔县“八一”起义军三河坝战役纪念园,,广东省,,,非A,红色旅游,unknown,pending,红色旅游经典景区,https://www.mct.gov.cn/tourism/#/list,API目录ID-40/2026-09-04,,,尚未映射到可回跳的知识库景点卡,,,1,CN-POOL-20260904-r0,MCT内容ID=15854；来源文件=content_40.json
CN-P-000565,1c6084de938f0446bb4e33f0189d09cbf0f86b0ea19d460d042f73158963f714,韶关南雄市梅关古道景区,,广东省,,,非A,红色旅游,unknown,pending,红色旅游经典景区,https://www.mct.gov.cn/tourism/#/list,API目录ID-40/2026-09-04,,,尚未映射到可回跳的知识库景点卡,,,1,CN-POOL-20260904-r0,MCT内容ID=15855；来源文件=content_40.json
CN-P-000566,bc9ceded4fae6fa8ae500f5b8f3a94ae3f48a6c943a23025a20dfa7c48dad0c8,河源市五兴龙县中央苏区苏维埃政府旧址及兵工厂旧址,,广东省,,,非A,红色旅游,unknown,pending,红色旅游经典景区,https://www.mct.gov.cn/tourism/#/list,API目录ID-40/2026-09-04,,,尚未映射到可回跳的知识库景点卡,,,1,CN-POOL-20260904-r0,MCT内容ID=15856；来源文件=content_40.json
CN-P-000567,778516233bad8705effa1c13a5ee1b7e20bb7e1ee9a535942ca8caeb10cb5dc7,左右江红色旅游系列景区,,广西壮族自治区,,,非A,红色旅游,unknown,pending,红色旅游经典景区,https://www.mct.gov.cn/tourism/#/list,API目录ID-40/2026-09-04,,,尚未映射到可回跳的知识库景点卡,,,1,CN-POOL-20260904-r0,MCT内容ID=15857；来源文件=content_40.json
CN-P-000568,61d72302639bb2bae1cdccca9b22677c2413f670c4163143546cd0d018ac8458,桂林市红色旅游系列景区,,广西壮族自治区,,,非A,红色旅游,unknown,pending,红色旅游经典景区,https://www.mct.gov.cn/tourism/#/list,API目录ID-40/2026-09-04,,,尚未映射到可回跳的知识库景点卡,,,1,CN-POOL-20260904-r0,MCT内容ID=15858；来源文件=content_40.json
CN-P-000569,bfcc1e6b95a19d63b7703ae082e4df32dc23c77c3ecaec17665e1c0f7d194ce6,贵港市桂平县太平天国金田起义旧址,,广西壮族自治区,,,非A,红色旅游,unknown,pending,红色旅游经典景区,https://www.mct.gov.cn/tourism/#/list,API目录ID-40/2026-09-04,,,尚未映射到可回跳的知识库景点卡,,,1,CN-POOL-20260904-r0,MCT内容ID=15859；来源文件=content_40.json
CN-P-000570,1e285a7190fad2d8e140d6983b31c3f8ced56cff22cffc8cf04ef590ac653904,崇左市凭祥市镇南关大捷遗址，龙州小连城要塞遗址，凭祥大连城要塞遗址,,广西壮族自治区,,,非A,红色旅游,unknown,pending,红色旅游经典景区,https://www.mct.gov.cn/tourism/#/list,API目录ID-40/2026-09-04,,,尚未映射到可回跳的知识库景点卡,,,1,CN-POOL-20260904-r0,MCT内容ID=15860；来源文件=content_40.json
CN-P-000571,db04dbba69463df30fcfc06938edff4d65542744e756d81e7195358c7b1ba279,昆仑关战役旧址景区,,广西壮族自治区,,,非A,红色旅游,unknown,pending,红色旅游经典景区,https://www.mct.gov.cn/tourism/#/list,API目录ID-40/2026-09-04,,,尚未映射到可回跳的知识库景点卡,,,1,CN-POOL-20260904-r0,MCT内容ID=15861；来源文件=content_40.json
CN-P-000572,a2f36cc25d98baaa0a8b003bc552b16d867523fe281220ab48a73f9e8c67d6dd,五指山市五指山革命根据地纪念园,,海南省,,,非A,红色旅游,unknown,pending,红色旅游经典景区,https://www.mct.gov.cn/tourism/#/list,API目录ID-40/2026-09-04,,,尚未映射到可回跳的知识库景点卡,,,1,CN-POOL-20260904-r0,MCT内容ID=15862；来源文件=content_40.json
CN-P-000573,3f3fec20c2aa5338a1dbc9f81948f6a3cf436ed72cb02c85195f71807e5a3093,海口市琼山区琼崖工农红军云龙改编旧址,,海南省,,,非A,红色旅游,unknown,pending,红色旅游经典景区,https://www.mct.gov.cn/tourism/#/list,API目录ID-40/2026-09-04,,,尚未映射到可回跳的知识库景点卡,,,1,CN-POOL-20260904-r0,MCT内容ID=15863；来源文件=content_40.json
CN-P-000574,4eeabd1874abc2e7f4a55bf2400da9c0220c1a62c954b6cfea6c2927b65af653,琼海市红色娘子军纪念园,,海南省,,,非A,红色旅游,unknown,pending,红色旅游经典景区,https://www.mct.gov.cn/tourism/#/list,API目录ID-40/2026-09-04,,,尚未映射到可回跳的知识库景点卡,,,1,CN-POOL-20260904-r0,MCT内容ID=15864；来源文件=content_40.json
CN-P-000575,3aaa41488b2f4b102bc645b1361e69aa54aff7dd4b02c67c9848f0a8b7330b03,定安县母瑞山革命根据地纪念园,,海南省,,,非A,红色旅游,unknown,pending,红色旅游经典景区,https://www.mct.gov.cn/tourism/#/list,API目录ID-40/2026-09-04,,,尚未映射到可回跳的知识库景点卡,,,1,CN-POOL-20260904-r0,MCT内容ID=15865；来源文件=content_40.json
CN-P-000576,07e7b2319480144a8a3eaed792bde692b8c191e3122f145c8c1bbdb5b3b6a6e4,万宁市六连岭革命遗址,,海南省,,,非A,红色旅游,unknown,pending,红色旅游经典景区,https://www.mct.gov.cn/tourism/#/list,API目录ID-40/2026-09-04,,,尚未映射到可回跳的知识库景点卡,,,1,CN-POOL-20260904-r0,MCT内容ID=15866；来源文件=content_40.json
CN-P-000577,0b61bb642784a745b47d1174f3e89f29647a85f81e9bbb9fda134e49ad8876b9,文昌市张云逸大将纪念馆,,海南省,,,非A,红色旅游,unknown,pending,红色旅游经典景区,https://www.mct.gov.cn/tourism/#/list,API目录ID-40/2026-09-04,,,尚未映射到可回跳的知识库景点卡,,,1,CN-POOL-20260904-r0,MCT内容ID=15867；来源文件=content_40.json
CN-P-000578,0ab5c6a56e44eb91d2ccca2981417f17cad8d177286d7c0fecf411ee1366c213,海口市解放海南岛战役烈士陵园，临高角解放海南纪念塑像热血丰碑及解放纪念园，澄迈县解放海南战役决战胜利纪念碑,,海南省,,,非A,红色旅游,unknown,pending,红色旅游经典景区,https://www.mct.gov.cn/tourism/#/list,API目录ID-40/2026-09-04,,,尚未映射到可回跳的知识库景点卡,,,1,CN-POOL-20260904-r0,MCT内容ID=15868；来源文件=content_40.json
CN-P-000579,9a097e8bf5291a9aa53baeb63cc3dda9fe14ad486d7fe09ef86fb42103636d76,海南岛抵抗外来侵略纪念景区,,海南省,,,非A,红色旅游,unknown,pending,红色旅游经典景区,https://www.mct.gov.cn/tourism/#/list,API目录ID-40/2026-09-04,,,尚未映射到可回跳的知识库景点卡,,,1,CN-POOL-20260904-r0,MCT内容ID=15869；来源文件=content_40.json
CN-P-000580,1bbdea35503932a3ead67b2ded56429eba0e29d9b174b110570fb4fbf69994ce,重庆市红色旅游系列景区,,重庆市,,,非A,红色旅游,unknown,pending,红色旅游经典景区,https://www.mct.gov.cn/tourism/#/list,API目录ID-40/2026-09-04,,,尚未映射到可回跳的知识库景点卡,,,1,CN-POOL-20260904-r0,MCT内容ID=15870；来源文件=content_40.json
CN-P-000581,005d4d77c7941b93f152a3290da972b617381f1f8899b41dc5d76dfb77e6bc50,中共中央南方局暨八路军驻重庆办事处旧址,,重庆市,,,非A,红色旅游,unknown,pending,红色旅游经典景区,https://www.mct.gov.cn/tourism/#/list,API目录ID-40/2026-09-04,,,尚未映射到可回跳的知识库景点卡,,,1,CN-POOL-20260904-r0,MCT内容ID=15871；来源文件=content_40.json
CN-P-000582,4d66134e262fcec42753ca87a615184486103c9232d911d604b7476e5fbeb0f8,国共合作遗址群及抗日民族统一战线遗址群,,重庆市,,,非A,红色旅游,unknown,pending,红色旅游经典景区,https://www.mct.gov.cn/tourism/#/list,API目录ID-40/2026-09-04,,,尚未映射到可回跳的知识库景点卡,,,1,CN-POOL-20260904-r0,MCT内容ID=15872；来源文件=content_40.json
CN-P-000583,dd3db6ce74c49157d5f226fe43e048a4e86af2b0e2320e545a52ccf9b8bdf696,邱少云烈士纪念馆,,重庆市,,,非A,红色旅游,unknown,pending,红色旅游经典景区,https://www.mct.gov.cn/tourism/#/list,API目录ID-40/2026-09-04,,,尚未映射到可回跳的知识库景点卡,,,1,CN-POOL-20260904-r0,MCT内容ID=15873；来源文件=content_40.json
CN-P-000584,5c4ac85ca241d9a55c1cb6196de72152bf9af4a61457ee25d17badfe44a6d8e1,广安市红色旅游系列景区,,四川省,,,非A,红色旅游,unknown,pending,红色旅游经典景区,https://www.mct.gov.cn/tourism/#/list,API目录ID-40/2026-09-04,,,尚未映射到可回跳的知识库景点卡,,,1,CN-POOL-20260904-r0,MCT内容ID=15874；来源文件=content_40.json
CN-P-000585,d7f2be99c94c2480b878a72967cdcdc66b44dec622f0249461bfbb31c8d47ad1,巴中市、达州市、广元市、南充市川陕革命根据地红色旅游系列景区,,四川省,,,非A,红色旅游,unknown,pending,红色旅游经典景区,https://www.mct.gov.cn/tourism/#/list,API目录ID-40/2026-09-04,,,尚未映射到可回跳的知识库景点卡,,,1,CN-POOL-20260904-r0,MCT内容ID=15875；来源文件=content_40.json
CN-P-000586,264e2e391872f25dcf7473a031189ab660abca533d84a084697476e7f5d754c3,四川红军长征红色旅游系列景区,,四川省,,,非A,红色旅游,unknown,pending,红色旅游经典景区,https://www.mct.gov.cn/tourism/#/list,API目录ID-40/2026-09-04,,,尚未映射到可回跳的知识库景点卡,,,1,CN-POOL-20260904-r0,MCT内容ID=15876；来源文件=content_40.json
CN-P-000587,4ebd9e43c4fb1bbcaf88ff5a0faf382e0fdc88b54f5aff6fe166788f8fd82d61,宜宾市宜宾县赵一曼纪念馆,,四川省,,,非A,红色旅游,unknown,pending,红色旅游经典景区,https://www.mct.gov.cn/tourism/#/list,API目录ID-40/2026-09-04,,,尚未映射到可回跳的知识库景点卡,,,1,CN-POOL-20260904-r0,MCT内容ID=15877；来源文件=content_40.json
CN-P-000588,baf03f9a3ebf95b7db4c5e2b57e7050d6e24f14f668f5f506df29c03a8e2a634,资阳市乐至县陈毅故居,,四川省,,,非A,红色旅游,unknown,pending,红色旅游经典景区,https://www.mct.gov.cn/tourism/#/list,API目录ID-40/2026-09-04,,,尚未映射到可回跳的知识库景点卡,,,1,CN-POOL-20260904-r0,MCT内容ID=15878；来源文件=content_40.json
CN-P-000589,815a6cdc5783ecf94392d85bc53dc5f4ea3a320b004eb8363d27412f26a4caaa,绵阳市“两弹一星”国防科技教育基地,,四川省,,,非A,红色旅游,unknown,pending,红色旅游经典景区,https://www.mct.gov.cn/tourism/#/list,API目录ID-40/2026-09-04,,,尚未映射到可回跳的知识库景点卡,,,1,CN-POOL-20260904-r0,MCT内容ID=15879；来源文件=content_40.json
CN-P-000590,95a17d351b3e6528d63fd47ff3215f82c427e2dd78d2bf604ab5b5207e3e7d8e,凉山州中国西昌卫星发射中心,,四川省,,,非A,红色旅游,unknown,pending,红色旅游经典景区,https://www.mct.gov.cn/tourism/#/list,API目录ID-40/2026-09-04,,,尚未映射到可回跳的知识库景点卡,,,1,CN-POOL-20260904-r0,MCT内容ID=15880；来源文件=content_40.json
CN-P-000591,6de543b720a59a7c851c3d3e53ff2a0488a7e986353be979ae2e2feaa7e2762e,“5.12”汶川大地震抗震救灾系列景区,,四川省,,,非A,红色旅游,unknown,pending,红色旅游经典景区,https://www.mct.gov.cn/tourism/#/list,API目录ID-40/2026-09-04,,,尚未映射到可回跳的知识库景点卡,,,1,CN-POOL-20260904-r0,MCT内容ID=15881；来源文件=content_40.json
CN-P-000592,2296cfc97d6ee41569b9b3ba9a6203101d2bf730296263599690da225a3bf3d5,泸州市泸顺起义旧址,,四川省,,,非A,红色旅游,unknown,pending,红色旅游经典景区,https://www.mct.gov.cn/tourism/#/list,API目录ID-40/2026-09-04,,,尚未映射到可回跳的知识库景点卡,,,1,CN-POOL-20260904-r0,MCT内容ID=15882；来源文件=content_40.json
CN-P-000593,de2f022b77a51cf7a01733bfb75e0a96fdc06ba952174e2a79c3daaee3b9b6f2,贵州红军长征红色旅游系列景区,,贵州省,,,非A,红色旅游,unknown,pending,红色旅游经典景区,https://www.mct.gov.cn/tourism/#/list,API目录ID-40/2026-09-04,,,尚未映射到可回跳的知识库景点卡,,,1,CN-POOL-20260904-r0,MCT内容ID=15883；来源文件=content_40.json
CN-P-000594,57e2bad71530fd20f09e44c711a8eedb79d2caa2148f84d012590c98f0c5f145,贵阳市息烽集中营革命历史纪念馆,,贵州省,,,非A,红色旅游,unknown,pending,红色旅游经典景区,https://www.mct.gov.cn/tourism/#/list,API目录ID-40/2026-09-04,,,尚未映射到可回跳的知识库景点卡,,,1,CN-POOL-20260904-r0,MCT内容ID=15884；来源文件=content_40.json
CN-P-000595,aa5207e746ddb121b8e7da639a0b5ff424b54c1bae437d09a4e1e6ba1a64c4fb,安顺市王若飞故居,,贵州省,,,非A,红色旅游,unknown,pending,红色旅游经典景区,https://www.mct.gov.cn/tourism/#/list,API目录ID-40/2026-09-04,,,尚未映射到可回跳的知识库景点卡,,,1,CN-POOL-20260904-r0,MCT内容ID=15885；来源文件=content_40.json
CN-P-000596,f128b0e7c034328a4d5ed1124bd4395ae1849a559913c2959792819c2b6a4133,黔南州独山县深河桥抗战遗址,,贵州省,,,非A,红色旅游,unknown,pending,红色旅游经典景区,https://www.mct.gov.cn/tourism/#/list,API目录ID-40/2026-09-04,,,尚未映射到可回跳的知识库景点卡,,,1,CN-POOL-20260904-r0,MCT内容ID=15886；来源文件=content_40.json
CN-P-000597,d701264a9f51b8f7d4c23eec249cab7b89a09def09d3e331baff99262283831a,铜仁市周逸群烈士故居,,贵州省,,,非A,红色旅游,unknown,pending,红色旅游经典景区,https://www.mct.gov.cn/tourism/#/list,API目录ID-40/2026-09-04,,,尚未映射到可回跳的知识库景点卡,,,1,CN-POOL-20260904-r0,MCT内容ID=15887；来源文件=content_40.json
CN-P-000598,f1ffac190dc2b49c17f43fe7fd57d245b8cd759d8e2dee275a45c38c2ca4dfed,黔南州荔波县邓恩铭烈士故居,,贵州省,,,非A,红色旅游,unknown,pending,红色旅游经典景区,https://www.mct.gov.cn/tourism/#/list,API目录ID-40/2026-09-04,,,尚未映射到可回跳的知识库景点卡,,,1,CN-POOL-20260904-r0,MCT内容ID=15888；来源文件=content_40.json
CN-P-000599,9835456c818df0ab35690d1ed6bc057dc03e99b30435a90fbd81a456c541389f,铜仁市石阡县红二六军团革命遗址,,贵州省,,,非A,红色旅游,unknown,pending,红色旅游经典景区,https://www.mct.gov.cn/tourism/#/list,API目录ID-40/2026-09-04,,,尚未映射到可回跳的知识库景点卡,,,1,CN-POOL-20260904-r0,MCT内容ID=15889；来源文件=content_40.json
CN-P-000600,b8b9e94d1b7c98c6878cd9770d6a642ccc48ab1c38ecdf9734b8374ea6c2af6b,黔西南州史迪威公路晴隆二十四道拐遗址,,贵州省,,,非A,红色旅游,unknown,pending,红色旅游经典景区,https://www.mct.gov.cn/tourism/#/list,API目录ID-40/2026-09-04,,,尚未映射到可回跳的知识库景点卡,,,1,CN-POOL-20260904-r0,MCT内容ID=15890；来源文件=content_40.json
CN-P-000601,078a5f5d4733d352c4e36782dfbbc17df046018a25e788bce8ac0be0629716b7,云南红军长征红色旅游系列景区,,云南省,,,非A,红色旅游,unknown,pending,红色旅游经典景区,https://www.mct.gov.cn/tourism/#/list,API目录ID-40/2026-09-04,,,尚未映射到可回跳的知识库景点卡,,,1,CN-POOL-20260904-r0,MCT内容ID=15891；来源文件=content_40.json
CN-P-000602,b873998fde8d8b799bf3407552329b0333095caf6cdf803682ad9602f4457178,昆明市西南联合大学旧址、陆军讲武堂旧址、“一二一” 纪念馆及四烈士墓,,云南省,,,非A,红色旅游,unknown,pending,红色旅游经典景区,https://www.mct.gov.cn/tourism/#/list,API目录ID-40/2026-09-04,,,尚未映射到可回跳的知识库景点卡,,,1,CN-POOL-20260904-r0,MCT内容ID=15892；来源文件=content_40.json
CN-P-000603,4dd9c3f119a3665fe3fda636f223eecb7fc5eb018d9b06f9f33594e7186ed96a,普洱市民族团结誓词碑,,云南省,,,非A,红色旅游,unknown,pending,红色旅游经典景区,https://www.mct.gov.cn/tourism/#/list,API目录ID-40/2026-09-04,,,尚未映射到可回跳的知识库景点卡,,,1,CN-POOL-20260904-r0,MCT内容ID=15893；来源文件=content_40.json
CN-P-000604,cc3d43fe35f5125480b7d51e6b3b0d14240bd98f2d7090c57b76bba032fef829,保山市龙陵县滇西抗战松山战役遗址及腾冲县滇西抗战纪念馆、施甸县抗战江防遗址,,云南省,,,非A,红色旅游,unknown,pending,红色旅游经典景区,https://www.mct.gov.cn/tourism/#/list,API目录ID-40/2026-09-04,,,尚未映射到可回跳的知识库景点卡,,,1,CN-POOL-20260904-r0,MCT内容ID=15894；来源文件=content_40.json
CN-P-000605,a9d03e5a63732c72df3270f1f45351845029e68f13b9cb6234ab13959e4a5953,边疆民族抗英纪念遗址,,云南省,,,非A,红色旅游,unknown,pending,红色旅游经典景区,https://www.mct.gov.cn/tourism/#/list,API目录ID-40/2026-09-04,,,尚未映射到可回跳的知识库景点卡,,,1,CN-POOL-20260904-r0,MCT内容ID=15895；来源文件=content_40.json
CN-P-000606,ce4244bac7cb54c474c432f708e8cd6fe9c2bfea8aa6f8e1892e38c714d91655,昭通市罗炳辉将军故居及乌蒙回旋战旧址,,云南省,,,非A,红色旅游,unknown,pending,红色旅游经典景区,https://www.mct.gov.cn/tourism/#/list,API目录ID-40/2026-09-04,,,尚未映射到可回跳的知识库景点卡,,,1,CN-POOL-20260904-r0,MCT内容ID=15896；来源文件=content_40.json
CN-P-000607,4b5df61b19978688ca2d68799bbd3896a26d5133efef3c45b190e2070aaa72cc,南洋华侨机工回国抗日纪念遗址,,云南省,,,非A,红色旅游,unknown,pending,红色旅游经典景区,https://www.mct.gov.cn/tourism/#/list,API目录ID-40/2026-09-04,,,尚未映射到可回跳的知识库景点卡,,,1,CN-POOL-20260904-r0,MCT内容ID=15897；来源文件=content_40.json
CN-P-000608,d6009da52ae6fc617cbe58fca4c954d6444b2b10ddf77f2026fc6c7958d01770,怒江驼峰航线纪念馆,,云南省,,,非A,红色旅游,unknown,pending,红色旅游经典景区,https://www.mct.gov.cn/tourism/#/list,API目录ID-40/2026-09-04,,,尚未映射到可回跳的知识库景点卡,,,1,CN-POOL-20260904-r0,MCT内容ID=15898；来源文件=content_40.json
CN-P-000609,e943d3d3a247e0847ad16f5014cd5937d76c39ac36339c67c5b472a605d3ee9e,保山市施甸县杨善洲精神教育基地,,云南省,,,非A,红色旅游,unknown,pending,红色旅游经典景区,https://www.mct.gov.cn/tourism/#/list,API目录ID-40/2026-09-04,,,尚未映射到可回跳的知识库景点卡,,,1,CN-POOL-20260904-r0,MCT内容ID=15899；来源文件=content_40.json
CN-P-000610,d1e16ce375b0842b497156099232750c4a3b365f96b435dfe50895f41b504032,西藏山南地区乃东县泽当镇山南烈士陵园,,西藏自治区,,,非A,红色旅游,unknown,pending,红色旅游经典景区,https://www.mct.gov.cn/tourism/#/list,API目录ID-40/2026-09-04,,,尚未映射到可回跳的知识库景点卡,,,1,CN-POOL-20260904-r0,MCT内容ID=15900；来源文件=content_40.json
CN-P-000611,0796e7442857693470820d96ebb2d1a75a1f1869afec906856724da2c626eb29,拉萨市红色旅游系列景区,,西藏自治区,,,非A,红色旅游,unknown,pending,红色旅游经典景区,https://www.mct.gov.cn/tourism/#/list,API目录ID-40/2026-09-04,,,尚未映射到可回跳的知识库景点卡,,,1,CN-POOL-20260904-r0,MCT内容ID=15901；来源文件=content_40.json
CN-P-000612,79e4f87120a9e7abe24cf5c1ae9449c3488f453d7229b8ef74dd7497a899b5f4,日喀则地区江孜县宗山抗英遗址，康马县乃宁曲德抗英遗址,,西藏自治区,,,非A,红色旅游,unknown,pending,红色旅游经典景区,https://www.mct.gov.cn/tourism/#/list,API目录ID-40/2026-09-04,,,尚未映射到可回跳的知识库景点卡,,,1,CN-POOL-20260904-r0,MCT内容ID=15902；来源文件=content_40.json
CN-P-000613,5d32dda27a58ba78aa5d1a21de8ed398eab30e0c5e179ec6c1dcdfbd42657655,昌都烈士陵园,,西藏自治区,,,非A,红色旅游,unknown,pending,红色旅游经典景区,https://www.mct.gov.cn/tourism/#/list,API目录ID-40/2026-09-04,,,尚未映射到可回跳的知识库景点卡,,,1,CN-POOL-20260904-r0,MCT内容ID=15903；来源文件=content_40.json
CN-P-000614,25be10db7c9ac83eacabbe9ded6d9c95531b2550cf7e6ae6f7ebf9dc2059f012,阿里地区噶尔县中共西藏工委阿里分工委旧址,,西藏自治区,,,非A,红色旅游,unknown,pending,红色旅游经典景区,https://www.mct.gov.cn/tourism/#/list,API目录ID-40/2026-09-04,,,尚未映射到可回跳的知识库景点卡,,,1,CN-POOL-20260904-r0,MCT内容ID=15904；来源文件=content_40.json
CN-P-000615,e3357ec89dbf4733052d06ebea806436b84aa12e35bc3d0a40d03d462fab6f99,西安市红色旅游系列景区,,陕西省,,,非A,红色旅游,unknown,pending,红色旅游经典景区,https://www.mct.gov.cn/tourism/#/list,API目录ID-40/2026-09-04,,,尚未映射到可回跳的知识库景点卡,,,1,CN-POOL-20260904-r0,MCT内容ID=15905；来源文件=content_40.json
CN-P-000616,d7c221a8a907c77315d9fc57ea9ceba9e5587935f768f47c22c6ad378a1b0b65,汉中市川陕革命根据地纪念馆,,陕西省,,,非A,红色旅游,unknown,pending,红色旅游经典景区,https://www.mct.gov.cn/tourism/#/list,API目录ID-40/2026-09-04,,,尚未映射到可回跳的知识库景点卡,,,1,CN-POOL-20260904-r0,MCT内容ID=15906；来源文件=content_40.json
CN-P-000617,f90ae807f426d46fc345268f11b862e0b500e72274d3bc534d57284591ef2b90,延安市延安革命纪念地系列景区,,陕西省,,,非A,红色旅游,unknown,pending,红色旅游经典景区,https://www.mct.gov.cn/tourism/#/list,API目录ID-40/2026-09-04,,,尚未映射到可回跳的知识库景点卡,,,1,CN-POOL-20260904-r0,MCT内容ID=15907；来源文件=content_40.json
CN-P-000618,736b97998e787422f0267d0c3a25529732b9ca4c2d9809d0e47d747e9a3c05a8,咸阳市旬邑县马栏革命旧址,,陕西省,,,非A,红色旅游,unknown,pending,红色旅游经典景区,https://www.mct.gov.cn/tourism/#/list,API目录ID-40/2026-09-04,,,尚未映射到可回跳的知识库景点卡,,,1,CN-POOL-20260904-r0,MCT内容ID=15908；来源文件=content_40.json
CN-P-000619,814d6fa3fe60d7a2a51b909a772f3ee565ae6775ac723774315167de1773f0c6,铜川市陕甘边照金革命根据地旧址,,陕西省,,,非A,红色旅游,unknown,pending,红色旅游经典景区,https://www.mct.gov.cn/tourism/#/list,API目录ID-40/2026-09-04,,,尚未映射到可回跳的知识库景点卡,,,1,CN-POOL-20260904-r0,MCT内容ID=15909；来源文件=content_40.json
CN-P-000620,2bf5c2e408c7fd82f3da59cc29dd7c8e17ce99317e5e53e35d3104c1a48de4bb,渭南市华州区渭华起义纪念馆,,陕西省,,,非A,红色旅游,unknown,pending,红色旅游经典景区,https://www.mct.gov.cn/tourism/#/list,API目录ID-40/2026-09-04,,,尚未映射到可回跳的知识库景点卡,,,1,CN-POOL-20260904-r0,MCT内容ID=15910；来源文件=content_40.json
CN-P-000621,0d87ba4a263c7c5d7d544cbc35d56cfab9f1bd637af3838e2f852ef070ae0936,榆林市红色旅游系列景区,,陕西省,,,非A,红色旅游,unknown,pending,红色旅游经典景区,https://www.mct.gov.cn/tourism/#/list,API目录ID-40/2026-09-04,,,尚未映射到可回跳的知识库景点卡,,,1,CN-POOL-20260904-r0,MCT内容ID=15911；来源文件=content_40.json
CN-P-000622,6dd1884fd0e9278bfd693b39ff9121383af3ff46a9a6c43a60d0ec84848df7ad,宝鸡市红色旅游系列景区,,陕西省,,,非A,红色旅游,unknown,pending,红色旅游经典景区,https://www.mct.gov.cn/tourism/#/list,API目录ID-40/2026-09-04,,,尚未映射到可回跳的知识库景点卡,,,1,CN-POOL-20260904-r0,MCT内容ID=15912；来源文件=content_40.json
CN-P-000623,d61d7458848f05163efcea7567614165e0806088cca4251d3f33cebe9e10c033,陕南红军革命根据地系列景区,,陕西省,,,非A,红色旅游,unknown,pending,红色旅游经典景区,https://www.mct.gov.cn/tourism/#/list,API目录ID-40/2026-09-04,,,尚未映射到可回跳的知识库景点卡,,,1,CN-POOL-20260904-r0,MCT内容ID=15913；来源文件=content_40.json
CN-P-000624,6153809aef7d7fa131b726cfe920400e698004cc5a0e9aa26b5e02414c240c61,咸阳市泾阳县安吴青训班革命旧址,,陕西省,,,非A,红色旅游,unknown,pending,红色旅游经典景区,https://www.mct.gov.cn/tourism/#/list,API目录ID-40/2026-09-04,,,尚未映射到可回跳的知识库景点卡,,,1,CN-POOL-20260904-r0,MCT内容ID=15914；来源文件=content_40.json
CN-P-000625,2ed459b0f3201de0230245526d9a22dfcfc1646ba996910681e76d6be390813a,黄陵县陕甘边小石崖革命旧址,,陕西省,,,非A,红色旅游,unknown,pending,红色旅游经典景区,https://www.mct.gov.cn/tourism/#/list,API目录ID-40/2026-09-04,,,尚未映射到可回跳的知识库景点卡,,,1,CN-POOL-20260904-r0,MCT内容ID=15915；来源文件=content_40.json
CN-P-000626,6e62b3eede1c3a987d41c52d29b7a048b9626021bdafb12cf2d96bed7886bf69,靖边县小河会议旧址,,陕西省,,,非A,红色旅游,unknown,pending,红色旅游经典景区,https://www.mct.gov.cn/tourism/#/list,API目录ID-40/2026-09-04,,,尚未映射到可回跳的知识库景点卡,,,1,CN-POOL-20260904-r0,MCT内容ID=15916；来源文件=content_40.json
CN-P-000627,4bfd483ee23613f2d81b983fc9ab9eec947d043ac274a93d73e5d399f3e740e7,富平县红色旅游系列景区,,陕西省,,,非A,红色旅游,unknown,pending,红色旅游经典景区,https://www.mct.gov.cn/tourism/#/list,API目录ID-40/2026-09-04,,,尚未映射到可回跳的知识库景点卡,,,1,CN-POOL-20260904-r0,MCT内容ID=15917；来源文件=content_40.json
CN-P-000628,ab9bc8b34ee93775dcb4e896c621dc21cdb8b432c284239644622cc98f2f7f61,甘肃红军长征红色旅游系列景区,,甘肃省,,,非A,红色旅游,unknown,pending,红色旅游经典景区,https://www.mct.gov.cn/tourism/#/list,API目录ID-40/2026-09-04,,,尚未映射到可回跳的知识库景点卡,,,1,CN-POOL-20260904-r0,MCT内容ID=15918；来源文件=content_40.json
CN-P-000629,cacfe1b10a4da9a6f055569e2991339a545277c951cadbc53a2904e690a11b27,兰州市城关区八路军兰州办事处旧址,,甘肃省,,,非A,红色旅游,unknown,pending,红色旅游经典景区,https://www.mct.gov.cn/tourism/#/list,API目录ID-40/2026-09-04,,,尚未映射到可回跳的知识库景点卡,,,1,CN-POOL-20260904-r0,MCT内容ID=15919；来源文件=content_40.json
CN-P-000630,2f3f64a3e9cc3fc984a12e71ac1ff192f411bf4b6e77353ee500dcc1dcaa0393,庆阳市华池县陕甘边区苏维埃政府旧址,,甘肃省,,,非A,红色旅游,unknown,pending,红色旅游经典景区,https://www.mct.gov.cn/tourism/#/list,API目录ID-40/2026-09-04,,,尚未映射到可回跳的知识库景点卡,,,1,CN-POOL-20260904-r0,MCT内容ID=15920；来源文件=content_40.json
CN-P-000631,766f5e12b088d4f5f54a585284a165e26e5d9366ec01edfad23c6f64051b30f2,张掖市高台县高台烈士陵园,,甘肃省,,,非A,红色旅游,unknown,pending,红色旅游经典景区,https://www.mct.gov.cn/tourism/#/list,API目录ID-40/2026-09-04,,,尚未映射到可回跳的知识库景点卡,,,1,CN-POOL-20260904-r0,MCT内容ID=15921；来源文件=content_40.json
CN-P-000632,8772c63a6b53296664936346bbb0838ca6583c6b268b7b20d082750d4951bb09,庆阳市环县山城堡战役遗址,,甘肃省,,,非A,红色旅游,unknown,pending,红色旅游经典景区,https://www.mct.gov.cn/tourism/#/list,API目录ID-40/2026-09-04,,,尚未映射到可回跳的知识库景点卡,,,1,CN-POOL-20260904-r0,MCT内容ID=15922；来源文件=content_40.json
CN-P-000633,dd70ba7b9e8c1b6a9a4b009d7a72a62bba134244f723624405d0db7f84705ce7,平凉市中国工农红军长征界石铺纪念园,,甘肃省,,,非A,红色旅游,unknown,pending,红色旅游经典景区,https://www.mct.gov.cn/tourism/#/list,API目录ID-40/2026-09-04,,,尚未映射到可回跳的知识库景点卡,,,1,CN-POOL-20260904-r0,MCT内容ID=15923；来源文件=content_40.json
CN-P-000634,a9b5c8f70b57621b2f493de3cdbdc6caeaf24e6b67f0d82cca3b48259dccf3da,陇南市两当县两当兵变旧址,,甘肃省,,,非A,红色旅游,unknown,pending,红色旅游经典景区,https://www.mct.gov.cn/tourism/#/list,API目录ID-40/2026-09-04,,,尚未映射到可回跳的知识库景点卡,,,1,CN-POOL-20260904-r0,MCT内容ID=15924；来源文件=content_40.json
CN-P-000635,da43da14259b50a626dde33d0a6575b50f9926c9fb3efdc86fcc147c535834bf,酒泉市玉门油田,,甘肃省,,,非A,红色旅游,unknown,pending,红色旅游经典景区,https://www.mct.gov.cn/tourism/#/list,API目录ID-40/2026-09-04,,,尚未映射到可回跳的知识库景点卡,,,1,CN-POOL-20260904-r0,MCT内容ID=15925；来源文件=content_40.json
CN-P-000636,aef228620e14906c498d70cd76d203cdce42060f7cf22699463fc2887db524bd,张掖市山丹艾黎纪念馆,,甘肃省,,,非A,红色旅游,unknown,pending,红色旅游经典景区,https://www.mct.gov.cn/tourism/#/list,API目录ID-40/2026-09-04,,,尚未映射到可回跳的知识库景点卡,,,1,CN-POOL-20260904-r0,MCT内容ID=15926；来源文件=content_40.json
CN-P-000637,48c48a269f99d7fc65552cd64a4258ccbdd11008da50c57e87ffedba7f444e10,甘南州舟曲特大山洪泥石流地质灾害纪念公园,,甘肃省,,,非A,红色旅游,unknown,pending,红色旅游经典景区,https://www.mct.gov.cn/tourism/#/list,API目录ID-40/2026-09-04,,,尚未映射到可回跳的知识库景点卡,,,1,CN-POOL-20260904-r0,MCT内容ID=15927；来源文件=content_40.json
CN-P-000638,caa7f90cdb594acb82df880d94312ef80d6bdff72bd2041020a63256ecb8a03e,西宁市中国工农红军西路军纪念馆,,青海省,,,非A,红色旅游,unknown,pending,红色旅游经典景区,https://www.mct.gov.cn/tourism/#/list,API目录ID-40/2026-09-04,,,尚未映射到可回跳的知识库景点卡,,,1,CN-POOL-20260904-r0,MCT内容ID=15928；来源文件=content_40.json
CN-P-000639,fca5245aad8c860d72b05ba01ddf06fb3d945e0ca5a1c34552f30c84f78d282b,海北州青海原子城遗址,,青海省,,,非A,红色旅游,unknown,pending,红色旅游经典景区,https://www.mct.gov.cn/tourism/#/list,API目录ID-40/2026-09-04,,,尚未映射到可回跳的知识库景点卡,,,1,CN-POOL-20260904-r0,MCT内容ID=15929；来源文件=content_40.json
CN-P-000640,6b4489b94fb0c636ceded79a28934bf8ba2f9fe088ddc2df3259fca4d3f3fbad,玉树抗震救灾纪念馆,,青海省,,,非A,红色旅游,unknown,pending,红色旅游经典景区,https://www.mct.gov.cn/tourism/#/list,API目录ID-40/2026-09-04,,,尚未映射到可回跳的知识库景点卡,,,1,CN-POOL-20260904-r0,MCT内容ID=15930；来源文件=content_40.json
CN-P-000641,2514831bd2beeea2f5796d32c5141240b8315a45a34b72f2644bdb4d0d68b3e0,果洛州班玛县红军沟革命遗址,,青海省,,,非A,红色旅游,unknown,pending,红色旅游经典景区,https://www.mct.gov.cn/tourism/#/list,API目录ID-40/2026-09-04,,,尚未映射到可回跳的知识库景点卡,,,1,CN-POOL-20260904-r0,MCT内容ID=15931；来源文件=content_40.json
CN-P-000642,caa457e3609c61e67950e4841c62a08263f7cc3ebc4b037dc610f7afa8376f8f,海东市循化县十世班禅大师故居,,青海省,,,非A,红色旅游,unknown,pending,红色旅游经典景区,https://www.mct.gov.cn/tourism/#/list,API目录ID-40/2026-09-04,,,尚未映射到可回跳的知识库景点卡,,,1,CN-POOL-20260904-r0,MCT内容ID=15932；来源文件=content_40.json
CN-P-000643,424d9b7b56b5bbbfcbf93a830fd5e88027a23b07a3cae2f84552956be2a8d723,六盘山红军长征纪念景区,,宁夏回族自治区,,,非A,红色旅游,unknown,pending,红色旅游经典景区,https://www.mct.gov.cn/tourism/#/list,API目录ID-40/2026-09-04,,,尚未映射到可回跳的知识库景点卡,,,1,CN-POOL-20260904-r0,MCT内容ID=15933；来源文件=content_40.json
CN-P-000644,41d425dc7250aaf69652b8a0287b3ce68c17a30546890a8874d96da0b8165a04,吴忠市同心县红军西征红色旅游系列景区,,宁夏回族自治区,,,非A,红色旅游,unknown,pending,红色旅游经典景区,https://www.mct.gov.cn/tourism/#/list,API目录ID-40/2026-09-04,,,尚未映射到可回跳的知识库景点卡,,,1,CN-POOL-20260904-r0,MCT内容ID=15934；来源文件=content_40.json
CN-P-000645,e8e21b0be2c9ba6f72cf749a95ab79ffae1de628f2b5aa3c319ee4c15ff38d95,吴忠市盐池县革命烈士纪念馆,,宁夏回族自治区,,,非A,红色旅游,unknown,pending,红色旅游经典景区,https://www.mct.gov.cn/tourism/#/list,API目录ID-40/2026-09-04,,,尚未映射到可回跳的知识库景点卡,,,1,CN-POOL-20260904-r0,MCT内容ID=15935；来源文件=content_40.json
CN-P-000646,c09c4e79a6250ac0daca3720de9cafe606a76dce0b56dbb93be638ea94a981ec,银川市永宁县中华回乡文化园,,宁夏回族自治区,,,非A,红色旅游,unknown,pending,红色旅游经典景区,https://www.mct.gov.cn/tourism/#/list,API目录ID-40/2026-09-04,,,尚未映射到可回跳的知识库景点卡,,,1,CN-POOL-20260904-r0,MCT内容ID=15936；来源文件=content_40.json
CN-P-000647,967032932bcbb6ddac3da340d3db1c17501ecf77bd6d504441c7460d0d393058,乌鲁木齐市八路军驻新疆办事处纪念馆,,新疆维吾尔自治区,,,非A,红色旅游,unknown,pending,红色旅游经典景区,https://www.mct.gov.cn/tourism/#/list,API目录ID-40/2026-09-04,,,尚未映射到可回跳的知识库景点卡,,,1,CN-POOL-20260904-r0,MCT内容ID=15937；来源文件=content_40.json
CN-P-000648,7780b3473dc72c7165cf741337204c5ea100b6cf3ab0231421900376abd2a1d6,乌鲁木齐市革命烈士陵园,,新疆维吾尔自治区,,,非A,红色旅游,unknown,pending,红色旅游经典景区,https://www.mct.gov.cn/tourism/#/list,API目录ID-40/2026-09-04,,,尚未映射到可回跳的知识库景点卡,,,1,CN-POOL-20260904-r0,MCT内容ID=15938；来源文件=content_40.json
CN-P-000649,609d20d89987016524d73f6fa14977d567c6ad7c55dcd587ba2226a03c725bfb,哈密市红军西路军进疆纪念园,,新疆维吾尔自治区,,,非A,红色旅游,unknown,pending,红色旅游经典景区,https://www.mct.gov.cn/tourism/#/list,API目录ID-40/2026-09-04,,,尚未映射到可回跳的知识库景点卡,,,1,CN-POOL-20260904-r0,MCT内容ID=15939；来源文件=content_40.json
CN-P-000650,41951d88e81ad315e0adfd48872c397c272b1c915b4b594bc436e379822ce2ca,克拉玛依市克拉玛依一号井,,新疆维吾尔自治区,,,非A,红色旅游,unknown,pending,红色旅游经典景区,https://www.mct.gov.cn/tourism/#/list,API目录ID-40/2026-09-04,,,尚未映射到可回跳的知识库景点卡,,,1,CN-POOL-20260904-r0,MCT内容ID=15940；来源文件=content_40.json
CN-P-000651,8e6488acddffc098024a1872fd815861650e92cf74c36579d853a37dd35207cd,和田地区于田县库尔班·吐鲁木纪念馆,,新疆维吾尔自治区,,,非A,红色旅游,unknown,pending,红色旅游经典景区,https://www.mct.gov.cn/tourism/#/list,API目录ID-40/2026-09-04,,,尚未映射到可回跳的知识库景点卡,,,1,CN-POOL-20260904-r0,MCT内容ID=15941；来源文件=content_40.json
CN-P-000652,78ad0e003ce52c80d832ba88c8754ecd5d1f6a965bbcaf01034af26a94a1d9b2,巴音郭勒州马兰军博园,,新疆维吾尔自治区,,,非A,红色旅游,unknown,pending,红色旅游经典景区,https://www.mct.gov.cn/tourism/#/list,API目录ID-40/2026-09-04,,,尚未映射到可回跳的知识库景点卡,,,1,CN-POOL-20260904-r0,MCT内容ID=15942；来源文件=content_40.json
CN-P-000653,850b5a7c62db20e1dcaf68528daffe344c16e0c3c69dcdc80fee42c29471cadb,伊犁州林则徐纪念馆,,新疆维吾尔自治区,,,非A,红色旅游,unknown,pending,红色旅游经典景区,https://www.mct.gov.cn/tourism/#/list,API目录ID-40/2026-09-04,,,尚未映射到可回跳的知识库景点卡,,,1,CN-POOL-20260904-r0,MCT内容ID=15943；来源文件=content_40.json
CN-P-000654,aaf70fed5d83f335f8f654db27b560a300dfe3b8d835d723433309d07117a4dc,克州阿图什市赛福鼎·艾则孜故居,,新疆维吾尔自治区,,,非A,红色旅游,unknown,pending,红色旅游经典景区,https://www.mct.gov.cn/tourism/#/list,API目录ID-40/2026-09-04,,,尚未映射到可回跳的知识库景点卡,,,1,CN-POOL-20260904-r0,MCT内容ID=15944；来源文件=content_40.json
CN-P-000655,b3b9ea10feb9e6025e56ac4696959ca385bf2fb6d26ec2b4108a064b74695ed3,石河子市红色旅游系列景区,,新疆生产建设兵团,,,非A,红色旅游,unknown,pending,红色旅游经典景区,https://www.mct.gov.cn/tourism/#/list,API目录ID-40/2026-09-04,,,尚未映射到可回跳的知识库景点卡,,,1,CN-POOL-20260904-r0,MCT内容ID=15945；来源文件=content_40.json
CN-P-000656,d6060324fe074f33eb9d873b9f388ae44e664dbef2356a8226ed75e510fa2e10,第一师阿拉尔市三五九旅屯垦纪念馆,,新疆生产建设兵团,,,非A,红色旅游,unknown,pending,红色旅游经典景区,https://www.mct.gov.cn/tourism/#/list,API目录ID-40/2026-09-04,,,尚未映射到可回跳的知识库景点卡,,,1,CN-POOL-20260904-r0,MCT内容ID=15946；来源文件=content_40.json
CN-P-000657,3f613a1129bd6219cc14f54dd99a71185577bdf882d4db2db4a0be75f27e2117,新疆生产建设兵团系列景区,,新疆生产建设兵团,,,非A,红色旅游,unknown,pending,红色旅游经典景区,https://www.mct.gov.cn/tourism/#/list,API目录ID-40/2026-09-04,,,尚未映射到可回跳的知识库景点卡,,,1,CN-POOL-20260904-r0,MCT内容ID=15947；来源文件=content_40.json
CN-P-000658,c0d91c0c17cef01fcd0df59ab169e258e90038ec3773612031a690c2439f0d6f,新疆生产建设兵团第六师五家渠市军垦博物馆,,新疆生产建设兵团,,,非A,红色旅游,unknown,pending,红色旅游经典景区,https://www.mct.gov.cn/tourism/#/list,API目录ID-40/2026-09-04,,,尚未映射到可回跳的知识库景点卡,,,1,CN-POOL-20260904-r0,MCT内容ID=15948；来源文件=content_40.json
CN-P-000659,d5058cdd64d154be44cac2794535150f14b778cd0b9210dd585d4cafe6038fc1,怀柔区渤海镇北沟村,,北京市,,,非A,乡村旅游重点村,unknown,pending,第一批全国乡村旅游重点村,https://www.mct.gov.cn/tourism/#/list,API目录ID-36/2026-09-04,,,尚未映射到可回跳的知识库景点卡,,,1,CN-POOL-20260904-r0,MCT内容ID=13151；来源文件=content_36.json
CN-P-000660,ee4bd43436ae66679c36ffdec810141360bd5f9f890e75f7b425eec818a7389f,延庆区井庄镇柳沟村,,北京市,,,非A,乡村旅游重点村,unknown,pending,第一批全国乡村旅游重点村,https://www.mct.gov.cn/tourism/#/list,API目录ID-36/2026-09-04,,,尚未映射到可回跳的知识库景点卡,,,1,CN-POOL-20260904-r0,MCT内容ID=13152；来源文件=content_36.json
CN-P-000661,1eb08582d42cf4e305df175abcdad3dbff0395ea22dda864841244a3ba93bd80,密云区古北口镇古北口村,,北京市,,,非A,乡村旅游重点村,unknown,pending,第一批全国乡村旅游重点村,https://www.mct.gov.cn/tourism/#/list,API目录ID-36/2026-09-04,,,尚未映射到可回跳的知识库景点卡,,,1,CN-POOL-20260904-r0,MCT内容ID=13153；来源文件=content_36.json
CN-P-000662,2c14f2a4fba131de5cb13736b7f76be8704f1bb2d2d398582506b4e811c6e377,房山区周口店镇黄山店村,,北京市,,,非A,乡村旅游重点村,unknown,pending,第一批全国乡村旅游重点村,https://www.mct.gov.cn/tourism/#/list,API目录ID-36/2026-09-04,,,尚未映射到可回跳的知识库景点卡,,,1,CN-POOL-20260904-r0,MCT内容ID=13154；来源文件=content_36.json
CN-P-000663,394e221d23660347f9f2b557ba8dadea20ee84b6e981af88a9f950109be4dbae,怀柔区喇叭沟门满族乡中榆树店村,,北京市,,,非A,乡村旅游重点村,unknown,pending,第一批全国乡村旅游重点村,https://www.mct.gov.cn/tourism/#/list,API目录ID-36/2026-09-04,,,尚未映射到可回跳的知识库景点卡,,,1,CN-POOL-20260904-r0,MCT内容ID=13155；来源文件=content_36.json
CN-P-000664,c44c592a8d562a299750fb6d88ae4048de8dd98e5912582a7a2fffa4ba70abba,门头沟区斋堂镇灵水村,,北京市,,,非A,乡村旅游重点村,unknown,pending,第一批全国乡村旅游重点村,https://www.mct.gov.cn/tourism/#/list,API目录ID-36/2026-09-04,,,尚未映射到可回跳的知识库景点卡,,,1,CN-POOL-20260904-r0,MCT内容ID=13156；来源文件=content_36.json
CN-P-000665,7061c820f12eeaa8be91c8185064155a1957fad29f8e2dbba307b9758bd5a5aa,顺义区龙湾屯镇柳庄户村,,北京市,,,非A,乡村旅游重点村,unknown,pending,第一批全国乡村旅游重点村,https://www.mct.gov.cn/tourism/#/list,API目录ID-36/2026-09-04,,,尚未映射到可回跳的知识库景点卡,,,1,CN-POOL-20260904-r0,MCT内容ID=13157；来源文件=content_36.json
CN-P-000666,e3be43fd0bef2c89035fc60f78d7d3b60d976cd565ae976e98d8805694bee073,延庆区刘斌堡乡姚官岭村,,北京市,,,非A,乡村旅游重点村,unknown,pending,第一批全国乡村旅游重点村,https://www.mct.gov.cn/tourism/#/list,API目录ID-36/2026-09-04,,,尚未映射到可回跳的知识库景点卡,,,1,CN-POOL-20260904-r0,MCT内容ID=13158；来源文件=content_36.json
CN-P-000667,5949948a6d7a05e5978199d8df87e4512b594f3bf844a30e58c483c219cd3919,门头沟区斋堂镇马栏村,,北京市,,,非A,乡村旅游重点村,unknown,pending,第一批全国乡村旅游重点村,https://www.mct.gov.cn/tourism/#/list,API目录ID-36/2026-09-04,,,尚未映射到可回跳的知识库景点卡,,,1,CN-POOL-20260904-r0,MCT内容ID=13159；来源文件=content_36.json
CN-P-000668,5c6d252f79ff48e8f1ec9a3a78f6f3ff9ccc3fd1616e8796f570fce2324aa515,蓟州区下营镇常州村,,天津市,,,非A,乡村旅游重点村,unknown,pending,第一批全国乡村旅游重点村,https://www.mct.gov.cn/tourism/#/list,API目录ID-36/2026-09-04,,,尚未映射到可回跳的知识库景点卡,,,1,CN-POOL-20260904-r0,MCT内容ID=13160；来源文件=content_36.json
CN-P-000669,c3368dc31b72f5e1db9acd2d46c8d9e95f12ba7bc8ed1ef6df444224e69c3dcc,蓟州区渔阳镇西井峪村,,天津市,,,非A,乡村旅游重点村,unknown,pending,第一批全国乡村旅游重点村,https://www.mct.gov.cn/tourism/#/list,API目录ID-36/2026-09-04,,,尚未映射到可回跳的知识库景点卡,,,1,CN-POOL-20260904-r0,MCT内容ID=13161；来源文件=content_36.json
CN-P-000670,8b50a250d5bbd4c4a5c959d9bcb77b154f5fbb5179561d3be0bf1b17ad4970b1,蓟州区下营镇郭家沟村,,天津市,,,非A,乡村旅游重点村,unknown,pending,第一批全国乡村旅游重点村,https://www.mct.gov.cn/tourism/#/list,API目录ID-36/2026-09-04,,,尚未映射到可回跳的知识库景点卡,,,1,CN-POOL-20260904-r0,MCT内容ID=13162；来源文件=content_36.json
CN-P-000671,5c79da14621ba4f167a85e853c5ecec63dde8e3dd44c3a407cdf75deb6576cf4,蓟州区穿芳峪镇小穿芳峪村,,天津市,,,非A,乡村旅游重点村,unknown,pending,第一批全国乡村旅游重点村,https://www.mct.gov.cn/tourism/#/list,API目录ID-36/2026-09-04,,,尚未映射到可回跳的知识库景点卡,,,1,CN-POOL-20260904-r0,MCT内容ID=13163；来源文件=content_36.json
CN-P-000672,f156febb0fcee8607e1a1da426d435ad097b7d9756b638d8d2d90a9fa6f4b40d,蓟州区穿芳峪镇毛家峪村,,天津市,,,非A,乡村旅游重点村,unknown,pending,第一批全国乡村旅游重点村,https://www.mct.gov.cn/tourism/#/list,API目录ID-36/2026-09-04,,,尚未映射到可回跳的知识库景点卡,,,1,CN-POOL-20260904-r0,MCT内容ID=13164；来源文件=content_36.json
CN-P-000673,1bc33e542a07c75463e3994bc43d2ec93d51ac3346a72f3a8ca5aa734dfb5283,蓟州区穿芳峪镇大巨各庄村,,天津市,,,非A,乡村旅游重点村,unknown,pending,第一批全国乡村旅游重点村,https://www.mct.gov.cn/tourism/#/list,API目录ID-36/2026-09-04,,,尚未映射到可回跳的知识库景点卡,,,1,CN-POOL-20260904-r0,MCT内容ID=13165；来源文件=content_36.json
CN-P-000674,be62098e0ac21751ec39d479c26be5836a2f06d692c89cb61d7a8107c94edfed,蓟州区上仓镇程家庄村,,天津市,,,非A,乡村旅游重点村,unknown,pending,第一批全国乡村旅游重点村,https://www.mct.gov.cn/tourism/#/list,API目录ID-36/2026-09-04,,,尚未映射到可回跳的知识库景点卡,,,1,CN-POOL-20260904-r0,MCT内容ID=13166；来源文件=content_36.json
CN-P-000675,85020559e57dbb4814bae8aebab9379cea150bb4d42379c49e13edcdab9daa05,石家庄市平山县岗南镇李家庄村,,河北省,,,非A,乡村旅游重点村,unknown,pending,第一批全国乡村旅游重点村,https://www.mct.gov.cn/tourism/#/list,API目录ID-36/2026-09-04,,,尚未映射到可回跳的知识库景点卡,,,1,CN-POOL-20260904-r0,MCT内容ID=13167；来源文件=content_36.json
CN-P-000676,72c3773f19229d6afaa1edab50f32056d38354333f5ed06ee8c2e99d2cf7efbb,邯郸市馆陶县寿山寺乡寿山寺东村,,河北省,,,非A,乡村旅游重点村,unknown,pending,第一批全国乡村旅游重点村,https://www.mct.gov.cn/tourism/#/list,API目录ID-36/2026-09-04,,,尚未映射到可回跳的知识库景点卡,,,1,CN-POOL-20260904-r0,MCT内容ID=13168；来源文件=content_36.json
CN-P-000677,cb70701c5145dec606e191738abbd32ebfeeafa93cba67cdb99b20e2e303fa79,衡水市武强县周窝镇周窝村,,河北省,,,非A,乡村旅游重点村,unknown,pending,第一批全国乡村旅游重点村,https://www.mct.gov.cn/tourism/#/list,API目录ID-36/2026-09-04,,,尚未映射到可回跳的知识库景点卡,,,1,CN-POOL-20260904-r0,MCT内容ID=13169；来源文件=content_36.json
CN-P-000678,d355b782c19fafc6d566f45b45e7a18f98149d3cebccae50c9804bc7867fd1f4,保定市涞水县三坡镇百里峡村,,河北省,,,非A,乡村旅游重点村,unknown,pending,第一批全国乡村旅游重点村,https://www.mct.gov.cn/tourism/#/list,API目录ID-36/2026-09-04,,,尚未映射到可回跳的知识库景点卡,,,1,CN-POOL-20260904-r0,MCT内容ID=13170；来源文件=content_36.json
CN-P-000679,9a6275f175945ca4ae31afb86603335edcfe20413ef0d26535660c58750ed9a3,张家口市蔚县暖泉镇西古堡村,,河北省,,,非A,乡村旅游重点村,unknown,pending,第一批全国乡村旅游重点村,https://www.mct.gov.cn/tourism/#/list,API目录ID-36/2026-09-04,,,尚未映射到可回跳的知识库景点卡,,,1,CN-POOL-20260904-r0,MCT内容ID=13171；来源文件=content_36.json
CN-P-000680,852dff04555c141a22da985c82ee4fd022ef7226795744cd7c73cc1665ddb929,雄安新区雄县张岗乡王村,,河北省,,,非A,乡村旅游重点村,unknown,pending,第一批全国乡村旅游重点村,https://www.mct.gov.cn/tourism/#/list,API目录ID-36/2026-09-04,,,尚未映射到可回跳的知识库景点卡,,,1,CN-POOL-20260904-r0,MCT内容ID=13172；来源文件=content_36.json
CN-P-000681,a0e0878338543ce8ff8966fdcb68d55ae03ff1c2b565451b2207ea2f19c19da9,唐山市曹妃甸区十里海养殖场,,河北省,,,非A,乡村旅游重点村,unknown,pending,第一批全国乡村旅游重点村,https://www.mct.gov.cn/tourism/#/list,API目录ID-36/2026-09-04,,,尚未映射到可回跳的知识库景点卡,,,1,CN-POOL-20260904-r0,MCT内容ID=13173；来源文件=content_36.json
CN-P-000682,9ee8e0b071922764094028193dc891dfe9e36aba1dd0abb3601c18c2ca8e365e,邢台市沙河市柴关乡王硇村,,河北省,,,非A,乡村旅游重点村,unknown,pending,第一批全国乡村旅游重点村,https://www.mct.gov.cn/tourism/#/list,API目录ID-36/2026-09-04,,,尚未映射到可回跳的知识库景点卡,,,1,CN-POOL-20260904-r0,MCT内容ID=13174；来源文件=content_36.json
CN-P-000683,df250d4ae6f86fcfc76fb8a5a9889de9c67ee84d99e5fcd6a27fedde6df7da9f,保定市竞秀区江城乡大激店村,,河北省,,,非A,乡村旅游重点村,unknown,pending,第一批全国乡村旅游重点村,https://www.mct.gov.cn/tourism/#/list,API目录ID-36/2026-09-04,,,尚未映射到可回跳的知识库景点卡,,,1,CN-POOL-20260904-r0,MCT内容ID=13175；来源文件=content_36.json
CN-P-000684,1dd3ea2b4ae27194045be240c65ef25cbec85f0d4f3af659d2e7b83f7bcd4a36,石家庄市正定县正定镇塔元庄村,,河北省,,,非A,乡村旅游重点村,unknown,pending,第一批全国乡村旅游重点村,https://www.mct.gov.cn/tourism/#/list,API目录ID-36/2026-09-04,,,尚未映射到可回跳的知识库景点卡,,,1,CN-POOL-20260904-r0,MCT内容ID=13176；来源文件=content_36.json
CN-P-000685,76ae4546dd5e22e92076921fd5045dbed1a7cd9ac0a6ced93dd84d9ebb31df35,秦皇岛市北戴河区北戴河村,,河北省,,,非A,乡村旅游重点村,unknown,pending,第一批全国乡村旅游重点村,https://www.mct.gov.cn/tourism/#/list,API目录ID-36/2026-09-04,,,尚未映射到可回跳的知识库景点卡,,,1,CN-POOL-20260904-r0,MCT内容ID=13177；来源文件=content_36.json
CN-P-000686,f63dab6a8eaeef6218d2d55bffddc4b533ecd0e6f21f97a5d7ba8cdea9167cb4,晋中市昔阳县大寨镇大寨村,,山西省,,,非A,乡村旅游重点村,unknown,pending,第一批全国乡村旅游重点村,https://www.mct.gov.cn/tourism/#/list,API目录ID-36/2026-09-04,,,尚未映射到可回跳的知识库景点卡,,,1,CN-POOL-20260904-r0,MCT内容ID=13178；来源文件=content_36.json
CN-P-000687,3be60cb6c538abab3f6a95ccc1822b48d4fb9ef8ff3d35fdd257b8b56a4f753b,吕梁市汾阳市贾家庄镇贾家庄村,,山西省,,,非A,乡村旅游重点村,unknown,pending,第一批全国乡村旅游重点村,https://www.mct.gov.cn/tourism/#/list,API目录ID-36/2026-09-04,,,尚未映射到可回跳的知识库景点卡,,,1,CN-POOL-20260904-r0,MCT内容ID=13179；来源文件=content_36.json
CN-P-000688,47def6aa6e3723dc063f8d91b9f673de625cb786364f79320dd23cd9e539724d,阳泉市平定县娘子关镇娘子关村,,山西省,,,非A,乡村旅游重点村,unknown,pending,第一批全国乡村旅游重点村,https://www.mct.gov.cn/tourism/#/list,API目录ID-36/2026-09-04,,,尚未映射到可回跳的知识库景点卡,,,1,CN-POOL-20260904-r0,MCT内容ID=13180；来源文件=content_36.json
CN-P-000689,536d8396bf480637864bea2864a1023abcb7a04a062209d827848579c0d2b5d4,长治市上党区振兴新区振兴村,,山西省,,,非A,乡村旅游重点村,unknown,pending,第一批全国乡村旅游重点村,https://www.mct.gov.cn/tourism/#/list,API目录ID-36/2026-09-04,,,尚未映射到可回跳的知识库景点卡,,,1,CN-POOL-20260904-r0,MCT内容ID=13181；来源文件=content_36.json
CN-P-000690,dcb9c9c64ef7fb756cc214ea362df24f8b9137500a267e46586d4b0accda0ff1,忻州市岢岚县宋家沟乡宋家沟村,,山西省,,,非A,乡村旅游重点村,unknown,pending,第一批全国乡村旅游重点村,https://www.mct.gov.cn/tourism/#/list,API目录ID-36/2026-09-04,,,尚未映射到可回跳的知识库景点卡,,,1,CN-POOL-20260904-r0,MCT内容ID=13182；来源文件=content_36.json
CN-P-000691,de5605d41022c434d0570fbf538db79ed1452bd227618a663638ed860480ef09,晋城市城区北石店镇司徒村,,山西省,,,非A,乡村旅游重点村,unknown,pending,第一批全国乡村旅游重点村,https://www.mct.gov.cn/tourism/#/list,API目录ID-36/2026-09-04,,,尚未映射到可回跳的知识库景点卡,,,1,CN-POOL-20260904-r0,MCT内容ID=13183；来源文件=content_36.json
CN-P-000692,6734a36b73b7619aa490ad851b6be423d201486839c2ae6fa2a2d92785a9a1f8,晋中市平遥县段村镇横坡村,,山西省,,,非A,乡村旅游重点村,unknown,pending,第一批全国乡村旅游重点村,https://www.mct.gov.cn/tourism/#/list,API目录ID-36/2026-09-04,,,尚未映射到可回跳的知识库景点卡,,,1,CN-POOL-20260904-r0,MCT内容ID=13184；来源文件=content_36.json
CN-P-000693,05dbe0080421e8ec8a90241e7535ff29a59b755550b49142cbd8a0dd75d14361,临汾市乡宁县关王庙乡坂儿上村,,山西省,,,非A,乡村旅游重点村,unknown,pending,第一批全国乡村旅游重点村,https://www.mct.gov.cn/tourism/#/list,API目录ID-36/2026-09-04,,,尚未映射到可回跳的知识库景点卡,,,1,CN-POOL-20260904-r0,MCT内容ID=13185；来源文件=content_36.json
CN-P-000694,55c275cd397a822da4f74a23c374f6c69263260bb0f8b9939b87dd85ffae4b7e,巴彦淖尔市临河区狼山镇富强村,,内蒙古自治区,,,非A,乡村旅游重点村,unknown,pending,第一批全国乡村旅游重点村,https://www.mct.gov.cn/tourism/#/list,API目录ID-36/2026-09-04,,,尚未映射到可回跳的知识库景点卡,,,1,CN-POOL-20260904-r0,MCT内容ID=13186；来源文件=content_36.json
CN-P-000695,668a21bba46da25b830c1aaa7d828e066cb693c30ef909dcf62ec70acd19ca34,呼伦贝尔市额尔古纳市蒙兀室韦苏木室韦村,,内蒙古自治区,,,非A,乡村旅游重点村,unknown,pending,第一批全国乡村旅游重点村,https://www.mct.gov.cn/tourism/#/list,API目录ID-36/2026-09-04,,,尚未映射到可回跳的知识库景点卡,,,1,CN-POOL-20260904-r0,MCT内容ID=13187；来源文件=content_36.json
CN-P-000696,9ca856d278fd85d9eeb95d736b9d4c3b4d0b8049f1136a20bd7cfbe7ab1a8215,鄂尔多斯市乌审旗无定河镇巴图湾村,,内蒙古自治区,,,非A,乡村旅游重点村,unknown,pending,第一批全国乡村旅游重点村,https://www.mct.gov.cn/tourism/#/list,API目录ID-36/2026-09-04,,,尚未映射到可回跳的知识库景点卡,,,1,CN-POOL-20260904-r0,MCT内容ID=13188；来源文件=content_36.json
CN-P-000697,aefee915dde62f7e4c45d0fb9bcabbfadd5816e57309a455f6f50213b10f807f,赤峰市喀喇沁旗西桥镇雷家营子村,,内蒙古自治区,,,非A,乡村旅游重点村,unknown,pending,第一批全国乡村旅游重点村,https://www.mct.gov.cn/tourism/#/list,API目录ID-36/2026-09-04,,,尚未映射到可回跳的知识库景点卡,,,1,CN-POOL-20260904-r0,MCT内容ID=13189；来源文件=content_36.json
CN-P-000698,d6b0b70ac6b8aa4de0cc9f09bf2f611c7f7bfe7e18dd523ae3893140862ebea6,呼和浩特市新城区保合少镇恼包村,,内蒙古自治区,,,非A,乡村旅游重点村,unknown,pending,第一批全国乡村旅游重点村,https://www.mct.gov.cn/tourism/#/list,API目录ID-36/2026-09-04,,,尚未映射到可回跳的知识库景点卡,,,1,CN-POOL-20260904-r0,MCT内容ID=13190；来源文件=content_36.json
CN-P-000699,fb3e594808b98a065009d2cc54655f8c4e5ffcf018dc8f246bd977889ac2b1b2,兴安盟乌兰浩特市义勒力特镇义勒力特嘎查,,内蒙古自治区,,,非A,乡村旅游重点村,unknown,pending,第一批全国乡村旅游重点村,https://www.mct.gov.cn/tourism/#/list,API目录ID-36/2026-09-04,,,尚未映射到可回跳的知识库景点卡,,,1,CN-POOL-20260904-r0,MCT内容ID=13191；来源文件=content_36.json
CN-P-000700,e62be6827a900f5493780e0da8980b8f73b9ba73ce66955de3f75b03f1dfbfe1,包头市土默特右旗沟门镇西湾村,,内蒙古自治区,,,非A,乡村旅游重点村,unknown,pending,第一批全国乡村旅游重点村,https://www.mct.gov.cn/tourism/#/list,API目录ID-36/2026-09-04,,,尚未映射到可回跳的知识库景点卡,,,1,CN-POOL-20260904-r0,MCT内容ID=13192；来源文件=content_36.json
CN-P-000701,3642e1689afcbb77df06d6d83cba94aabd6aff79270a8ca99dd40ee473881a99,呼伦贝尔市鄂伦春自治旗大杨树镇多布库尔猎民村,,内蒙古自治区,,,非A,乡村旅游重点村,unknown,pending,第一批全国乡村旅游重点村,https://www.mct.gov.cn/tourism/#/list,API目录ID-36/2026-09-04,,,尚未映射到可回跳的知识库景点卡,,,1,CN-POOL-20260904-r0,MCT内容ID=13193；来源文件=content_36.json
CN-P-000702,5f6badafc7d91e51bfe8acbab4592f723c86e1b3c00ea77e41625852b29b530c,通辽市科左后旗散都苏木车家窝堡村,,内蒙古自治区,,,非A,乡村旅游重点村,unknown,pending,第一批全国乡村旅游重点村,https://www.mct.gov.cn/tourism/#/list,API目录ID-36/2026-09-04,,,尚未映射到可回跳的知识库景点卡,,,1,CN-POOL-20260904-r0,MCT内容ID=13194；来源文件=content_36.json
CN-P-000703,db3c8825c0cc4182f241bb00963132170458664b779e5b86ac14c13aa9939d9c,丹东市凤城市凤山区大梨树村,,辽宁省,,,非A,乡村旅游重点村,unknown,pending,第一批全国乡村旅游重点村,https://www.mct.gov.cn/tourism/#/list,API目录ID-36/2026-09-04,,,尚未映射到可回跳的知识库景点卡,,,1,CN-POOL-20260904-r0,MCT内容ID=13195；来源文件=content_36.json
CN-P-000704,d10c262bbec9afa735edcfd79eddc886f2706191acf83ed88e3f2b3c5b740d35,沈阳市沈北新区石佛寺街道石佛一村,,辽宁省,,,非A,乡村旅游重点村,unknown,pending,第一批全国乡村旅游重点村,https://www.mct.gov.cn/tourism/#/list,API目录ID-36/2026-09-04,,,尚未映射到可回跳的知识库景点卡,,,1,CN-POOL-20260904-r0,MCT内容ID=13196；来源文件=content_36.json
CN-P-000705,9210a0c301ef1a5112389e0ab92c39f1e44a5061d5685d35e946fd074f05d355,大连市旅顺口区水师营街道小南村,,辽宁省,,,非A,乡村旅游重点村,unknown,pending,第一批全国乡村旅游重点村,https://www.mct.gov.cn/tourism/#/list,API目录ID-36/2026-09-04,,,尚未映射到可回跳的知识库景点卡,,,1,CN-POOL-20260904-r0,MCT内容ID=13197；来源文件=content_36.json
CN-P-000706,0a66eeb98b9f00c76a33ab9c446d8e3dd1f1e2d35c8d74fb73e4c411610efa9c,本溪市本溪满族自治县小市镇同江峪村,,辽宁省,,,非A,乡村旅游重点村,unknown,pending,第一批全国乡村旅游重点村,https://www.mct.gov.cn/tourism/#/list,API目录ID-36/2026-09-04,,,尚未映射到可回跳的知识库景点卡,,,1,CN-POOL-20260904-r0,MCT内容ID=13198；来源文件=content_36.json
CN-P-000707,58a1c0aad4f193cee371540f623f7c29c6b1ce21dc6fa712353c602931e6edde,锦州市凌海市翠岩镇牤牛屯村,,辽宁省,,,非A,乡村旅游重点村,unknown,pending,第一批全国乡村旅游重点村,https://www.mct.gov.cn/tourism/#/list,API目录ID-36/2026-09-04,,,尚未映射到可回跳的知识库景点卡,,,1,CN-POOL-20260904-r0,MCT内容ID=13199；来源文件=content_36.json
CN-P-000708,da9209fdca47333afe95ec8b1c1f5dd501e9e8d6833941f94779b623bd26aa83,阜新市细河区四合镇黄家沟村,,辽宁省,,,非A,乡村旅游重点村,unknown,pending,第一批全国乡村旅游重点村,https://www.mct.gov.cn/tourism/#/list,API目录ID-36/2026-09-04,,,尚未映射到可回跳的知识库景点卡,,,1,CN-POOL-20260904-r0,MCT内容ID=13200；来源文件=content_36.json
CN-P-000709,ade240c40ada757ac89a7dc9a9b5bc25bac61040cdf3e0af81031d229fce363f,鞍山市千山风景名胜区温泉街道上石桥村,,辽宁省,,,非A,乡村旅游重点村,unknown,pending,第一批全国乡村旅游重点村,https://www.mct.gov.cn/tourism/#/list,API目录ID-36/2026-09-04,,,尚未映射到可回跳的知识库景点卡,,,1,CN-POOL-20260904-r0,MCT内容ID=13201；来源文件=content_36.json
CN-P-000710,4dd0380692387e3256c5d18c5b86bb7cfd6d18db3a5977ca586f4cb3e43dbaa3,丹东市东港市北井子镇獐岛村,,辽宁省,,,非A,乡村旅游重点村,unknown,pending,第一批全国乡村旅游重点村,https://www.mct.gov.cn/tourism/#/list,API目录ID-36/2026-09-04,,,尚未映射到可回跳的知识库景点卡,,,1,CN-POOL-20260904-r0,MCT内容ID=13202；来源文件=content_36.json
CN-P-000711,9e701445b150d316f4fe44761876c58bbb84177524577361269a52158a3c8dc3,抚顺市新宾满族自治县永陵镇赫图阿拉村,,辽宁省,,,非A,乡村旅游重点村,unknown,pending,第一批全国乡村旅游重点村,https://www.mct.gov.cn/tourism/#/list,API目录ID-36/2026-09-04,,,尚未映射到可回跳的知识库景点卡,,,1,CN-POOL-20260904-r0,MCT内容ID=13203；来源文件=content_36.json
CN-P-000712,16e7e5c20544ad19eb55cf181b41f0313f4dbd1c73dc0e8af912777ea34b8a92,松原市前郭尔罗斯蒙古族自治县查干湖渔场查干湖屯,,吉林省,,,非A,乡村旅游重点村,unknown,pending,第一批全国乡村旅游重点村,https://www.mct.gov.cn/tourism/#/list,API目录ID-36/2026-09-04,,,尚未映射到可回跳的知识库景点卡,,,1,CN-POOL-20260904-r0,MCT内容ID=13204；来源文件=content_36.json
CN-P-000713,9ecbb1dcb4fa047f9577173c3c796e27a41ccb9268fc19ca6fd5b0e1524512b8,延边朝鲜族自治州和龙市东城镇光东村,,吉林省,,,非A,乡村旅游重点村,unknown,pending,第一批全国乡村旅游重点村,https://www.mct.gov.cn/tourism/#/list,API目录ID-36/2026-09-04,,,尚未映射到可回跳的知识库景点卡,,,1,CN-POOL-20260904-r0,MCT内容ID=13205；来源文件=content_36.json
CN-P-000714,4684405870af6b3743ea37149a1670d9b6021d05e90217cc1959741a6291d920,延边朝鲜族自治州和龙市西城镇金达莱村,,吉林省,,,非A,乡村旅游重点村,unknown,pending,第一批全国乡村旅游重点村,https://www.mct.gov.cn/tourism/#/list,API目录ID-36/2026-09-04,,,尚未映射到可回跳的知识库景点卡,,,1,CN-POOL-20260904-r0,MCT内容ID=13206；来源文件=content_36.json
CN-P-000715,3c9375bf1fb69e9153ff449d1722a6877e93bc478ddaf9f5881ef70bf1a7de11,吉林市龙潭区乌拉街满族镇韩屯村,,吉林省,,,非A,乡村旅游重点村,unknown,pending,第一批全国乡村旅游重点村,https://www.mct.gov.cn/tourism/#/list,API目录ID-36/2026-09-04,,,尚未映射到可回跳的知识库景点卡,,,1,CN-POOL-20260904-r0,MCT内容ID=13207；来源文件=content_36.json
CN-P-000716,b319481ff5d6ef53e5cc27607e37d2e04514b9313e5f161f29659056f04a8b3e,吉林市舒兰市上营镇马鞍岭村,,吉林省,,,非A,乡村旅游重点村,unknown,pending,第一批全国乡村旅游重点村,https://www.mct.gov.cn/tourism/#/list,API目录ID-36/2026-09-04,,,尚未映射到可回跳的知识库景点卡,,,1,CN-POOL-20260904-r0,MCT内容ID=13208；来源文件=content_36.json
CN-P-000717,c8cff95147c9db27c000acca2ea5767c6a899325afb3e1369109cc7e2e796489,长白山保护开发区管理委员会池南区漫江村,,吉林省,,,非A,乡村旅游重点村,unknown,pending,第一批全国乡村旅游重点村,https://www.mct.gov.cn/tourism/#/list,API目录ID-36/2026-09-04,,,尚未映射到可回跳的知识库景点卡,,,1,CN-POOL-20260904-r0,MCT内容ID=13209；来源文件=content_36.json
CN-P-000718,4a290353e27348dec07733bbb8e6b2ee3f4c7d3bc51f8f4d8ffe8aa3d65b5540,长春市净月高新技术产业开发区玉潭镇友好村,,吉林省,,,非A,乡村旅游重点村,unknown,pending,第一批全国乡村旅游重点村,https://www.mct.gov.cn/tourism/#/list,API目录ID-36/2026-09-04,,,尚未映射到可回跳的知识库景点卡,,,1,CN-POOL-20260904-r0,MCT内容ID=13210；来源文件=content_36.json
CN-P-000719,c7c09f293ee2a6e9707abfac971ddd6a42cd97deb545d7f8532b81e48c692e0e,辽源市东辽县安石镇朝阳村,,吉林省,,,非A,乡村旅游重点村,unknown,pending,第一批全国乡村旅游重点村,https://www.mct.gov.cn/tourism/#/list,API目录ID-36/2026-09-04,,,尚未映射到可回跳的知识库景点卡,,,1,CN-POOL-20260904-r0,MCT内容ID=13211；来源文件=content_36.json
CN-P-000720,046dd9a4552e2f9532b2f55df0c59748f5b05c77882b33c711bcb35aceb34ed6,双鸭山市饶河县西林子乡小南河村,,黑龙江省,,,非A,乡村旅游重点村,unknown,pending,第一批全国乡村旅游重点村,https://www.mct.gov.cn/tourism/#/list,API目录ID-36/2026-09-04,,,尚未映射到可回跳的知识库景点卡,,,1,CN-POOL-20260904-r0,MCT内容ID=13212；来源文件=content_36.json
CN-P-000721,4ca032023d2d8825589c4b42bb7686d5ae7b1d166450f4af9c67909ce0bba398,大兴安岭地区漠河市北极镇北红村,,黑龙江省,,,非A,乡村旅游重点村,unknown,pending,第一批全国乡村旅游重点村,https://www.mct.gov.cn/tourism/#/list,API目录ID-36/2026-09-04,,,尚未映射到可回跳的知识库景点卡,,,1,CN-POOL-20260904-r0,MCT内容ID=13213；来源文件=content_36.json
CN-P-000722,15a2f95a203ad13d83d77587802af19fe2de89ae61862460f79586061ec29641,哈尔滨市宾县宾州镇友联村,,黑龙江省,,,非A,乡村旅游重点村,unknown,pending,第一批全国乡村旅游重点村,https://www.mct.gov.cn/tourism/#/list,API目录ID-36/2026-09-04,,,尚未映射到可回跳的知识库景点卡,,,1,CN-POOL-20260904-r0,MCT内容ID=13214；来源文件=content_36.json
CN-P-000723,85c9837cd6b84825a1d09a713f635c3206e5fa1c55277a99603b9ed5683da4ec,牡丹江市宁安市渤海镇小朱家村,,黑龙江省,,,非A,乡村旅游重点村,unknown,pending,第一批全国乡村旅游重点村,https://www.mct.gov.cn/tourism/#/list,API目录ID-36/2026-09-04,,,尚未映射到可回跳的知识库景点卡,,,1,CN-POOL-20260904-r0,MCT内容ID=13215；来源文件=content_36.json
CN-P-000724,e3dfd29a30d50445dc7f2c1e7fbd117c7e7150e0c96ad6d39d7da2c6bc4f872f,大庆市杜尔伯特蒙古族自治县连环湖镇南岗村,,黑龙江省,,,非A,乡村旅游重点村,unknown,pending,第一批全国乡村旅游重点村,https://www.mct.gov.cn/tourism/#/list,API目录ID-36/2026-09-04,,,尚未映射到可回跳的知识库景点卡,,,1,CN-POOL-20260904-r0,MCT内容ID=13216；来源文件=content_36.json
CN-P-000725,35b5c59a636142074b3ed6318a5c541619024197974a95c68a769ce0922ab0e2,七台河市勃利县青山乡奋斗村,,黑龙江省,,,非A,乡村旅游重点村,unknown,pending,第一批全国乡村旅游重点村,https://www.mct.gov.cn/tourism/#/list,API目录ID-36/2026-09-04,,,尚未映射到可回跳的知识库景点卡,,,1,CN-POOL-20260904-r0,MCT内容ID=13217；来源文件=content_36.json
CN-P-000726,9434ed82f688ba183ebc61c9dd22723edda07d662f5ec32464aacd152d7d43e8,伊春市新青区松林林场,,黑龙江省,,,非A,乡村旅游重点村,unknown,pending,第一批全国乡村旅游重点村,https://www.mct.gov.cn/tourism/#/list,API目录ID-36/2026-09-04,,,尚未映射到可回跳的知识库景点卡,,,1,CN-POOL-20260904-r0,MCT内容ID=13218；来源文件=content_36.json
CN-P-000727,1b426a31916672f5a83f2a27b74f8c98c658b5032c431c24ce1883710c5632f3,双鸭山市饶河县四排乡四排赫哲族村,,黑龙江省,,,非A,乡村旅游重点村,unknown,pending,第一批全国乡村旅游重点村,https://www.mct.gov.cn/tourism/#/list,API目录ID-36/2026-09-04,,,尚未映射到可回跳的知识库景点卡,,,1,CN-POOL-20260904-r0,MCT内容ID=13219；来源文件=content_36.json
CN-P-000728,37ee336447421842a12203e6096c303ac2e49a9201ac4ace046b4a5b4841ead9,牡丹江市西安区海南乡中兴村,,黑龙江省,,,非A,乡村旅游重点村,unknown,pending,第一批全国乡村旅游重点村,https://www.mct.gov.cn/tourism/#/list,API目录ID-36/2026-09-04,,,尚未映射到可回跳的知识库景点卡,,,1,CN-POOL-20260904-r0,MCT内容ID=13220；来源文件=content_36.json
CN-P-000729,9b010d836577c7f46668cb2e9104d3bc00d13186404309b226e39026563dbd12,齐齐哈尔市铁锋区扎龙镇查罕诺村,,黑龙江省,,,非A,乡村旅游重点村,unknown,pending,第一批全国乡村旅游重点村,https://www.mct.gov.cn/tourism/#/list,API目录ID-36/2026-09-04,,,尚未映射到可回跳的知识库景点卡,,,1,CN-POOL-20260904-r0,MCT内容ID=13221；来源文件=content_36.json
CN-P-000730,9ecd5f2e950d6d0d806d8531e36a2f508a82f3075421dc946d994269ac0fc0df,金山区山阳镇渔业村,,上海市,,,非A,乡村旅游重点村,unknown,pending,第一批全国乡村旅游重点村,https://www.mct.gov.cn/tourism/#/list,API目录ID-36/2026-09-04,,,尚未映射到可回跳的知识库景点卡,,,1,CN-POOL-20260904-r0,MCT内容ID=13222；来源文件=content_36.json
CN-P-000731,02dfcbae2ece21230d0f0ae4f8f76ebd148af5e535e3892efc29be8af43a51d5,奉贤区青村镇吴房村,,上海市,,,非A,乡村旅游重点村,unknown,pending,第一批全国乡村旅游重点村,https://www.mct.gov.cn/tourism/#/list,API目录ID-36/2026-09-04,,,尚未映射到可回跳的知识库景点卡,,,1,CN-POOL-20260904-r0,MCT内容ID=13223；来源文件=content_36.json
CN-P-000732,ae5fb86216189bde10b27e23bf826f8c728361fe1ee587683e8f11332215e97c,崇明区竖新镇仙桥村,,上海市,,,非A,乡村旅游重点村,unknown,pending,第一批全国乡村旅游重点村,https://www.mct.gov.cn/tourism/#/list,API目录ID-36/2026-09-04,,,尚未映射到可回跳的知识库景点卡,,,1,CN-POOL-20260904-r0,MCT内容ID=13224；来源文件=content_36.json
CN-P-000733,379af1746f4f91309bc71c06b82a3d5ea1998fc03d5ebd6eb4a3acd9b0f2e489,闵行区浦江镇革新村,,上海市,,,非A,乡村旅游重点村,unknown,pending,第一批全国乡村旅游重点村,https://www.mct.gov.cn/tourism/#/list,API目录ID-36/2026-09-04,,,尚未映射到可回跳的知识库景点卡,,,1,CN-POOL-20260904-r0,MCT内容ID=13225；来源文件=content_36.json
CN-P-000734,af6541e39e00765780c5f062c4950316f941460961a927489b4ed19e6091db77,崇明区竖新镇前卫村,,上海市,,,非A,乡村旅游重点村,unknown,pending,第一批全国乡村旅游重点村,https://www.mct.gov.cn/tourism/#/list,API目录ID-36/2026-09-04,,,尚未映射到可回跳的知识库景点卡,,,1,CN-POOL-20260904-r0,MCT内容ID=13226；来源文件=content_36.json
CN-P-000735,686c4a97f21aadb6d991f55f581c9f2d4fd4de1679ea09593b51dd6fbe712dfb,嘉定区马陆镇大裕村,,上海市,,,非A,乡村旅游重点村,unknown,pending,第一批全国乡村旅游重点村,https://www.mct.gov.cn/tourism/#/list,API目录ID-36/2026-09-04,,,尚未映射到可回跳的知识库景点卡,,,1,CN-POOL-20260904-r0,MCT内容ID=13227；来源文件=content_36.json
CN-P-000736,fac5f83e3f54288d2c04fa710512782587cf9d01f0e65533e6663ccbbce736cb,徐州市贾汪区潘安湖街道马庄村,,江苏省,,,非A,乡村旅游重点村,unknown,pending,第一批全国乡村旅游重点村,https://www.mct.gov.cn/tourism/#/list,API目录ID-36/2026-09-04,,,尚未映射到可回跳的知识库景点卡,,,1,CN-POOL-20260904-r0,MCT内容ID=13228；来源文件=content_36.json
CN-P-000737,5ce4a46c49978b5895de2eb66babc4e3e5ec27a5bf03696142cbe86fed70d510,无锡市宜兴市湖㳇镇洑西村,,江苏省,,,非A,乡村旅游重点村,unknown,pending,第一批全国乡村旅游重点村,https://www.mct.gov.cn/tourism/#/list,API目录ID-36/2026-09-04,,,尚未映射到可回跳的知识库景点卡,,,1,CN-POOL-20260904-r0,MCT内容ID=13229；来源文件=content_36.json
CN-P-000738,d377940b205f31119bd07d428e9021d8816462f776112b9a3e8c28a2b1951f68,南京市江宁区江宁街道黄龙岘茶文化村,,江苏省,,,非A,乡村旅游重点村,unknown,pending,第一批全国乡村旅游重点村,https://www.mct.gov.cn/tourism/#/list,API目录ID-36/2026-09-04,,,尚未映射到可回跳的知识库景点卡,,,1,CN-POOL-20260904-r0,MCT内容ID=13230；来源文件=content_36.json
CN-P-000739,a59f69b26dc1d8f835c2ff5a24a5e2882d2a1fd90339e7ce9e18348f6392d7f2,常州市溧阳市戴埠镇李家园村,,江苏省,,,非A,乡村旅游重点村,unknown,pending,第一批全国乡村旅游重点村,https://www.mct.gov.cn/tourism/#/list,API目录ID-36/2026-09-04,,,尚未映射到可回跳的知识库景点卡,,,1,CN-POOL-20260904-r0,MCT内容ID=13231；来源文件=content_36.json
CN-P-000740,f235bcee0e87b8492ff751f21aca42c849e73d6b66c83722f652eadd73ffe189,苏州市张家港市南丰镇永联村,,江苏省,,,非A,乡村旅游重点村,unknown,pending,第一批全国乡村旅游重点村,https://www.mct.gov.cn/tourism/#/list,API目录ID-36/2026-09-04,,,尚未映射到可回跳的知识库景点卡,,,1,CN-POOL-20260904-r0,MCT内容ID=13232；来源文件=content_36.json
CN-P-000741,edad27db45c81ca50f76edf741fd4fa56a7b4a70f77fa3473b62f46409eac214,淮安市洪泽区老子山镇龟山村,,江苏省,,,非A,乡村旅游重点村,unknown,pending,第一批全国乡村旅游重点村,https://www.mct.gov.cn/tourism/#/list,API目录ID-36/2026-09-04,,,尚未映射到可回跳的知识库景点卡,,,1,CN-POOL-20260904-r0,MCT内容ID=13233；来源文件=content_36.json
CN-P-000742,6e370f0e86012dd4e4625dcb80e6682cbf91ec97c12a85c2a1558c0c788e9175,常州市金坛区薛埠镇仙姑村,,江苏省,,,非A,乡村旅游重点村,unknown,pending,第一批全国乡村旅游重点村,https://www.mct.gov.cn/tourism/#/list,API目录ID-36/2026-09-04,,,尚未映射到可回跳的知识库景点卡,,,1,CN-POOL-20260904-r0,MCT内容ID=13234；来源文件=content_36.json
CN-P-000743,e8679d8c0802808503a4a9d87b6e19fe5ff0d420844718a56f366ecb08b786a4,无锡市锡山区东港镇山联村,,江苏省,,,非A,乡村旅游重点村,unknown,pending,第一批全国乡村旅游重点村,https://www.mct.gov.cn/tourism/#/list,API目录ID-36/2026-09-04,,,尚未映射到可回跳的知识库景点卡,,,1,CN-POOL-20260904-r0,MCT内容ID=13235；来源文件=content_36.json
CN-P-000744,94fed6d7428981220d64bc9b7c4c65f6c55cdf6dbdba4bd4112f515d57bf9179,南京市浦口区江浦街道不老村,,江苏省,,,非A,乡村旅游重点村,unknown,pending,第一批全国乡村旅游重点村,https://www.mct.gov.cn/tourism/#/list,API目录ID-36/2026-09-04,,,尚未映射到可回跳的知识库景点卡,,,1,CN-POOL-20260904-r0,MCT内容ID=13236；来源文件=content_36.json
CN-P-000745,fd57444923330098dc42b5acabbdf5545ad43a76d3f9a439b890508f0e689836,苏州市常熟市支塘镇蒋巷村,,江苏省,,,非A,乡村旅游重点村,unknown,pending,第一批全国乡村旅游重点村,https://www.mct.gov.cn/tourism/#/list,API目录ID-36/2026-09-04,,,尚未映射到可回跳的知识库景点卡,,,1,CN-POOL-20260904-r0,MCT内容ID=13237；来源文件=content_36.json
CN-P-000746,fe3a3df2391804fcd9bd849c6d7373a53233ad497f244494fb9828096da199f6,盐城市大丰区大中街道恒北村,,江苏省,,,非A,乡村旅游重点村,unknown,pending,第一批全国乡村旅游重点村,https://www.mct.gov.cn/tourism/#/list,API目录ID-36/2026-09-04,,,尚未映射到可回跳的知识库景点卡,,,1,CN-POOL-20260904-r0,MCT内容ID=13238；来源文件=content_36.json
CN-P-000747,20011699ba4d5c2af1f8d061e6ffb34defa039c467432a43108d0e51f9806110,南通市海门市常乐镇颐生村,,江苏省,,,非A,乡村旅游重点村,unknown,pending,第一批全国乡村旅游重点村,https://www.mct.gov.cn/tourism/#/list,API目录ID-36/2026-09-04,,,尚未映射到可回跳的知识库景点卡,,,1,CN-POOL-20260904-r0,MCT内容ID=13239；来源文件=content_36.json
CN-P-000748,e3f99aeaadf970b5ff77b648f86a1863b98639691abcb2d7e81bce1579de739c,泰州市泰兴市黄桥镇祁巷村,,江苏省,,,非A,乡村旅游重点村,unknown,pending,第一批全国乡村旅游重点村,https://www.mct.gov.cn/tourism/#/list,API目录ID-36/2026-09-04,,,尚未映射到可回跳的知识库景点卡,,,1,CN-POOL-20260904-r0,MCT内容ID=13240；来源文件=content_36.json
CN-P-000749,48cf9c59b13a504b57171c6c3f329ebf7f240337f38be257f4f8b9e314e23287,湖州市长兴县水口乡顾渚村,,浙江省,,,非A,乡村旅游重点村,unknown,pending,第一批全国乡村旅游重点村,https://www.mct.gov.cn/tourism/#/list,API目录ID-36/2026-09-04,,,尚未映射到可回跳的知识库景点卡,,,1,CN-POOL-20260904-r0,MCT内容ID=13241；来源文件=content_36.json
CN-P-000750,a33171b062eb66c6bfd6aad949d983d7b4bb04ec8a48fdd04f6c3bd4f2d0cba3,湖州市安吉县天荒坪镇余村村,,浙江省,,,非A,乡村旅游重点村,unknown,pending,第一批全国乡村旅游重点村,https://www.mct.gov.cn/tourism/#/list,API目录ID-36/2026-09-04,,,尚未映射到可回跳的知识库景点卡,,,1,CN-POOL-20260904-r0,MCT内容ID=13242；来源文件=content_36.json
CN-P-000751,d714195cc6814fe2f9b19428d48a19bb1f768a5d6581a7c9b55f8123165d1f4a,杭州市淳安县枫树岭镇下姜村,,浙江省,,,非A,乡村旅游重点村,unknown,pending,第一批全国乡村旅游重点村,https://www.mct.gov.cn/tourism/#/list,API目录ID-36/2026-09-04,,,尚未映射到可回跳的知识库景点卡,,,1,CN-POOL-20260904-r0,MCT内容ID=13243；来源文件=content_36.json
CN-P-000752,ae4e64f27c990ee0105804819d1ebfa721d5436d8d4afd19fbb019364372ec0b,舟山市嵊泗县花鸟乡花鸟村,,浙江省,,,非A,乡村旅游重点村,unknown,pending,第一批全国乡村旅游重点村,https://www.mct.gov.cn/tourism/#/list,API目录ID-36/2026-09-04,,,尚未映射到可回跳的知识库景点卡,,,1,CN-POOL-20260904-r0,MCT内容ID=13244；来源文件=content_36.json
CN-P-000753,4974725214d621aee0cc9cd70fee84b226851e7bb82028e539ef499ae86bdf48,金华市兰溪市诸葛镇诸葛八卦村,,浙江省,,,非A,乡村旅游重点村,unknown,pending,第一批全国乡村旅游重点村,https://www.mct.gov.cn/tourism/#/list,API目录ID-36/2026-09-04,,,尚未映射到可回跳的知识库景点卡,,,1,CN-POOL-20260904-r0,MCT内容ID=13245；来源文件=content_36.json
CN-P-000754,b8788bb30f0b39c3fdd09b8ca1325525aba26612f5917837439fcea804e57353,衢州市开化县华埠镇金星村,,浙江省,,,非A,乡村旅游重点村,unknown,pending,第一批全国乡村旅游重点村,https://www.mct.gov.cn/tourism/#/list,API目录ID-36/2026-09-04,,,尚未映射到可回跳的知识库景点卡,,,1,CN-POOL-20260904-r0,MCT内容ID=13246；来源文件=content_36.json
CN-P-000755,af9da10e7a543384ba647fc89d6820cdead129dd7f3897b183d8811c5d4923a9,丽水市龙泉市宝溪乡溪头村,,浙江省,,,非A,乡村旅游重点村,unknown,pending,第一批全国乡村旅游重点村,https://www.mct.gov.cn/tourism/#/list,API目录ID-36/2026-09-04,,,尚未映射到可回跳的知识库景点卡,,,1,CN-POOL-20260904-r0,MCT内容ID=13247；来源文件=content_36.json
CN-P-000756,aa393059826771a887a024708ab57b9197b35d0c786eb1d11e5f4c81e3c02db6,宁波市宁海县前童镇鹿山村,,浙江省,,,非A,乡村旅游重点村,unknown,pending,第一批全国乡村旅游重点村,https://www.mct.gov.cn/tourism/#/list,API目录ID-36/2026-09-04,,,尚未映射到可回跳的知识库景点卡,,,1,CN-POOL-20260904-r0,MCT内容ID=13248；来源文件=content_36.json
CN-P-000757,3a68d2334b657b24e8959a300f36936a536a27c72d7fd8b948a0baab7a5d6488,嘉兴市秀洲区新塍镇潘家浜村,,浙江省,,,非A,乡村旅游重点村,unknown,pending,第一批全国乡村旅游重点村,https://www.mct.gov.cn/tourism/#/list,API目录ID-36/2026-09-04,,,尚未映射到可回跳的知识库景点卡,,,1,CN-POOL-20260904-r0,MCT内容ID=13249；来源文件=content_36.json
CN-P-000758,b9915b584e21034bdede7d4334f5315e3d0f52ce0ce07ab2edf8b2ea0ee3d19c,衢州市江山市大陈乡大陈村,,浙江省,,,非A,乡村旅游重点村,unknown,pending,第一批全国乡村旅游重点村,https://www.mct.gov.cn/tourism/#/list,API目录ID-36/2026-09-04,,,尚未映射到可回跳的知识库景点卡,,,1,CN-POOL-20260904-r0,MCT内容ID=13250；来源文件=content_36.json
CN-P-000759,6396f611de643c1cb0c5e69123b31925bbc0cf2365b1b8e9f34cf07be679fcec,台州市仙居县淡竹乡下叶村,,浙江省,,,非A,乡村旅游重点村,unknown,pending,第一批全国乡村旅游重点村,https://www.mct.gov.cn/tourism/#/list,API目录ID-36/2026-09-04,,,尚未映射到可回跳的知识库景点卡,,,1,CN-POOL-20260904-r0,MCT内容ID=13251；来源文件=content_36.json
CN-P-000760,6c94e29c74ea664cd900b8cafbb8a86a0d17f0b18f225aa73890e575b6ff8106,宁波市奉化区萧王庙街道滕头村,,浙江省,,,非A,乡村旅游重点村,unknown,pending,第一批全国乡村旅游重点村,https://www.mct.gov.cn/tourism/#/list,API目录ID-36/2026-09-04,,,尚未映射到可回跳的知识库景点卡,,,1,CN-POOL-20260904-r0,MCT内容ID=13252；来源文件=content_36.json
CN-P-000761,13d4a85640cb425d634c8720abb3ef57e6654b19b14689d196fa56e087e0cec2,丽水市遂昌县湖山乡红星坪村,,浙江省,,,非A,乡村旅游重点村,unknown,pending,第一批全国乡村旅游重点村,https://www.mct.gov.cn/tourism/#/list,API目录ID-36/2026-09-04,,,尚未映射到可回跳的知识库景点卡,,,1,CN-POOL-20260904-r0,MCT内容ID=13253；来源文件=content_36.json
CN-P-000762,75d337ff15ca24195e8acd0719723d8606a61047be1652d21359fdc36f822134,温州市泰顺县竹里畲族乡竹里村,,浙江省,,,非A,乡村旅游重点村,unknown,pending,第一批全国乡村旅游重点村,https://www.mct.gov.cn/tourism/#/list,API目录ID-36/2026-09-04,,,尚未映射到可回跳的知识库景点卡,,,1,CN-POOL-20260904-r0,MCT内容ID=13254；来源文件=content_36.json
CN-P-000763,b2d5d9bfbba6b7a44c3915366ee19a19f8f375d274de7de75872c779c9567469,黄山市黟县宏村镇宏村,,安徽省,,,非A,乡村旅游重点村,unknown,pending,第一批全国乡村旅游重点村,https://www.mct.gov.cn/tourism/#/list,API目录ID-36/2026-09-04,,,尚未映射到可回跳的知识库景点卡,,,1,CN-POOL-20260904-r0,MCT内容ID=13255；来源文件=content_36.json
CN-P-000764,7f38b21c245806bc3a1f391e2b01a072c88382329bc5cd0becccd350be5df208,滁州市凤阳县小溪河镇小岗村,,安徽省,,,非A,乡村旅游重点村,unknown,pending,第一批全国乡村旅游重点村,https://www.mct.gov.cn/tourism/#/list,API目录ID-36/2026-09-04,,,尚未映射到可回跳的知识库景点卡,,,1,CN-POOL-20260904-r0,MCT内容ID=13256；来源文件=content_36.json
CN-P-000765,6645d3a8ea14816bebce4f084ed46c21df46c67d7d4aa93276b5b2f5aa44fdf4,宣城市泾县桃花潭镇查济村,,安徽省,,,非A,乡村旅游重点村,unknown,pending,第一批全国乡村旅游重点村,https://www.mct.gov.cn/tourism/#/list,API目录ID-36/2026-09-04,,,尚未映射到可回跳的知识库景点卡,,,1,CN-POOL-20260904-r0,MCT内容ID=13257；来源文件=content_36.json
CN-P-000766,72a7ff31c5ae07460a5eec00a591f8b0fa42f735ae834593d95b6bf6cb7874cb,宿州市砀山县良梨镇良梨村,,安徽省,,,非A,乡村旅游重点村,unknown,pending,第一批全国乡村旅游重点村,https://www.mct.gov.cn/tourism/#/list,API目录ID-36/2026-09-04,,,尚未映射到可回跳的知识库景点卡,,,1,CN-POOL-20260904-r0,MCT内容ID=13258；来源文件=content_36.json
CN-P-000767,8e866b4b76f33bee53d20cfc348f03041554fa478720a094904bc6c2d3a84ee7,黄山市徽州区西溪南镇西溪南村,,安徽省,,,非A,乡村旅游重点村,unknown,pending,第一批全国乡村旅游重点村,https://www.mct.gov.cn/tourism/#/list,API目录ID-36/2026-09-04,,,尚未映射到可回跳的知识库景点卡,,,1,CN-POOL-20260904-r0,MCT内容ID=13259；来源文件=content_36.json
CN-P-000768,ecfbfdfb5b8902e2dcc6944dd269c1ca3b4ecaef86c74445f433cbfe5a640e9b,合肥市巢湖市半汤街道汤山村,,安徽省,,,非A,乡村旅游重点村,unknown,pending,第一批全国乡村旅游重点村,https://www.mct.gov.cn/tourism/#/list,API目录ID-36/2026-09-04,,,尚未映射到可回跳的知识库景点卡,,,1,CN-POOL-20260904-r0,MCT内容ID=13260；来源文件=content_36.json
CN-P-000769,aeea9c5048d1df58859abc9cc2f471717df72c71bb34aa82b7355b3b03b24018,安庆市太湖县晋熙镇梅河村,,安徽省,,,非A,乡村旅游重点村,unknown,pending,第一批全国乡村旅游重点村,https://www.mct.gov.cn/tourism/#/list,API目录ID-36/2026-09-04,,,尚未映射到可回跳的知识库景点卡,,,1,CN-POOL-20260904-r0,MCT内容ID=13261；来源文件=content_36.json
CN-P-000770,7f1a74bed25aaa2bea9df681424e2fd6548dfc8e18b7d782fa147903cd1bc1a1,滁州市天长市铜城镇龙岗村,,安徽省,,,非A,乡村旅游重点村,unknown,pending,第一批全国乡村旅游重点村,https://www.mct.gov.cn/tourism/#/list,API目录ID-36/2026-09-04,,,尚未映射到可回跳的知识库景点卡,,,1,CN-POOL-20260904-r0,MCT内容ID=13262；来源文件=content_36.json
CN-P-000771,2d19943c3ab9f03d9e268a1f0fde6d8e6a6cd7423f88d65b7631f9ebf4baa913,安庆市岳西县黄尾镇黄尾村,,安徽省,,,非A,乡村旅游重点村,unknown,pending,第一批全国乡村旅游重点村,https://www.mct.gov.cn/tourism/#/list,API目录ID-36/2026-09-04,,,尚未映射到可回跳的知识库景点卡,,,1,CN-POOL-20260904-r0,MCT内容ID=13263；来源文件=content_36.json
CN-P-000772,03283e7201aca359e5e3849e3b0214313b7631cf47763b355b5c150b98dfca7d,安庆市潜山市天柱山镇茶庄村,,安徽省,,,非A,乡村旅游重点村,unknown,pending,第一批全国乡村旅游重点村,https://www.mct.gov.cn/tourism/#/list,API目录ID-36/2026-09-04,,,尚未映射到可回跳的知识库景点卡,,,1,CN-POOL-20260904-r0,MCT内容ID=13264；来源文件=content_36.json
CN-P-000773,04a530a624d94e523a3b257587a9b3886a4e5b70f1841de2cf01c917318f8a42,宣城市宁国市云梯畲族乡千秋村,,安徽省,,,非A,乡村旅游重点村,unknown,pending,第一批全国乡村旅游重点村,https://www.mct.gov.cn/tourism/#/list,API目录ID-36/2026-09-04,,,尚未映射到可回跳的知识库景点卡,,,1,CN-POOL-20260904-r0,MCT内容ID=13265；来源文件=content_36.json
CN-P-000774,c56d6a1299388877c95af74b81aef90cbfbaa374d1864aaa82a31e60382fb39a,宣城市广德县太极洞风景区桃园村,,安徽省,,,非A,乡村旅游重点村,unknown,pending,第一批全国乡村旅游重点村,https://www.mct.gov.cn/tourism/#/list,API目录ID-36/2026-09-04,,,尚未映射到可回跳的知识库景点卡,,,1,CN-POOL-20260904-r0,MCT内容ID=13266；来源文件=content_36.json
CN-P-000775,1a71074ea2f155d15c4660d3188a463f6859aa2e1d090e4eb18273b7cfa25206,三明市泰宁县杉城镇际溪村,,福建省,,,非A,乡村旅游重点村,unknown,pending,第一批全国乡村旅游重点村,https://www.mct.gov.cn/tourism/#/list,API目录ID-36/2026-09-04,,,尚未映射到可回跳的知识库景点卡,,,1,CN-POOL-20260904-r0,MCT内容ID=13267；来源文件=content_36.json
CN-P-000776,9e8ca1ce7d9e68fe7c8f60289086363b603ba33b7e0e0a695f5bf658365acddc,龙岩市连城县宣和乡培田村,,福建省,,,非A,乡村旅游重点村,unknown,pending,第一批全国乡村旅游重点村,https://www.mct.gov.cn/tourism/#/list,API目录ID-36/2026-09-04,,,尚未映射到可回跳的知识库景点卡,,,1,CN-POOL-20260904-r0,MCT内容ID=13268；来源文件=content_36.json
CN-P-000777,71b2913edf2a398789251d098190dd0bf9c6ee48bc7a1ea8efd5ce2a1d5ab53f,漳州市南靖县梅林镇官洋村,,福建省,,,非A,乡村旅游重点村,unknown,pending,第一批全国乡村旅游重点村,https://www.mct.gov.cn/tourism/#/list,API目录ID-36/2026-09-04,,,尚未映射到可回跳的知识库景点卡,,,1,CN-POOL-20260904-r0,MCT内容ID=13269；来源文件=content_36.json
CN-P-000778,63c191f02795c9441af7fe893e52a6dcf108b67a3bfb927d842047a83a4d7fd1,宁德市寿宁县下党乡下党村,,福建省,,,非A,乡村旅游重点村,unknown,pending,第一批全国乡村旅游重点村,https://www.mct.gov.cn/tourism/#/list,API目录ID-36/2026-09-04,,,尚未映射到可回跳的知识库景点卡,,,1,CN-POOL-20260904-r0,MCT内容ID=13270；来源文件=content_36.json
CN-P-000779,0bcfb2822992e8dbe6b05ae92230d726a019d5d68ef85667f09ba138383b1842,平潭综合实验区流水镇北港村,,福建省,,,非A,乡村旅游重点村,unknown,pending,第一批全国乡村旅游重点村,https://www.mct.gov.cn/tourism/#/list,API目录ID-36/2026-09-04,,,尚未映射到可回跳的知识库景点卡,,,1,CN-POOL-20260904-r0,MCT内容ID=13271；来源文件=content_36.json
CN-P-000780,b1aa8b0af3055a7b9caaa1dbc98cecefe76c0e5ff5b2a227df04307eedc7a9a8,三明市尤溪县洋中镇桂峰村,,福建省,,,非A,乡村旅游重点村,unknown,pending,第一批全国乡村旅游重点村,https://www.mct.gov.cn/tourism/#/list,API目录ID-36/2026-09-04,,,尚未映射到可回跳的知识库景点卡,,,1,CN-POOL-20260904-r0,MCT内容ID=13272；来源文件=content_36.json
CN-P-000781,9d4ef6809f686175207fbc89e0db5dac498bc1fc9fbd21fad38c98228bf9d478,宁德市寿宁县犀溪镇西浦村,,福建省,,,非A,乡村旅游重点村,unknown,pending,第一批全国乡村旅游重点村,https://www.mct.gov.cn/tourism/#/list,API目录ID-36/2026-09-04,,,尚未映射到可回跳的知识库景点卡,,,1,CN-POOL-20260904-r0,MCT内容ID=13273；来源文件=content_36.json
CN-P-000782,98bb2ad0689b5fab18e33a35629b18dbd179148840a167ebe2c98102084f07cc,漳州市长泰县马洋溪生态旅游区山重村,,福建省,,,非A,乡村旅游重点村,unknown,pending,第一批全国乡村旅游重点村,https://www.mct.gov.cn/tourism/#/list,API目录ID-36/2026-09-04,,,尚未映射到可回跳的知识库景点卡,,,1,CN-POOL-20260904-r0,MCT内容ID=13274；来源文件=content_36.json
CN-P-000783,fa640cfc065e50ed7f48206314f036d155474eed5b20b66e1575da3d20f4599c,泉州市惠安县崇武镇大岞村,,福建省,,,非A,乡村旅游重点村,unknown,pending,第一批全国乡村旅游重点村,https://www.mct.gov.cn/tourism/#/list,API目录ID-36/2026-09-04,,,尚未映射到可回跳的知识库景点卡,,,1,CN-POOL-20260904-r0,MCT内容ID=13275；来源文件=content_36.json
CN-P-000784,da09e31c0cd805a6eb5d5a26c447c84b9cf25e7f569f1b877b263df5490cef23,宁德市福安市溪潭镇廉村村,,福建省,,,非A,乡村旅游重点村,unknown,pending,第一批全国乡村旅游重点村,https://www.mct.gov.cn/tourism/#/list,API目录ID-36/2026-09-04,,,尚未映射到可回跳的知识库景点卡,,,1,CN-POOL-20260904-r0,MCT内容ID=13276；来源文件=content_36.json
CN-P-000785,d4dcac4a8416b6b3696b4d9bfda982abb11a8b4ee51333276bd7c712b4338c11,南平市政和县石屯镇石圳村,,福建省,,,非A,乡村旅游重点村,unknown,pending,第一批全国乡村旅游重点村,https://www.mct.gov.cn/tourism/#/list,API目录ID-36/2026-09-04,,,尚未映射到可回跳的知识库景点卡,,,1,CN-POOL-20260904-r0,MCT内容ID=13277；来源文件=content_36.json
CN-P-000786,f189016f6eba4345451ec1143c78fd9f8e1f716875bbe21d1a20cb2654393819,上饶市婺源县江湾镇栗木坑村,,江西省,,,非A,乡村旅游重点村,unknown,pending,第一批全国乡村旅游重点村,https://www.mct.gov.cn/tourism/#/list,API目录ID-36/2026-09-04,,,尚未映射到可回跳的知识库景点卡,,,1,CN-POOL-20260904-r0,MCT内容ID=13278；来源文件=content_36.json
CN-P-000787,047b3c0053192a80eaf76df00ef4d9e27f4ed908b5728ad95c3e288389ab2370,赣州市大余县黄龙镇大龙村,,江西省,,,非A,乡村旅游重点村,unknown,pending,第一批全国乡村旅游重点村,https://www.mct.gov.cn/tourism/#/list,API目录ID-36/2026-09-04,,,尚未映射到可回跳的知识库景点卡,,,1,CN-POOL-20260904-r0,MCT内容ID=13279；来源文件=content_36.json
CN-P-000788,f0cc2f10e9c7a5a1e5222988a3b0e1381c2385cc1be97dbeb12cde497c0151e3,上饶市婺源县赋春镇源头村,,江西省,,,非A,乡村旅游重点村,unknown,pending,第一批全国乡村旅游重点村,https://www.mct.gov.cn/tourism/#/list,API目录ID-36/2026-09-04,,,尚未映射到可回跳的知识库景点卡,,,1,CN-POOL-20260904-r0,MCT内容ID=13280；来源文件=content_36.json
CN-P-000789,51df3b9ae828a62c0c572789c025f26de43326f3151950045d9be56a392cb1ea,吉安市井冈山市大陇镇大陇村,,江西省,,,非A,乡村旅游重点村,unknown,pending,第一批全国乡村旅游重点村,https://www.mct.gov.cn/tourism/#/list,API目录ID-36/2026-09-04,,,尚未映射到可回跳的知识库景点卡,,,1,CN-POOL-20260904-r0,MCT内容ID=13281；来源文件=content_36.json
CN-P-000790,9f72a9db1692ce6c0a0f072a55534433e474f97eec46c817fbf7f13de786f73c,新余市仙女湖风景名胜区仰天岗办事处孝头村,,江西省,,,非A,乡村旅游重点村,unknown,pending,第一批全国乡村旅游重点村,https://www.mct.gov.cn/tourism/#/list,API目录ID-36/2026-09-04,,,尚未映射到可回跳的知识库景点卡,,,1,CN-POOL-20260904-r0,MCT内容ID=13282；来源文件=content_36.json
CN-P-000791,3d7b8e5fa12b576ca9c0bda4b9b2c783adddc51a7bc3e1b6ac49309758480709,宜春市靖安县中源乡三坪村,,江西省,,,非A,乡村旅游重点村,unknown,pending,第一批全国乡村旅游重点村,https://www.mct.gov.cn/tourism/#/list,API目录ID-36/2026-09-04,,,尚未映射到可回跳的知识库景点卡,,,1,CN-POOL-20260904-r0,MCT内容ID=13283；来源文件=content_36.json
CN-P-000792,29d17150215dd39689a65a32a910ab1324b0318b78f486b47c119ea7fb4a71d1,抚州市资溪县乌石镇新月村,,江西省,,,非A,乡村旅游重点村,unknown,pending,第一批全国乡村旅游重点村,https://www.mct.gov.cn/tourism/#/list,API目录ID-36/2026-09-04,,,尚未映射到可回跳的知识库景点卡,,,1,CN-POOL-20260904-r0,MCT内容ID=13284；来源文件=content_36.json
CN-P-000793,cc5536dfb4c255b8a8550ba5da1afe1db4c187678c3d423ee8f405dfee633f96,赣州市龙南县临塘乡东坑村,,江西省,,,非A,乡村旅游重点村,unknown,pending,第一批全国乡村旅游重点村,https://www.mct.gov.cn/tourism/#/list,API目录ID-36/2026-09-04,,,尚未映射到可回跳的知识库景点卡,,,1,CN-POOL-20260904-r0,MCT内容ID=13285；来源文件=content_36.json
CN-P-000794,b403fec61c5d262597873be6ff6e826096ec05148f0b7ccde7478676256255b2,鹰潭市余江区杨溪乡琯溪村,,江西省,,,非A,乡村旅游重点村,unknown,pending,第一批全国乡村旅游重点村,https://www.mct.gov.cn/tourism/#/list,API目录ID-36/2026-09-04,,,尚未映射到可回跳的知识库景点卡,,,1,CN-POOL-20260904-r0,MCT内容ID=13286；来源文件=content_36.json
CN-P-000795,b8805ea4fd93f0db51e7f83bcea08eab18cab21831841d1ea80fec5e9c2461bd,九江市永修县柘林镇易家河村,,江西省,,,非A,乡村旅游重点村,unknown,pending,第一批全国乡村旅游重点村,https://www.mct.gov.cn/tourism/#/list,API目录ID-36/2026-09-04,,,尚未映射到可回跳的知识库景点卡,,,1,CN-POOL-20260904-r0,MCT内容ID=13287；来源文件=content_36.json
CN-P-000796,c9124b1cdfdeff76eb9228192e77fc004bb137d9767a22e3be8ea79042e5c7b2,吉安市井冈山市厦坪镇菖蒲村,,江西省,,,非A,乡村旅游重点村,unknown,pending,第一批全国乡村旅游重点村,https://www.mct.gov.cn/tourism/#/list,API目录ID-36/2026-09-04,,,尚未映射到可回跳的知识库景点卡,,,1,CN-POOL-20260904-r0,MCT内容ID=13288；来源文件=content_36.json
CN-P-000797,705fbad6976bcf10517798d6df86f21b3dd0fdd820a4200e02d1465146d3d884,南昌市南昌县黄马乡凤凰村,,江西省,,,非A,乡村旅游重点村,unknown,pending,第一批全国乡村旅游重点村,https://www.mct.gov.cn/tourism/#/list,API目录ID-36/2026-09-04,,,尚未映射到可回跳的知识库景点卡,,,1,CN-POOL-20260904-r0,MCT内容ID=13289；来源文件=content_36.json
CN-P-000798,547dccfa860a6c0310980cf8f9725a280224d617cdfcfe4c3f0fbd54616d35bf,淄博市博山区池上镇中郝峪村,,山东省,,,非A,乡村旅游重点村,unknown,pending,第一批全国乡村旅游重点村,https://www.mct.gov.cn/tourism/#/list,API目录ID-36/2026-09-04,,,尚未映射到可回跳的知识库景点卡,,,1,CN-POOL-20260904-r0,MCT内容ID=13290；来源文件=content_36.json
CN-P-000799,2b97367628408533ac024164c3bf9cd834a2ca017d36b9e576ea8f53c6388bc2,威海市荣成市宁津街道东楮岛村,,山东省,,,非A,乡村旅游重点村,unknown,pending,第一批全国乡村旅游重点村,https://www.mct.gov.cn/tourism/#/list,API目录ID-36/2026-09-04,,,尚未映射到可回跳的知识库景点卡,,,1,CN-POOL-20260904-r0,MCT内容ID=13291；来源文件=content_36.json
CN-P-000800,70e2f7724abc2cde38f8d7213073474566dbe267c062b01349c21c7238f2e7c4,临沂市沂南县铜井镇竹泉村,,山东省,,,非A,乡村旅游重点村,unknown,pending,第一批全国乡村旅游重点村,https://www.mct.gov.cn/tourism/#/list,API目录ID-36/2026-09-04,,,尚未映射到可回跳的知识库景点卡,,,1,CN-POOL-20260904-r0,MCT内容ID=13292；来源文件=content_36.json
CN-P-000801,ef06a2511d02772ed193a3211284557acd0066ad9c01e88bcfcf432b1b89353d,潍坊市青州市王府街道井塘村,,山东省,,,非A,乡村旅游重点村,unknown,pending,第一批全国乡村旅游重点村,https://www.mct.gov.cn/tourism/#/list,API目录ID-36/2026-09-04,,,尚未映射到可回跳的知识库景点卡,,,1,CN-POOL-20260904-r0,MCT内容ID=13293；来源文件=content_36.json
CN-P-000802,e8bd9d1fc4229d4da90fd6a9d33391fb9a41533e1b986965af652c67bbbfedfe,临沂市沂水县院东头镇桃棵子村,,山东省,,,非A,乡村旅游重点村,unknown,pending,第一批全国乡村旅游重点村,https://www.mct.gov.cn/tourism/#/list,API目录ID-36/2026-09-04,,,尚未映射到可回跳的知识库景点卡,,,1,CN-POOL-20260904-r0,MCT内容ID=13294；来源文件=content_36.json
CN-P-000803,b5c265b5206889356a2eee9c3f723f1dd6af6d02f8bc54821c4eff2134b06d35,泰安市岱岳区道朗镇里峪村,,山东省,,,非A,乡村旅游重点村,unknown,pending,第一批全国乡村旅游重点村,https://www.mct.gov.cn/tourism/#/list,API目录ID-36/2026-09-04,,,尚未映射到可回跳的知识库景点卡,,,1,CN-POOL-20260904-r0,MCT内容ID=13295；来源文件=content_36.json
CN-P-000804,573ae704268e06eecdd31e3c11747f60be7a112a06316134793ad593b275f769,济宁市邹城市石墙镇上九山村,,山东省,,,非A,乡村旅游重点村,unknown,pending,第一批全国乡村旅游重点村,https://www.mct.gov.cn/tourism/#/list,API目录ID-36/2026-09-04,,,尚未映射到可回跳的知识库景点卡,,,1,CN-POOL-20260904-r0,MCT内容ID=13296；来源文件=content_36.json
CN-P-000805,045058c63adff791e5027ae5ac374081a5a049afab79a27056b76081b495b9e5,济宁市梁山县大路口乡贾堌堆村,,山东省,,,非A,乡村旅游重点村,unknown,pending,第一批全国乡村旅游重点村,https://www.mct.gov.cn/tourism/#/list,API目录ID-36/2026-09-04,,,尚未映射到可回跳的知识库景点卡,,,1,CN-POOL-20260904-r0,MCT内容ID=13297；来源文件=content_36.json
CN-P-000806,04707eeacdc539fa47bac4f85826bf27ea3a6890d0a16ef40fb47c0bada478c6,临沂市兰陵县苍山街道压油沟村,,山东省,,,非A,乡村旅游重点村,unknown,pending,第一批全国乡村旅游重点村,https://www.mct.gov.cn/tourism/#/list,API目录ID-36/2026-09-04,,,尚未映射到可回跳的知识库景点卡,,,1,CN-POOL-20260904-r0,MCT内容ID=13298；来源文件=content_36.json
CN-P-000807,23236ec0d2ed37f3cc0e15f3f7b34071c3454b70089914e2e96d3d327e69c136,日照市莒县东莞镇赵家石河村,,山东省,,,非A,乡村旅游重点村,unknown,pending,第一批全国乡村旅游重点村,https://www.mct.gov.cn/tourism/#/list,API目录ID-36/2026-09-04,,,尚未映射到可回跳的知识库景点卡,,,1,CN-POOL-20260904-r0,MCT内容ID=13299；来源文件=content_36.json
CN-P-000808,d70b7e40da22e107d7457d756a859bf5e982813b537fce5a3a338211833712b8,洛阳市栾川县潭头镇重渡村,,河南省,,,非A,乡村旅游重点村,unknown,pending,第一批全国乡村旅游重点村,https://www.mct.gov.cn/tourism/#/list,API目录ID-36/2026-09-04,,,尚未映射到可回跳的知识库景点卡,,,1,CN-POOL-20260904-r0,MCT内容ID=13300；来源文件=content_36.json
CN-P-000809,27b809b4d5ced43eaf9e4de4b12c73a8f4b9b5a1eace5a92de2eb74d9a58b86d,南阳市西峡县太平镇东坪村,,河南省,,,非A,乡村旅游重点村,unknown,pending,第一批全国乡村旅游重点村,https://www.mct.gov.cn/tourism/#/list,API目录ID-36/2026-09-04,,,尚未映射到可回跳的知识库景点卡,,,1,CN-POOL-20260904-r0,MCT内容ID=13301；来源文件=content_36.json
CN-P-000810,53d9d12b0ee847165ea4c59341d0df2b66c91dc859350cb87ac4d20f3c9ea5c4,焦作市温县赵堡镇陈家沟村,,河南省,,,非A,乡村旅游重点村,unknown,pending,第一批全国乡村旅游重点村,https://www.mct.gov.cn/tourism/#/list,API目录ID-36/2026-09-04,,,尚未映射到可回跳的知识库景点卡,,,1,CN-POOL-20260904-r0,MCT内容ID=13302；来源文件=content_36.json
CN-P-000811,67c3acfd70a8a5db0bc6c49d4a624dc10b80ed8c3d68427cb25971f01c0d93e6,三门峡市卢氏县官道口镇新坪村,,河南省,,,非A,乡村旅游重点村,unknown,pending,第一批全国乡村旅游重点村,https://www.mct.gov.cn/tourism/#/list,API目录ID-36/2026-09-04,,,尚未映射到可回跳的知识库景点卡,,,1,CN-POOL-20260904-r0,MCT内容ID=13303；来源文件=content_36.json
CN-P-000812,4591af80aa296329963a2a22bb06bbe18000406be6380484bd56e3dd88b04036,开封市兰考县东坝头乡张庄村,,河南省,,,非A,乡村旅游重点村,unknown,pending,第一批全国乡村旅游重点村,https://www.mct.gov.cn/tourism/#/list,API目录ID-36/2026-09-04,,,尚未映射到可回跳的知识库景点卡,,,1,CN-POOL-20260904-r0,MCT内容ID=13304；来源文件=content_36.json
CN-P-000813,3920197e3d3c49bc0be3e1b98a8f41b30a4a78ad882566866065f9ed74b01792,信阳市新县八里畈镇丁李湾村,,河南省,,,非A,乡村旅游重点村,unknown,pending,第一批全国乡村旅游重点村,https://www.mct.gov.cn/tourism/#/list,API目录ID-36/2026-09-04,,,尚未映射到可回跳的知识库景点卡,,,1,CN-POOL-20260904-r0,MCT内容ID=13305；来源文件=content_36.json
CN-P-000814,c418d9b1d92364a4b11992e4988aee07e175ee1c9edb6d1c408c0c7de68310c5,郑州市新郑市龙湖镇泰山村,,河南省,,,非A,乡村旅游重点村,unknown,pending,第一批全国乡村旅游重点村,https://www.mct.gov.cn/tourism/#/list,API目录ID-36/2026-09-04,,,尚未映射到可回跳的知识库景点卡,,,1,CN-POOL-20260904-r0,MCT内容ID=13306；来源文件=content_36.json
CN-P-000815,455b9d944e4ed83eb09721f65b2672fa341bb6e5a4d5be4bdfc433330a373cd8,驻马店市平舆县东皇街道大王寨村,,河南省,,,非A,乡村旅游重点村,unknown,pending,第一批全国乡村旅游重点村,https://www.mct.gov.cn/tourism/#/list,API目录ID-36/2026-09-04,,,尚未映射到可回跳的知识库景点卡,,,1,CN-POOL-20260904-r0,MCT内容ID=13307；来源文件=content_36.json
CN-P-000816,b5097c924691af9c9d5204b5c6843a119d2330cc27f7384e57ab10869b7d2c51,周口市淮阳县城关回族镇从庄村,,河南省,,,非A,乡村旅游重点村,unknown,pending,第一批全国乡村旅游重点村,https://www.mct.gov.cn/tourism/#/list,API目录ID-36/2026-09-04,,,尚未映射到可回跳的知识库景点卡,,,1,CN-POOL-20260904-r0,MCT内容ID=13308；来源文件=content_36.json
CN-P-000817,107a941d052ce8dece4bd9a5e57aded213f2a3e8dce9090f62855883b77c4a03,鹤壁市淇县灵山街道赵庄村,,河南省,,,非A,乡村旅游重点村,unknown,pending,第一批全国乡村旅游重点村,https://www.mct.gov.cn/tourism/#/list,API目录ID-36/2026-09-04,,,尚未映射到可回跳的知识库景点卡,,,1,CN-POOL-20260904-r0,MCT内容ID=13309；来源文件=content_36.json
CN-P-000818,b2bc78301c90e9fb1a2285cc39ff9bfccded8372ea64ec0840d62e30284d0ea6,荆州市石首市桃花山镇李花山村,,湖北省,,,非A,乡村旅游重点村,unknown,pending,第一批全国乡村旅游重点村,https://www.mct.gov.cn/tourism/#/list,API目录ID-36/2026-09-04,,,尚未映射到可回跳的知识库景点卡,,,1,CN-POOL-20260904-r0,MCT内容ID=13310；来源文件=content_36.json
CN-P-000819,f47842b64ef3ba0a2fe9af93e1b6a2c49e39845735b3df51a79b7c7921b9e9b4,黄冈市蕲春县檀林镇雾云山村,,湖北省,,,非A,乡村旅游重点村,unknown,pending,第一批全国乡村旅游重点村,https://www.mct.gov.cn/tourism/#/list,API目录ID-36/2026-09-04,,,尚未映射到可回跳的知识库景点卡,,,1,CN-POOL-20260904-r0,MCT内容ID=13311；来源文件=content_36.json
CN-P-000820,c5889747d6e9ac66c0e8160cc7046f464c62fe694f43ffaa502e5effa9412b0f,襄阳市保康县马桥镇尧治河村,,湖北省,,,非A,乡村旅游重点村,unknown,pending,第一批全国乡村旅游重点村,https://www.mct.gov.cn/tourism/#/list,API目录ID-36/2026-09-04,,,尚未映射到可回跳的知识库景点卡,,,1,CN-POOL-20260904-r0,MCT内容ID=13312；来源文件=content_36.json
CN-P-000821,f50648761e030192be86f0026cfb1f3378e616fe527cf4246b13488406c1f99e,十堰市竹山县文峰乡太和村,,湖北省,,,非A,乡村旅游重点村,unknown,pending,第一批全国乡村旅游重点村,https://www.mct.gov.cn/tourism/#/list,API目录ID-36/2026-09-04,,,尚未映射到可回跳的知识库景点卡,,,1,CN-POOL-20260904-r0,MCT内容ID=13313；来源文件=content_36.json
CN-P-000822,5848a381d60808d8977b8566813fe39b10ad68da766324a06eb1befb9f8437e5,咸宁市通山县南林桥镇石门村,,湖北省,,,非A,乡村旅游重点村,unknown,pending,第一批全国乡村旅游重点村,https://www.mct.gov.cn/tourism/#/list,API目录ID-36/2026-09-04,,,尚未映射到可回跳的知识库景点卡,,,1,CN-POOL-20260904-r0,MCT内容ID=13314；来源文件=content_36.json
CN-P-000823,d017fe6d0f46266a09e230b50d083a2c187e3a11b976648bc8403940fe4b4c4a,孝感市大悟县新城镇金岭村,,湖北省,,,非A,乡村旅游重点村,unknown,pending,第一批全国乡村旅游重点村,https://www.mct.gov.cn/tourism/#/list,API目录ID-36/2026-09-04,,,尚未映射到可回跳的知识库景点卡,,,1,CN-POOL-20260904-r0,MCT内容ID=13315；来源文件=content_36.json
CN-P-000824,812d812f9fab690811c3988b9d1acab70021d0a87f6be4cbea03e89b9b5d1733,荆门市钟祥市客店镇南庄村,,湖北省,,,非A,乡村旅游重点村,unknown,pending,第一批全国乡村旅游重点村,https://www.mct.gov.cn/tourism/#/list,API目录ID-36/2026-09-04,,,尚未映射到可回跳的知识库景点卡,,,1,CN-POOL-20260904-r0,MCT内容ID=13316；来源文件=content_36.json
CN-P-000825,6a23199573dd1eccb9decf387dd3d441177f3b62ef05e785d5ae61347061a593,恩施土家族苗族自治州利川市南坪乡营上村,,湖北省,,,非A,乡村旅游重点村,unknown,pending,第一批全国乡村旅游重点村,https://www.mct.gov.cn/tourism/#/list,API目录ID-36/2026-09-04,,,尚未映射到可回跳的知识库景点卡,,,1,CN-POOL-20260904-r0,MCT内容ID=13317；来源文件=content_36.json
CN-P-000826,32cd3382b6b1143d16400a6aa2e89da2141872c29e227649948d69ec1a1d5613,恩施土家族苗族自治州恩施市白杨坪乡洞下槽村,,湖北省,,,非A,乡村旅游重点村,unknown,pending,第一批全国乡村旅游重点村,https://www.mct.gov.cn/tourism/#/list,API目录ID-36/2026-09-04,,,尚未映射到可回跳的知识库景点卡,,,1,CN-POOL-20260904-r0,MCT内容ID=13318；来源文件=content_36.json
CN-P-000827,32403adb3e43caacf412dd85a7eb5aace366d40494fe5c0e1a614a9c097c5cc6,宜昌市五峰县采花乡栗子坪村,,湖北省,,,非A,乡村旅游重点村,unknown,pending,第一批全国乡村旅游重点村,https://www.mct.gov.cn/tourism/#/list,API目录ID-36/2026-09-04,,,尚未映射到可回跳的知识库景点卡,,,1,CN-POOL-20260904-r0,MCT内容ID=13319；来源文件=content_36.json
CN-P-000828,80188ab107698b26a7c14d4d03cc6e09ae1e5c12fd707ebe54873bf8d0bbbc29,神农架林区宋洛乡盘龙村,,湖北省,,,非A,乡村旅游重点村,unknown,pending,第一批全国乡村旅游重点村,https://www.mct.gov.cn/tourism/#/list,API目录ID-36/2026-09-04,,,尚未映射到可回跳的知识库景点卡,,,1,CN-POOL-20260904-r0,MCT内容ID=13320；来源文件=content_36.json
CN-P-000829,7793ebfd232e7fa95850c29609f2edad0668aee16cbd0af9421e6ff3f343e9e3,湘西土家族苗族自治州花垣县双龙镇十八洞村,,湖南省,,,非A,乡村旅游重点村,unknown,pending,第一批全国乡村旅游重点村,https://www.mct.gov.cn/tourism/#/list,API目录ID-36/2026-09-04,,,尚未映射到可回跳的知识库景点卡,,,1,CN-POOL-20260904-r0,MCT内容ID=13321；来源文件=content_36.json
CN-P-000830,96b68d93cc80fa404f21e49e1f9448b153e9563e220691831befa76a322f6f21,郴州市汝城县文明瑶族乡沙洲瑶族村,,湖南省,,,非A,乡村旅游重点村,unknown,pending,第一批全国乡村旅游重点村,https://www.mct.gov.cn/tourism/#/list,API目录ID-36/2026-09-04,,,尚未映射到可回跳的知识库景点卡,,,1,CN-POOL-20260904-r0,MCT内容ID=13322；来源文件=content_36.json
CN-P-000831,93b112724cd7b678cb4cc411449d249fca73ae841d7651a62bbb3be1f472ebaf,湘潭市韶山市银田镇银田村,,湖南省,,,非A,乡村旅游重点村,unknown,pending,第一批全国乡村旅游重点村,https://www.mct.gov.cn/tourism/#/list,API目录ID-36/2026-09-04,,,尚未映射到可回跳的知识库景点卡,,,1,CN-POOL-20260904-r0,MCT内容ID=13323；来源文件=content_36.json
CN-P-000832,53544fe62cfc9de5f5ee4719fb1201acf6b992840df5eb7c1bd86b9d010c9479,益阳市南县乌嘴乡罗文村,,湖南省,,,非A,乡村旅游重点村,unknown,pending,第一批全国乡村旅游重点村,https://www.mct.gov.cn/tourism/#/list,API目录ID-36/2026-09-04,,,尚未映射到可回跳的知识库景点卡,,,1,CN-POOL-20260904-r0,MCT内容ID=13324；来源文件=content_36.json
CN-P-000833,3d05065aa6aa29427442c397e7e95239f05c26068fedfc240477815a9e372b13,张家界市慈利县三官寺土家族乡罗潭村,,湖南省,,,非A,乡村旅游重点村,unknown,pending,第一批全国乡村旅游重点村,https://www.mct.gov.cn/tourism/#/list,API目录ID-36/2026-09-04,,,尚未映射到可回跳的知识库景点卡,,,1,CN-POOL-20260904-r0,MCT内容ID=13325；来源文件=content_36.json
CN-P-000834,012ade676a883cb75c93ad0ca2ca56ed7b06ac7e053bb35f08ba84ab9a1597c3,长沙市长沙县果园镇浔龙河村,,湖南省,,,非A,乡村旅游重点村,unknown,pending,第一批全国乡村旅游重点村,https://www.mct.gov.cn/tourism/#/list,API目录ID-36/2026-09-04,,,尚未映射到可回跳的知识库景点卡,,,1,CN-POOL-20260904-r0,MCT内容ID=13326；来源文件=content_36.json
CN-P-000835,adc14db5c3c7003b4c3f68c895273f83620ef10c99b1e3b643fdf3c108675878,娄底市双峰县杏子铺镇双源村,,湖南省,,,非A,乡村旅游重点村,unknown,pending,第一批全国乡村旅游重点村,https://www.mct.gov.cn/tourism/#/list,API目录ID-36/2026-09-04,,,尚未映射到可回跳的知识库景点卡,,,1,CN-POOL-20260904-r0,MCT内容ID=13327；来源文件=content_36.json
CN-P-000836,69252394a32324caa0afb56776c53f450760a0667b0de0396adbb647c62286bc,常德市安乡县安康乡仙桃村,,湖南省,,,非A,乡村旅游重点村,unknown,pending,第一批全国乡村旅游重点村,https://www.mct.gov.cn/tourism/#/list,API目录ID-36/2026-09-04,,,尚未映射到可回跳的知识库景点卡,,,1,CN-POOL-20260904-r0,MCT内容ID=13328；来源文件=content_36.json
CN-P-000837,f0788b2fc40d2a15e2c77d4ac828c2f47fb71f7bae916cf3c100a34f102737a0,永州市江永县兰溪瑶族乡勾蓝瑶村,,湖南省,,,非A,乡村旅游重点村,unknown,pending,第一批全国乡村旅游重点村,https://www.mct.gov.cn/tourism/#/list,API目录ID-36/2026-09-04,,,尚未映射到可回跳的知识库景点卡,,,1,CN-POOL-20260904-r0,MCT内容ID=13329；来源文件=content_36.json
CN-P-000838,05f7e2398808017541860e78ff23bf08ac46052dd4d25a062541b57a6c590c37,衡阳市衡阳县西渡镇新桥村,,湖南省,,,非A,乡村旅游重点村,unknown,pending,第一批全国乡村旅游重点村,https://www.mct.gov.cn/tourism/#/list,API目录ID-36/2026-09-04,,,尚未映射到可回跳的知识库景点卡,,,1,CN-POOL-20260904-r0,MCT内容ID=13330；来源文件=content_36.json
CN-P-000839,c31d0c1829a4bfdfab6c8874356b9c5d7b4e45a0083c5ee0236589c0205fb641,岳阳市汨罗市白水镇西长村,,湖南省,,,非A,乡村旅游重点村,unknown,pending,第一批全国乡村旅游重点村,https://www.mct.gov.cn/tourism/#/list,API目录ID-36/2026-09-04,,,尚未映射到可回跳的知识库景点卡,,,1,CN-POOL-20260904-r0,MCT内容ID=13331；来源文件=content_36.json
CN-P-000840,622179d12c6aaa37c62d67577928bb650798e8ce5ff826b20468e7778182b9fb,梅州市大埔县西河镇北塘村,,广东省,,,非A,乡村旅游重点村,unknown,pending,第一批全国乡村旅游重点村,https://www.mct.gov.cn/tourism/#/list,API目录ID-36/2026-09-04,,,尚未映射到可回跳的知识库景点卡,,,1,CN-POOL-20260904-r0,MCT内容ID=13332；来源文件=content_36.json
CN-P-000841,feaa83a754581955a0c3e89596b00d6200656444e76e3bf00fb108148e0cb81e,湛江市霞山区特呈岛村,,广东省,,,非A,乡村旅游重点村,unknown,pending,第一批全国乡村旅游重点村,https://www.mct.gov.cn/tourism/#/list,API目录ID-36/2026-09-04,,,尚未映射到可回跳的知识库景点卡,,,1,CN-POOL-20260904-r0,MCT内容ID=13333；来源文件=content_36.json
CN-P-000842,77327859e1ada117c86f255ca15340294b68839ef9f4122e73f23d8369ba3350,茂名市信宜市镇隆镇八坊村,,广东省,,,非A,乡村旅游重点村,unknown,pending,第一批全国乡村旅游重点村,https://www.mct.gov.cn/tourism/#/list,API目录ID-36/2026-09-04,,,尚未映射到可回跳的知识库景点卡,,,1,CN-POOL-20260904-r0,MCT内容ID=13334；来源文件=content_36.json
CN-P-000843,fe78278722adafc725ca8fe1d1dc69db6f271aa7a09dc8bf0bd6a4ffabdc5411,河源市源城区埔前镇陂角村,,广东省,,,非A,乡村旅游重点村,unknown,pending,第一批全国乡村旅游重点村,https://www.mct.gov.cn/tourism/#/list,API目录ID-36/2026-09-04,,,尚未映射到可回跳的知识库景点卡,,,1,CN-POOL-20260904-r0,MCT内容ID=13335；来源文件=content_36.json
CN-P-000844,a98b73126f57b3b4ccc7e45638105ec380dd81d8946078f6680e73ab6263baee,惠州市龙门县南昆山生态旅游区中坪尾村,,广东省,,,非A,乡村旅游重点村,unknown,pending,第一批全国乡村旅游重点村,https://www.mct.gov.cn/tourism/#/list,API目录ID-36/2026-09-04,,,尚未映射到可回跳的知识库景点卡,,,1,CN-POOL-20260904-r0,MCT内容ID=13336；来源文件=content_36.json
CN-P-000845,adc46b88390d57c92bfba70b8d29072b8ec6f51810d06df52e7734a6ff3ac0f0,东莞市茶山镇南社村,,广东省,,,非A,乡村旅游重点村,unknown,pending,第一批全国乡村旅游重点村,https://www.mct.gov.cn/tourism/#/list,API目录ID-36/2026-09-04,,,尚未映射到可回跳的知识库景点卡,,,1,CN-POOL-20260904-r0,MCT内容ID=13337；来源文件=content_36.json
CN-P-000846,e9e16daeb6afa713fe4e4c39e6bc1a48f3871bcd36e01d170474adddfaf8e9f8,佛山市顺德区杏坛镇逢简村,,广东省,,,非A,乡村旅游重点村,unknown,pending,第一批全国乡村旅游重点村,https://www.mct.gov.cn/tourism/#/list,API目录ID-36/2026-09-04,,,尚未映射到可回跳的知识库景点卡,,,1,CN-POOL-20260904-r0,MCT内容ID=13338；来源文件=content_36.json
CN-P-000847,addfb560f766c97478d16e1deda1005793f53a3e7694cf154bc3b436bcb8612b,韶关市仁化县丹霞街道瑶塘新村,,广东省,,,非A,乡村旅游重点村,unknown,pending,第一批全国乡村旅游重点村,https://www.mct.gov.cn/tourism/#/list,API目录ID-36/2026-09-04,,,尚未映射到可回跳的知识库景点卡,,,1,CN-POOL-20260904-r0,MCT内容ID=13339；来源文件=content_36.json
CN-P-000848,aca5e93e07158fdcd9831bb75b3fc9cabd077acb83a0c292132de163633bd4d6,江门市台山市斗山镇浮石村,,广东省,,,非A,乡村旅游重点村,unknown,pending,第一批全国乡村旅游重点村,https://www.mct.gov.cn/tourism/#/list,API目录ID-36/2026-09-04,,,尚未映射到可回跳的知识库景点卡,,,1,CN-POOL-20260904-r0,MCT内容ID=13340；来源文件=content_36.json
CN-P-000849,7d4ee491885156c512f255c2192ffa4cc57ab1b24b07456c4b6d4172e55ca0a9,汕尾市陆河县水唇镇罗洞村,,广东省,,,非A,乡村旅游重点村,unknown,pending,第一批全国乡村旅游重点村,https://www.mct.gov.cn/tourism/#/list,API目录ID-36/2026-09-04,,,尚未映射到可回跳的知识库景点卡,,,1,CN-POOL-20260904-r0,MCT内容ID=13341；来源文件=content_36.json
CN-P-000850,2dd7c08ffeec7ac15a22ef9a83cb8e4d2000abe58b5311a34730d1397480afcc,贺州市富川瑶族自治县朝东镇岔山村,,广西壮族自治区,,,非A,乡村旅游重点村,unknown,pending,第一批全国乡村旅游重点村,https://www.mct.gov.cn/tourism/#/list,API目录ID-36/2026-09-04,,,尚未映射到可回跳的知识库景点卡,,,1,CN-POOL-20260904-r0,MCT内容ID=13342；来源文件=content_36.json
CN-P-000851,8db7a658984591685b090900e028b9f7b8fe57360003ed1ac2a51785849e4272,崇左市大新县堪圩乡明仕村,,广西壮族自治区,,,非A,乡村旅游重点村,unknown,pending,第一批全国乡村旅游重点村,https://www.mct.gov.cn/tourism/#/list,API目录ID-36/2026-09-04,,,尚未映射到可回跳的知识库景点卡,,,1,CN-POOL-20260904-r0,MCT内容ID=13343；来源文件=content_36.json
CN-P-000852,fd722cc61f8f48ae6cc3e2765ea1285d04f4aefae218cb065e9613c3b223752c,桂林市龙胜各族自治县龙脊镇大寨村,,广西壮族自治区,,,非A,乡村旅游重点村,unknown,pending,第一批全国乡村旅游重点村,https://www.mct.gov.cn/tourism/#/list,API目录ID-36/2026-09-04,,,尚未映射到可回跳的知识库景点卡,,,1,CN-POOL-20260904-r0,MCT内容ID=13344；来源文件=content_36.json
CN-P-000853,f251d9605aaedb787e6f0370c10d6f4500e7781de360886fa02d8de7d0c66637,柳州市三江侗族自治县八江镇布央村,,广西壮族自治区,,,非A,乡村旅游重点村,unknown,pending,第一批全国乡村旅游重点村,https://www.mct.gov.cn/tourism/#/list,API目录ID-36/2026-09-04,,,尚未映射到可回跳的知识库景点卡,,,1,CN-POOL-20260904-r0,MCT内容ID=13345；来源文件=content_36.json
CN-P-000854,6d2b8ae4104aa419c7c13fd9feb56187e4b2056c658addc559af1ed145c4a3fc,河池市巴马瑶族自治县那桃乡平林村,,广西壮族自治区,,,非A,乡村旅游重点村,unknown,pending,第一批全国乡村旅游重点村,https://www.mct.gov.cn/tourism/#/list,API目录ID-36/2026-09-04,,,尚未映射到可回跳的知识库景点卡,,,1,CN-POOL-20260904-r0,MCT内容ID=13346；来源文件=content_36.json
CN-P-000855,c50c9063488b2ed44fa3994f42fc846d470174555cda0ba23bbd10d919a50f07,贵港市覃塘区覃塘街道龙凤村,,广西壮族自治区,,,非A,乡村旅游重点村,unknown,pending,第一批全国乡村旅游重点村,https://www.mct.gov.cn/tourism/#/list,API目录ID-36/2026-09-04,,,尚未映射到可回跳的知识库景点卡,,,1,CN-POOL-20260904-r0,MCT内容ID=13347；来源文件=content_36.json
CN-P-000856,0cd7e234c47904b745bce9af1c77848e68eee8bf9b24c7b48d4bba08a7535061,南宁市马山县古零镇小都百屯,,广西壮族自治区,,,非A,乡村旅游重点村,unknown,pending,第一批全国乡村旅游重点村,https://www.mct.gov.cn/tourism/#/list,API目录ID-36/2026-09-04,,,尚未映射到可回跳的知识库景点卡,,,1,CN-POOL-20260904-r0,MCT内容ID=13348；来源文件=content_36.json
CN-P-000857,eddb1a3cd32b8dcda65587bfcf563f935eca4f9ad1c3c4a80b3c98ddf13a98b0,来宾市金秀瑶族自治县六巷乡大岭村,,广西壮族自治区,,,非A,乡村旅游重点村,unknown,pending,第一批全国乡村旅游重点村,https://www.mct.gov.cn/tourism/#/list,API目录ID-36/2026-09-04,,,尚未映射到可回跳的知识库景点卡,,,1,CN-POOL-20260904-r0,MCT内容ID=13349；来源文件=content_36.json
CN-P-000858,8a645eea67e37f2a3e503aea9d22c4ebd51f73aa9de26f28e63b8e751c1b2698,桂林市灵川县大圩镇袁家村,,广西壮族自治区,,,非A,乡村旅游重点村,unknown,pending,第一批全国乡村旅游重点村,https://www.mct.gov.cn/tourism/#/list,API目录ID-36/2026-09-04,,,尚未映射到可回跳的知识库景点卡,,,1,CN-POOL-20260904-r0,MCT内容ID=13350；来源文件=content_36.json
CN-P-000859,3c2a998eb6ed8ad1973e84a5addb9a174cc584df19f847994f46767aebde6bd0,柳州市融水苗族自治县四荣乡荣地村,,广西壮族自治区,,,非A,乡村旅游重点村,unknown,pending,第一批全国乡村旅游重点村,https://www.mct.gov.cn/tourism/#/list,API目录ID-36/2026-09-04,,,尚未映射到可回跳的知识库景点卡,,,1,CN-POOL-20260904-r0,MCT内容ID=13351；来源文件=content_36.json
CN-P-000860,00040fa5d79b4322446e37e7050b138f26fb33e7ab3fa36a05e81ef2f948aea8,百色市田阳县五村镇巴某村,,广西壮族自治区,,,非A,乡村旅游重点村,unknown,pending,第一批全国乡村旅游重点村,https://www.mct.gov.cn/tourism/#/list,API目录ID-36/2026-09-04,,,尚未映射到可回跳的知识库景点卡,,,1,CN-POOL-20260904-r0,MCT内容ID=13352；来源文件=content_36.json
CN-P-000861,261581883c447866b40f57fe4f593c46f96fe8dcf4d80d0b520ae49c72032231,琼中黎族苗族自治县红毛镇什寒村,,海南省,,,非A,乡村旅游重点村,unknown,pending,第一批全国乡村旅游重点村,https://www.mct.gov.cn/tourism/#/list,API目录ID-36/2026-09-04,,,尚未映射到可回跳的知识库景点卡,,,1,CN-POOL-20260904-r0,MCT内容ID=13353；来源文件=content_36.json
CN-P-000862,d122c602f671749cd7b99db59f5b7eeae1d8ff05f6a6b9d0c8876906da9b332f,三亚市吉阳区中廖村,,海南省,,,非A,乡村旅游重点村,unknown,pending,第一批全国乡村旅游重点村,https://www.mct.gov.cn/tourism/#/list,API目录ID-36/2026-09-04,,,尚未映射到可回跳的知识库景点卡,,,1,CN-POOL-20260904-r0,MCT内容ID=13354；来源文件=content_36.json
CN-P-000863,c256d1ccbca595c580471bd84acf9714e09b58ee2bfcfc8302714573f5582744,澄迈县老城镇罗驿村,,海南省,,,非A,乡村旅游重点村,unknown,pending,第一批全国乡村旅游重点村,https://www.mct.gov.cn/tourism/#/list,API目录ID-36/2026-09-04,,,尚未映射到可回跳的知识库景点卡,,,1,CN-POOL-20260904-r0,MCT内容ID=13355；来源文件=content_36.json
CN-P-000864,8ab1e0879f995c3a102cafc8b42736dd6b76149f6dff6140a518b496a0dda410,白沙黎族自治县元门乡罗帅村,,海南省,,,非A,乡村旅游重点村,unknown,pending,第一批全国乡村旅游重点村,https://www.mct.gov.cn/tourism/#/list,API目录ID-36/2026-09-04,,,尚未映射到可回跳的知识库景点卡,,,1,CN-POOL-20260904-r0,MCT内容ID=13356；来源文件=content_36.json
CN-P-000865,bf8909dd066862ca6b34eb5578538c39a9bea6512f11bfd687f958ad96ce6f9f,儋州市木棠镇铁匠村,,海南省,,,非A,乡村旅游重点村,unknown,pending,第一批全国乡村旅游重点村,https://www.mct.gov.cn/tourism/#/list,API目录ID-36/2026-09-04,,,尚未映射到可回跳的知识库景点卡,,,1,CN-POOL-20260904-r0,MCT内容ID=13357；来源文件=content_36.json
CN-P-000866,4ade1dd5118299eb63420cd7cc9d75082aae3a9f5507ac2c9531c648532fabb1,海口市美兰区演丰镇山尾头村,,海南省,,,非A,乡村旅游重点村,unknown,pending,第一批全国乡村旅游重点村,https://www.mct.gov.cn/tourism/#/list,API目录ID-36/2026-09-04,,,尚未映射到可回跳的知识库景点卡,,,1,CN-POOL-20260904-r0,MCT内容ID=13358；来源文件=content_36.json
CN-P-000867,982aece9b0b525b18535c62940e4460877cd51e011ddebfbb46837f518daf9d4,定安县龙湖镇高林村,,海南省,,,非A,乡村旅游重点村,unknown,pending,第一批全国乡村旅游重点村,https://www.mct.gov.cn/tourism/#/list,API目录ID-36/2026-09-04,,,尚未映射到可回跳的知识库景点卡,,,1,CN-POOL-20260904-r0,MCT内容ID=13359；来源文件=content_36.json
CN-P-000868,f1ff231e4289b07dd7b52acd093b06f7e6bcc509ce84cafdd82b735d07170780,海口市秀英区永兴镇冯塘村,,海南省,,,非A,乡村旅游重点村,unknown,pending,第一批全国乡村旅游重点村,https://www.mct.gov.cn/tourism/#/list,API目录ID-36/2026-09-04,,,尚未映射到可回跳的知识库景点卡,,,1,CN-POOL-20260904-r0,MCT内容ID=13360；来源文件=content_36.json
CN-P-000869,b495c96ae4d0b6785b4defcc50dc09876f0640ca3667f283c1e4dcba6f2a9131,永川区南大街街道黄瓜山村,,重庆市,,,非A,乡村旅游重点村,unknown,pending,第一批全国乡村旅游重点村,https://www.mct.gov.cn/tourism/#/list,API目录ID-36/2026-09-04,,,尚未映射到可回跳的知识库景点卡,,,1,CN-POOL-20260904-r0,MCT内容ID=13361；来源文件=content_36.json
CN-P-000870,7532e83fd91d5d5a20342528086501585996b2d4199d517c703b8cb0db98ac74,武隆区仙女山镇荆竹村,,重庆市,,,非A,乡村旅游重点村,unknown,pending,第一批全国乡村旅游重点村,https://www.mct.gov.cn/tourism/#/list,API目录ID-36/2026-09-04,,,尚未映射到可回跳的知识库景点卡,,,1,CN-POOL-20260904-r0,MCT内容ID=13362；来源文件=content_36.json
CN-P-000871,61ff585227b20e94c4cbefc410891e8db22700f2bf73e59359235b1caa0139f9,合川区涞滩镇二佛村,,重庆市,,,非A,乡村旅游重点村,unknown,pending,第一批全国乡村旅游重点村,https://www.mct.gov.cn/tourism/#/list,API目录ID-36/2026-09-04,,,尚未映射到可回跳的知识库景点卡,,,1,CN-POOL-20260904-r0,MCT内容ID=13363；来源文件=content_36.json
CN-P-000872,d1b5dc3aa9f57147061d327de7a78696508cceba53bcdd95bb2c1f470d35e217,万盛经济技术开发区关坝镇凉风村,,重庆市,,,非A,乡村旅游重点村,unknown,pending,第一批全国乡村旅游重点村,https://www.mct.gov.cn/tourism/#/list,API目录ID-36/2026-09-04,,,尚未映射到可回跳的知识库景点卡,,,1,CN-POOL-20260904-r0,MCT内容ID=13364；来源文件=content_36.json
CN-P-000873,9d6a572e96e08a2ed7e10d180de92badd88fbf90aa4bc9dec910459964019228,大足区宝顶镇慈航社区,,重庆市,,,非A,乡村旅游重点村,unknown,pending,第一批全国乡村旅游重点村,https://www.mct.gov.cn/tourism/#/list,API目录ID-36/2026-09-04,,,尚未映射到可回跳的知识库景点卡,,,1,CN-POOL-20260904-r0,MCT内容ID=13365；来源文件=content_36.json
CN-P-000874,a1606c005e548c7d5c69b6c43c53516872d237dd48f9d85e5b867bfabdcf5e9b,垫江县新民镇明月村,,重庆市,,,非A,乡村旅游重点村,unknown,pending,第一批全国乡村旅游重点村,https://www.mct.gov.cn/tourism/#/list,API目录ID-36/2026-09-04,,,尚未映射到可回跳的知识库景点卡,,,1,CN-POOL-20260904-r0,MCT内容ID=13366；来源文件=content_36.json
CN-P-000875,25685dc1775105ceff496fc97c038592e4097047022e9cbb6251971fa232808f,沙坪坝区曾家镇虎峰山村,,重庆市,,,非A,乡村旅游重点村,unknown,pending,第一批全国乡村旅游重点村,https://www.mct.gov.cn/tourism/#/list,API目录ID-36/2026-09-04,,,尚未映射到可回跳的知识库景点卡,,,1,CN-POOL-20260904-r0,MCT内容ID=13367；来源文件=content_36.json
CN-P-000876,804472192a2c8798b636ec4219fe59497b774fede913b929597dbbcf3bf02cc2,荣昌区万灵镇大荣寨社区,,重庆市,,,非A,乡村旅游重点村,unknown,pending,第一批全国乡村旅游重点村,https://www.mct.gov.cn/tourism/#/list,API目录ID-36/2026-09-04,,,尚未映射到可回跳的知识库景点卡,,,1,CN-POOL-20260904-r0,MCT内容ID=13368；来源文件=content_36.json
CN-P-000877,df2fb8961644c7cb2dc3f377984a7643e5b3f4127343695179ae2e4f513d6b19,巫溪县古路镇观峰村,,重庆市,,,非A,乡村旅游重点村,unknown,pending,第一批全国乡村旅游重点村,https://www.mct.gov.cn/tourism/#/list,API目录ID-36/2026-09-04,,,尚未映射到可回跳的知识库景点卡,,,1,CN-POOL-20260904-r0,MCT内容ID=13369；来源文件=content_36.json
CN-P-000878,ea533ac34ceb1a150b58eea7bc2d0ff2f69cbfd85f8c2e04edf41305ae45cf26,成都市蒲江县甘溪镇明月村,,四川省,,,非A,乡村旅游重点村,unknown,pending,第一批全国乡村旅游重点村,https://www.mct.gov.cn/tourism/#/list,API目录ID-36/2026-09-04,,,尚未映射到可回跳的知识库景点卡,,,1,CN-POOL-20260904-r0,MCT内容ID=13370；来源文件=content_36.json
CN-P-000879,cc8561dcff1e3c9f05af16d40e4cdb391bbc66da80905e7de82fbd5f644b3b02,德阳市绵竹市孝德镇年画村,,四川省,,,非A,乡村旅游重点村,unknown,pending,第一批全国乡村旅游重点村,https://www.mct.gov.cn/tourism/#/list,API目录ID-36/2026-09-04,,,尚未映射到可回跳的知识库景点卡,,,1,CN-POOL-20260904-r0,MCT内容ID=13371；来源文件=content_36.json
CN-P-000880,82e5ebeab65174a9d35876fe741610c257895e87d1137c414e47c9cac11a40f8,成都市郫都区唐昌街道战旗村,,四川省,,,非A,乡村旅游重点村,unknown,pending,第一批全国乡村旅游重点村,https://www.mct.gov.cn/tourism/#/list,API目录ID-36/2026-09-04,,,尚未映射到可回跳的知识库景点卡,,,1,CN-POOL-20260904-r0,MCT内容ID=13372；来源文件=content_36.json
CN-P-000881,72baf5df2617221ced3d64ef30d1a38f45179ca509680df59a58c557d4c7d447,凉山彝族自治州昭觉县支尓莫乡阿土列尔村,,四川省,,,非A,乡村旅游重点村,unknown,pending,第一批全国乡村旅游重点村,https://www.mct.gov.cn/tourism/#/list,API目录ID-36/2026-09-04,,,尚未映射到可回跳的知识库景点卡,,,1,CN-POOL-20260904-r0,MCT内容ID=13373；来源文件=content_36.json
CN-P-000882,8242231d72c5b8ebed6ed0587d83d568ca53b4b8c68b35aafe1fa761627e2930,眉山市丹棱县顺龙乡幸福村,,四川省,,,非A,乡村旅游重点村,unknown,pending,第一批全国乡村旅游重点村,https://www.mct.gov.cn/tourism/#/list,API目录ID-36/2026-09-04,,,尚未映射到可回跳的知识库景点卡,,,1,CN-POOL-20260904-r0,MCT内容ID=13374；来源文件=content_36.json
CN-P-000883,b8af2448a0f39087d2eb978d37b0c0baf2a53f9ca0964d8fc9d8d11b7b54c379,甘孜藏族自治州丹巴县聂呷乡甲居二村,,四川省,,,非A,乡村旅游重点村,unknown,pending,第一批全国乡村旅游重点村,https://www.mct.gov.cn/tourism/#/list,API目录ID-36/2026-09-04,,,尚未映射到可回跳的知识库景点卡,,,1,CN-POOL-20260904-r0,MCT内容ID=13375；来源文件=content_36.json
CN-P-000884,28762cbd19bbebee568472f707f7d4cbe1d35c9e1abe260ea156df5ce537fbd5,成都市彭州市龙门山镇宝山村,,四川省,,,非A,乡村旅游重点村,unknown,pending,第一批全国乡村旅游重点村,https://www.mct.gov.cn/tourism/#/list,API目录ID-36/2026-09-04,,,尚未映射到可回跳的知识库景点卡,,,1,CN-POOL-20260904-r0,MCT内容ID=13376；来源文件=content_36.json
CN-P-000885,62d8979922c5be44b39e49490e5253c2b4df8fcde82c8a449fb49eac5c6b4c5b,乐山市峨边县黑竹沟镇底底古村,,四川省,,,非A,乡村旅游重点村,unknown,pending,第一批全国乡村旅游重点村,https://www.mct.gov.cn/tourism/#/list,API目录ID-36/2026-09-04,,,尚未映射到可回跳的知识库景点卡,,,1,CN-POOL-20260904-r0,MCT内容ID=13377；来源文件=content_36.json
CN-P-000886,3e934311bc4113fb3fdf38e5da7014665972b838c0add46b0c381e696ff4962a,南充市阆中市天林乡五龙村,,四川省,,,非A,乡村旅游重点村,unknown,pending,第一批全国乡村旅游重点村,https://www.mct.gov.cn/tourism/#/list,API目录ID-36/2026-09-04,,,尚未映射到可回跳的知识库景点卡,,,1,CN-POOL-20260904-r0,MCT内容ID=13378；来源文件=content_36.json
CN-P-000887,5ca3c3854a235b3d25f81ffebd18e7b0908e285f981af3ab39eb357e68317c40,成都市都江堰市柳街镇七里社区,,四川省,,,非A,乡村旅游重点村,unknown,pending,第一批全国乡村旅游重点村,https://www.mct.gov.cn/tourism/#/list,API目录ID-36/2026-09-04,,,尚未映射到可回跳的知识库景点卡,,,1,CN-POOL-20260904-r0,MCT内容ID=13379；来源文件=content_36.json
CN-P-000888,db671f11a6ea5efc474e77598d815d689ae5b6abdd0262afd15248ec70de1d3b,泸州市纳溪区大渡口镇民强村,,四川省,,,非A,乡村旅游重点村,unknown,pending,第一批全国乡村旅游重点村,https://www.mct.gov.cn/tourism/#/list,API目录ID-36/2026-09-04,,,尚未映射到可回跳的知识库景点卡,,,1,CN-POOL-20260904-r0,MCT内容ID=13380；来源文件=content_36.json
CN-P-000889,31c6f12d64c337f60f1a237acce1e62485ee76305ee21ed96078e7dd91d822da,达州市宣汉县三墩土家族乡大窝村,,四川省,,,非A,乡村旅游重点村,unknown,pending,第一批全国乡村旅游重点村,https://www.mct.gov.cn/tourism/#/list,API目录ID-36/2026-09-04,,,尚未映射到可回跳的知识库景点卡,,,1,CN-POOL-20260904-r0,MCT内容ID=13381；来源文件=content_36.json
CN-P-000890,1d3abff19c139cfc2146e1f22a3a1753720a9f539d5628002952d6cc8d29e5aa,遵义市播州区枫香镇花茂村,,贵州省,,,非A,乡村旅游重点村,unknown,pending,第一批全国乡村旅游重点村,https://www.mct.gov.cn/tourism/#/list,API目录ID-36/2026-09-04,,,尚未映射到可回跳的知识库景点卡,,,1,CN-POOL-20260904-r0,MCT内容ID=13382；来源文件=content_36.json
CN-P-000891,4e218f35a0fba6ba120ff8f21f78cb7819157e8fe08c439c5239aa2cb7380716,铜仁市江口县太平镇云舍村,,贵州省,,,非A,乡村旅游重点村,unknown,pending,第一批全国乡村旅游重点村,https://www.mct.gov.cn/tourism/#/list,API目录ID-36/2026-09-04,,,尚未映射到可回跳的知识库景点卡,,,1,CN-POOL-20260904-r0,MCT内容ID=13383；来源文件=content_36.json
CN-P-000892,5f6857fa7ef3d6a2b472503907d6d7690ea3a517229301bec4dfb660f1b2fd31,黔东南苗族侗族自治州台江县老屯乡长滩村,,贵州省,,,非A,乡村旅游重点村,unknown,pending,第一批全国乡村旅游重点村,https://www.mct.gov.cn/tourism/#/list,API目录ID-36/2026-09-04,,,尚未映射到可回跳的知识库景点卡,,,1,CN-POOL-20260904-r0,MCT内容ID=13384；来源文件=content_36.json
CN-P-000893,80b27eef4e3a5f40636c96f7a6b25225049a00790efa4a47ed7c41ec795d0f9c,六盘水市盘州市淤泥乡岩博村,,贵州省,,,非A,乡村旅游重点村,unknown,pending,第一批全国乡村旅游重点村,https://www.mct.gov.cn/tourism/#/list,API目录ID-36/2026-09-04,,,尚未映射到可回跳的知识库景点卡,,,1,CN-POOL-20260904-r0,MCT内容ID=13385；来源文件=content_36.json
CN-P-000894,6cfb9babfee179de1b6213fda29aa09ed821d63c564f915ea7c0966860eed036,安顺市平坝区乐平镇塘约村,,贵州省,,,非A,乡村旅游重点村,unknown,pending,第一批全国乡村旅游重点村,https://www.mct.gov.cn/tourism/#/list,API目录ID-36/2026-09-04,,,尚未映射到可回跳的知识库景点卡,,,1,CN-POOL-20260904-r0,MCT内容ID=13386；来源文件=content_36.json
CN-P-000895,de0d5aaee145a22554c9d4aacab3b21500cccab0637b9de5ec0666a92c9620d7,黔南布依族苗族自治州惠水县好花红镇好花红村,,贵州省,,,非A,乡村旅游重点村,unknown,pending,第一批全国乡村旅游重点村,https://www.mct.gov.cn/tourism/#/list,API目录ID-36/2026-09-04,,,尚未映射到可回跳的知识库景点卡,,,1,CN-POOL-20260904-r0,MCT内容ID=13387；来源文件=content_36.json
CN-P-000896,fa1bd807eb7d04cbf9f9b342383c372a66494fdc3dd4540dc8b733daea89ccc5,遵义市播州区平正仡佬族乡团结村,,贵州省,,,非A,乡村旅游重点村,unknown,pending,第一批全国乡村旅游重点村,https://www.mct.gov.cn/tourism/#/list,API目录ID-36/2026-09-04,,,尚未映射到可回跳的知识库景点卡,,,1,CN-POOL-20260904-r0,MCT内容ID=13388；来源文件=content_36.json
CN-P-000897,7fe5a1c4487fd0429ddb62ff50fccc4d2876fcd0db679771f3ed3b7111fa6781,遵义市新蒲新区新舟镇槐安村,,贵州省,,,非A,乡村旅游重点村,unknown,pending,第一批全国乡村旅游重点村,https://www.mct.gov.cn/tourism/#/list,API目录ID-36/2026-09-04,,,尚未映射到可回跳的知识库景点卡,,,1,CN-POOL-20260904-r0,MCT内容ID=13389；来源文件=content_36.json
CN-P-000898,1c0c8c53ee0e4798c72045a7ecd74ae7052f37d5ae9a356ed390d8d7edf9cf9a,贵阳市开阳县南江布依族苗族乡龙广村,,贵州省,,,非A,乡村旅游重点村,unknown,pending,第一批全国乡村旅游重点村,https://www.mct.gov.cn/tourism/#/list,API目录ID-36/2026-09-04,,,尚未映射到可回跳的知识库景点卡,,,1,CN-POOL-20260904-r0,MCT内容ID=13390；来源文件=content_36.json
CN-P-000899,ebdf84bb65c138c35417342738b51c8b9bed48384f4b53c0303a8f508cb249c5,黔西南布依族苗族自治州兴义市万峰林街道上纳灰村,,贵州省,,,非A,乡村旅游重点村,unknown,pending,第一批全国乡村旅游重点村,https://www.mct.gov.cn/tourism/#/list,API目录ID-36/2026-09-04,,,尚未映射到可回跳的知识库景点卡,,,1,CN-POOL-20260904-r0,MCT内容ID=13391；来源文件=content_36.json
CN-P-000900,6b0c5c4ff2568c939433dc784b8070a4261118b0a36079c5cb61d037b8fad5d9,六盘水市水城县蟠龙镇百车河村,,贵州省,,,非A,乡村旅游重点村,unknown,pending,第一批全国乡村旅游重点村,https://www.mct.gov.cn/tourism/#/list,API目录ID-36/2026-09-04,,,尚未映射到可回跳的知识库景点卡,,,1,CN-POOL-20260904-r0,MCT内容ID=13392；来源文件=content_36.json
CN-P-000901,f9e03886909d32c632026e54cd0ee99160b4b26b6a9297c170b072a1cc6642f3,毕节市大方县核桃乡木寨村,,贵州省,,,非A,乡村旅游重点村,unknown,pending,第一批全国乡村旅游重点村,https://www.mct.gov.cn/tourism/#/list,API目录ID-36/2026-09-04,,,尚未映射到可回跳的知识库景点卡,,,1,CN-POOL-20260904-r0,MCT内容ID=13393；来源文件=content_36.json
CN-P-000902,23d73c6c6d165f46cc0a3b0b5f695bf40d73691e765ffecf0d786887bbdca7b4,大理白族自治州大理市双廊镇双廊村,,云南省,,,非A,乡村旅游重点村,unknown,pending,第一批全国乡村旅游重点村,https://www.mct.gov.cn/tourism/#/list,API目录ID-36/2026-09-04,,,尚未映射到可回跳的知识库景点卡,,,1,CN-POOL-20260904-r0,MCT内容ID=13394；来源文件=content_36.json
CN-P-000903,65ff670d3ef74e7bd010521d9cdc9403aa99341d66b5ad664df1ede2fdd64a28,大理白族自治州大理市双廊镇大建旁村,,云南省,,,非A,乡村旅游重点村,unknown,pending,第一批全国乡村旅游重点村,https://www.mct.gov.cn/tourism/#/list,API目录ID-36/2026-09-04,,,尚未映射到可回跳的知识库景点卡,,,1,CN-POOL-20260904-r0,MCT内容ID=13395；来源文件=content_36.json
CN-P-000904,e66c4cb78a988764965378ffdbd1e59bd5d970be7967f9ad4dc2836dd9ea022c,文山壮族苗族自治州丘北县双龙营镇仙人洞村,,云南省,,,非A,乡村旅游重点村,unknown,pending,第一批全国乡村旅游重点村,https://www.mct.gov.cn/tourism/#/list,API目录ID-36/2026-09-04,,,尚未映射到可回跳的知识库景点卡,,,1,CN-POOL-20260904-r0,MCT内容ID=13396；来源文件=content_36.json
CN-P-000905,0515749f927c9c1df108a65c3ede7c7e1f886661ac8e6886a957e601ca57c1d9,普洱市宁洱哈尼族彝族自治县同心镇那柯里村,,云南省,,,非A,乡村旅游重点村,unknown,pending,第一批全国乡村旅游重点村,https://www.mct.gov.cn/tourism/#/list,API目录ID-36/2026-09-04,,,尚未映射到可回跳的知识库景点卡,,,1,CN-POOL-20260904-r0,MCT内容ID=13397；来源文件=content_36.json
CN-P-000906,0c5fe0aa0781e9a7d104e88d6cc830f924b5f1bdf2949f4c78946579a4e0ba67,昆明市安宁市温泉街道温泉小村,,云南省,,,非A,乡村旅游重点村,unknown,pending,第一批全国乡村旅游重点村,https://www.mct.gov.cn/tourism/#/list,API目录ID-36/2026-09-04,,,尚未映射到可回跳的知识库景点卡,,,1,CN-POOL-20260904-r0,MCT内容ID=13398；来源文件=content_36.json
CN-P-000907,629a942ffc80505debf2c593394c98adc540d91755d4e28af37f15f13bdafb39,红河哈尼族彝族自治州建水县西庄镇团山村,,云南省,,,非A,乡村旅游重点村,unknown,pending,第一批全国乡村旅游重点村,https://www.mct.gov.cn/tourism/#/list,API目录ID-36/2026-09-04,,,尚未映射到可回跳的知识库景点卡,,,1,CN-POOL-20260904-r0,MCT内容ID=13399；来源文件=content_36.json
CN-P-000908,0285363f531e38927200321f2addc18a7391f953654493879a5a6efc578b3600,昆明市宜良县耿家营乡河湾村,,云南省,,,非A,乡村旅游重点村,unknown,pending,第一批全国乡村旅游重点村,https://www.mct.gov.cn/tourism/#/list,API目录ID-36/2026-09-04,,,尚未映射到可回跳的知识库景点卡,,,1,CN-POOL-20260904-r0,MCT内容ID=13400；来源文件=content_36.json
CN-P-000909,1ed7f39407418314f4d9855783cb0e99d95b3cb269c94cb524b35f657824ac1a,西双版纳傣族自治州勐海县打洛镇勐景来村,,云南省,,,非A,乡村旅游重点村,unknown,pending,第一批全国乡村旅游重点村,https://www.mct.gov.cn/tourism/#/list,API目录ID-36/2026-09-04,,,尚未映射到可回跳的知识库景点卡,,,1,CN-POOL-20260904-r0,MCT内容ID=13401；来源文件=content_36.json
CN-P-000910,2949a48a99fb00931c6aed4dc36defd1c2e726cb34106e1c40e916492d350b8e,玉溪市红塔区大营街道大营街社区,,云南省,,,非A,乡村旅游重点村,unknown,pending,第一批全国乡村旅游重点村,https://www.mct.gov.cn/tourism/#/list,API目录ID-36/2026-09-04,,,尚未映射到可回跳的知识库景点卡,,,1,CN-POOL-20260904-r0,MCT内容ID=13402；来源文件=content_36.json
CN-P-000911,d60a9ad16ac6214a21d4eb27c2fd9e4f036444e06e5f029cfedec8ccf1e94077,丽江市古城区大研街道义尚社区文林村民小组,,云南省,,,非A,乡村旅游重点村,unknown,pending,第一批全国乡村旅游重点村,https://www.mct.gov.cn/tourism/#/list,API目录ID-36/2026-09-04,,,尚未映射到可回跳的知识库景点卡,,,1,CN-POOL-20260904-r0,MCT内容ID=13403；来源文件=content_36.json
CN-P-000912,54dcda05a8399cb9474b82adaa7cb42bf6c50edae4a9811fc67924e518885bba,西双版纳傣族自治州勐腊县勐腊镇曼龙勒村民小组,,云南省,,,非A,乡村旅游重点村,unknown,pending,第一批全国乡村旅游重点村,https://www.mct.gov.cn/tourism/#/list,API目录ID-36/2026-09-04,,,尚未映射到可回跳的知识库景点卡,,,1,CN-POOL-20260904-r0,MCT内容ID=13404；来源文件=content_36.json
CN-P-000913,7ab12004bae7282563faae072f87da6d4235f7fb3f32ea6b53b28ea7e4fee1a6,曲靖市罗平县鲁布革乡腊者村,,云南省,,,非A,乡村旅游重点村,unknown,pending,第一批全国乡村旅游重点村,https://www.mct.gov.cn/tourism/#/list,API目录ID-36/2026-09-04,,,尚未映射到可回跳的知识库景点卡,,,1,CN-POOL-20260904-r0,MCT内容ID=13405；来源文件=content_36.json
CN-P-000914,963371d50807d55dbfdf933425fc4377adaf2ff108439c9740bced0b3c10ba4b,普洱市思茅区南屏镇曼连社区高家寨村民小组,,云南省,,,非A,乡村旅游重点村,unknown,pending,第一批全国乡村旅游重点村,https://www.mct.gov.cn/tourism/#/list,API目录ID-36/2026-09-04,,,尚未映射到可回跳的知识库景点卡,,,1,CN-POOL-20260904-r0,MCT内容ID=13406；来源文件=content_36.json
CN-P-000915,e7b904f73f138b9f6e999ebe53bdb0abcd13e0424dcf3757c8689480e57824fe,拉萨市尼木县卡如乡卡如村,,西藏自治区,,,非A,乡村旅游重点村,unknown,pending,第一批全国乡村旅游重点村,https://www.mct.gov.cn/tourism/#/list,API目录ID-36/2026-09-04,,,尚未映射到可回跳的知识库景点卡,,,1,CN-POOL-20260904-r0,MCT内容ID=13407；来源文件=content_36.json
CN-P-000916,6eb8d0cc0c54de95824ed9e120d242d6e1224c83d9bf7a00641922e83c32a3dc,林芝市波密县古乡巴卡村,,西藏自治区,,,非A,乡村旅游重点村,unknown,pending,第一批全国乡村旅游重点村,https://www.mct.gov.cn/tourism/#/list,API目录ID-36/2026-09-04,,,尚未映射到可回跳的知识库景点卡,,,1,CN-POOL-20260904-r0,MCT内容ID=13408；来源文件=content_36.json
CN-P-000917,b2b140d29805ea8e014c07d8942c4951262f15133cdfa324384dcf2c213d7ee5,林芝市巴宜区林芝镇真巴村,,西藏自治区,,,非A,乡村旅游重点村,unknown,pending,第一批全国乡村旅游重点村,https://www.mct.gov.cn/tourism/#/list,API目录ID-36/2026-09-04,,,尚未映射到可回跳的知识库景点卡,,,1,CN-POOL-20260904-r0,MCT内容ID=13409；来源文件=content_36.json
CN-P-000918,1c076ca157b5b6f2574328d11e9510786eb43f323856509bb53aa4f109e45309,昌都市江达县岗托镇岗托村,,西藏自治区,,,非A,乡村旅游重点村,unknown,pending,第一批全国乡村旅游重点村,https://www.mct.gov.cn/tourism/#/list,API目录ID-36/2026-09-04,,,尚未映射到可回跳的知识库景点卡,,,1,CN-POOL-20260904-r0,MCT内容ID=13410；来源文件=content_36.json
CN-P-000919,4b1176fdd8b719d77a0f883e11d54489ff77a1a6c5e1edb76d5489da957a4001,那曲市尼玛县文部乡南村,,西藏自治区,,,非A,乡村旅游重点村,unknown,pending,第一批全国乡村旅游重点村,https://www.mct.gov.cn/tourism/#/list,API目录ID-36/2026-09-04,,,尚未映射到可回跳的知识库景点卡,,,1,CN-POOL-20260904-r0,MCT内容ID=13411；来源文件=content_36.json
CN-P-000920,53cc8891c894f6f609f35fb0132ca661499d22bd3e2b195a590fbd41d6ba8e36,拉萨市当雄县羊八井镇巴嘎村,,西藏自治区,,,非A,乡村旅游重点村,unknown,pending,第一批全国乡村旅游重点村,https://www.mct.gov.cn/tourism/#/list,API目录ID-36/2026-09-04,,,尚未映射到可回跳的知识库景点卡,,,1,CN-POOL-20260904-r0,MCT内容ID=13412；来源文件=content_36.json
CN-P-000921,c783a0ac9ee7d40ce02f663e0a23803275c679cc0c5bf52aa24b9ffe8e6e46e5,拉萨市达孜区德庆镇白纳村,,西藏自治区,,,非A,乡村旅游重点村,unknown,pending,第一批全国乡村旅游重点村,https://www.mct.gov.cn/tourism/#/list,API目录ID-36/2026-09-04,,,尚未映射到可回跳的知识库景点卡,,,1,CN-POOL-20260904-r0,MCT内容ID=13413；来源文件=content_36.json
CN-P-000922,ed3a2b7554b55c5324a7bad81cf0ba2aeb04475b2f4df6c4e0fdec626862d511,山南市隆子县玉麦乡玉麦村,,西藏自治区,,,非A,乡村旅游重点村,unknown,pending,第一批全国乡村旅游重点村,https://www.mct.gov.cn/tourism/#/list,API目录ID-36/2026-09-04,,,尚未映射到可回跳的知识库景点卡,,,1,CN-POOL-20260904-r0,MCT内容ID=13414；来源文件=content_36.json
CN-P-000923,5c25b9ca153a1584afaf2b9cfe53b7d8687de3964b1d4249ff4c5bf74ab2350e,山南市错那县麻麻门巴民族乡麻麻村,,西藏自治区,,,非A,乡村旅游重点村,unknown,pending,第一批全国乡村旅游重点村,https://www.mct.gov.cn/tourism/#/list,API目录ID-36/2026-09-04,,,尚未映射到可回跳的知识库景点卡,,,1,CN-POOL-20260904-r0,MCT内容ID=13415；来源文件=content_36.json
CN-P-000924,394a506fdb455a07d5b173bac4452ab857b524d7b155f76db4b88dacbf777e11,咸阳市礼泉县烟霞镇袁家村,,陕西省,,,非A,乡村旅游重点村,unknown,pending,第一批全国乡村旅游重点村,https://www.mct.gov.cn/tourism/#/list,API目录ID-36/2026-09-04,,,尚未映射到可回跳的知识库景点卡,,,1,CN-POOL-20260904-r0,MCT内容ID=13416；来源文件=content_36.json
CN-P-000925,165a99358e48dfd9e6707090e59424385bc0fa1ba63853fa81acf2680c01152b,商洛市商南县金丝峡镇太子坪村,,陕西省,,,非A,乡村旅游重点村,unknown,pending,第一批全国乡村旅游重点村,https://www.mct.gov.cn/tourism/#/list,API目录ID-36/2026-09-04,,,尚未映射到可回跳的知识库景点卡,,,1,CN-POOL-20260904-r0,MCT内容ID=13417；来源文件=content_36.json
CN-P-000926,150cb3a7863973045e1554bb47d179b04bade09010e527d09cb1d979fb1baf10,商洛市柞水县营盘镇朱家湾村,,陕西省,,,非A,乡村旅游重点村,unknown,pending,第一批全国乡村旅游重点村,https://www.mct.gov.cn/tourism/#/list,API目录ID-36/2026-09-04,,,尚未映射到可回跳的知识库景点卡,,,1,CN-POOL-20260904-r0,MCT内容ID=13418；来源文件=content_36.json
CN-P-000927,ea47f08d2d1ac1583c9f335241d215d355325e2c37c22b103e642494e08ab4c7,榆林市佳县坑镇赤牛坬村,,陕西省,,,非A,乡村旅游重点村,unknown,pending,第一批全国乡村旅游重点村,https://www.mct.gov.cn/tourism/#/list,API目录ID-36/2026-09-04,,,尚未映射到可回跳的知识库景点卡,,,1,CN-POOL-20260904-r0,MCT内容ID=13419；来源文件=content_36.json
CN-P-000928,b09d5a9301dbb2152b268395a2ed93e0953dccff9642948f708c94ee01c79c09,铜川市耀州区石柱镇马咀村,,陕西省,,,非A,乡村旅游重点村,unknown,pending,第一批全国乡村旅游重点村,https://www.mct.gov.cn/tourism/#/list,API目录ID-36/2026-09-04,,,尚未映射到可回跳的知识库景点卡,,,1,CN-POOL-20260904-r0,MCT内容ID=13420；来源文件=content_36.json
CN-P-000929,e3c4c2b290a092a2a7a810ff0d5747e3a962b3fb52299fc97c67e34ad73bc062,渭南市白水县杜康镇和家卓村,,陕西省,,,非A,乡村旅游重点村,unknown,pending,第一批全国乡村旅游重点村,https://www.mct.gov.cn/tourism/#/list,API目录ID-36/2026-09-04,,,尚未映射到可回跳的知识库景点卡,,,1,CN-POOL-20260904-r0,MCT内容ID=13421；来源文件=content_36.json
CN-P-000930,e8c2189433472b0d2d7e85b4ea2c98df9fba4305a2fe09f052fbf635cb75c658,汉中市留坝县火烧店镇堰坎村,,陕西省,,,非A,乡村旅游重点村,unknown,pending,第一批全国乡村旅游重点村,https://www.mct.gov.cn/tourism/#/list,API目录ID-36/2026-09-04,,,尚未映射到可回跳的知识库景点卡,,,1,CN-POOL-20260904-r0,MCT内容ID=13422；来源文件=content_36.json
CN-P-000931,e1ec9b4c6fa02b7bc6e63ddb5bfd2063ea3057735cfa3c9984c80e73df52b550,安康市石泉县饶峰镇胜利村,,陕西省,,,非A,乡村旅游重点村,unknown,pending,第一批全国乡村旅游重点村,https://www.mct.gov.cn/tourism/#/list,API目录ID-36/2026-09-04,,,尚未映射到可回跳的知识库景点卡,,,1,CN-POOL-20260904-r0,MCT内容ID=13423；来源文件=content_36.json
CN-P-000932,0427c7ef4ecae6d3a544be5c7ab81e108c54dad8b0542c71935939f2ec7e0f56,宝鸡市太白县黄柏塬镇黄柏塬村,,陕西省,,,非A,乡村旅游重点村,unknown,pending,第一批全国乡村旅游重点村,https://www.mct.gov.cn/tourism/#/list,API目录ID-36/2026-09-04,,,尚未映射到可回跳的知识库景点卡,,,1,CN-POOL-20260904-r0,MCT内容ID=13424；来源文件=content_36.json
CN-P-000933,0af2a53947ad06ca86fbec3411ab2eeeffd192956c85f44e0f22540c2d9a6b30,韩城市西庄镇党家村,,陕西省,,,非A,乡村旅游重点村,unknown,pending,第一批全国乡村旅游重点村,https://www.mct.gov.cn/tourism/#/list,API目录ID-36/2026-09-04,,,尚未映射到可回跳的知识库景点卡,,,1,CN-POOL-20260904-r0,MCT内容ID=13425；来源文件=content_36.json
CN-P-000934,d310af056cce0afcc67716554dae6997b4b6631b2c48cbfa035ea358eeb52c90,安康市岚皋县四季镇天坪村,,陕西省,,,非A,乡村旅游重点村,unknown,pending,第一批全国乡村旅游重点村,https://www.mct.gov.cn/tourism/#/list,API目录ID-36/2026-09-04,,,尚未映射到可回跳的知识库景点卡,,,1,CN-POOL-20260904-r0,MCT内容ID=13426；来源文件=content_36.json
CN-P-000935,787283526d62630041895ba2fad7c2e8bbf9c87f5733513b0aaab12e2c128f19,酒泉市敦煌市月牙泉镇月牙泉村,,甘肃省,,,非A,乡村旅游重点村,unknown,pending,第一批全国乡村旅游重点村,https://www.mct.gov.cn/tourism/#/list,API目录ID-36/2026-09-04,,,尚未映射到可回跳的知识库景点卡,,,1,CN-POOL-20260904-r0,MCT内容ID=13427；来源文件=content_36.json
CN-P-000936,c50a5d01c298504d2e3958d7604d254609184761ee0a59dc803fd6bb67970a6d,庆阳市华池县南梁镇荔园堡村,,甘肃省,,,非A,乡村旅游重点村,unknown,pending,第一批全国乡村旅游重点村,https://www.mct.gov.cn/tourism/#/list,API目录ID-36/2026-09-04,,,尚未映射到可回跳的知识库景点卡,,,1,CN-POOL-20260904-r0,MCT内容ID=13428；来源文件=content_36.json
CN-P-000937,d02dace10de3f5c248cfd1016b89d665de22d17952585663a85c09937c7c081b,甘南藏族自治州卓尼县木耳镇博峪村,,甘肃省,,,非A,乡村旅游重点村,unknown,pending,第一批全国乡村旅游重点村,https://www.mct.gov.cn/tourism/#/list,API目录ID-36/2026-09-04,,,尚未映射到可回跳的知识库景点卡,,,1,CN-POOL-20260904-r0,MCT内容ID=13429；来源文件=content_36.json
CN-P-000938,9a11794e0c2a508fa72f4edf667b4b4a832bb8eca1fbac1e7f6a4bc4b5a41369,武威市天祝藏族自治县天堂镇天堂村,,甘肃省,,,非A,乡村旅游重点村,unknown,pending,第一批全国乡村旅游重点村,https://www.mct.gov.cn/tourism/#/list,API目录ID-36/2026-09-04,,,尚未映射到可回跳的知识库景点卡,,,1,CN-POOL-20260904-r0,MCT内容ID=13430；来源文件=content_36.json
CN-P-000939,fa9d4b0af098c8a91752f4cc62456ce46b8ea7037542a993166b369b343bc4ea,临夏回族自治州临夏市折桥镇折桥村,,甘肃省,,,非A,乡村旅游重点村,unknown,pending,第一批全国乡村旅游重点村,https://www.mct.gov.cn/tourism/#/list,API目录ID-36/2026-09-04,,,尚未映射到可回跳的知识库景点卡,,,1,CN-POOL-20260904-r0,MCT内容ID=13431；来源文件=content_36.json
CN-P-000940,2efada55042cf02b3a86e4e0c4ba4da2808389730814d41d29970ed5294bf0b8,甘南藏族自治州碌曲县尕海乡尕秀村,,甘肃省,,,非A,乡村旅游重点村,unknown,pending,第一批全国乡村旅游重点村,https://www.mct.gov.cn/tourism/#/list,API目录ID-36/2026-09-04,,,尚未映射到可回跳的知识库景点卡,,,1,CN-POOL-20260904-r0,MCT内容ID=13432；来源文件=content_36.json
CN-P-000941,2c005d3c837fc24495a85cab88b041a8ee741430ab73259f2d10a30c0780e6ec,酒泉市敦煌市阳关镇龙勒村,,甘肃省,,,非A,乡村旅游重点村,unknown,pending,第一批全国乡村旅游重点村,https://www.mct.gov.cn/tourism/#/list,API目录ID-36/2026-09-04,,,尚未映射到可回跳的知识库景点卡,,,1,CN-POOL-20260904-r0,MCT内容ID=13433；来源文件=content_36.json
CN-P-000942,d026730f3321e83d2adec6c37b56d39e318957c2b36b677a52da15ed2c39e312,陇南市康县长坝镇花桥村,,甘肃省,,,非A,乡村旅游重点村,unknown,pending,第一批全国乡村旅游重点村,https://www.mct.gov.cn/tourism/#/list,API目录ID-36/2026-09-04,,,尚未映射到可回跳的知识库景点卡,,,1,CN-POOL-20260904-r0,MCT内容ID=13434；来源文件=content_36.json
CN-P-000943,45623f577ca5538cf5b8aff6d2bd73946a0b5f42819e69fc35f08ad4193d31ad,张掖市民乐县民联镇东寨村,,甘肃省,,,非A,乡村旅游重点村,unknown,pending,第一批全国乡村旅游重点村,https://www.mct.gov.cn/tourism/#/list,API目录ID-36/2026-09-04,,,尚未映射到可回跳的知识库景点卡,,,1,CN-POOL-20260904-r0,MCT内容ID=13435；来源文件=content_36.json
CN-P-000944,2f244de0e85e91bed208cbe62e2169fc9c35e8ffba7e1fea20effa618fb4be23,甘南藏族自治州夏河县曲奥乡香告村,,甘肃省,,,非A,乡村旅游重点村,unknown,pending,第一批全国乡村旅游重点村,https://www.mct.gov.cn/tourism/#/list,API目录ID-36/2026-09-04,,,尚未映射到可回跳的知识库景点卡,,,1,CN-POOL-20260904-r0,MCT内容ID=13436；来源文件=content_36.json
CN-P-000945,fae0b504b834cf10f7a6396f988d014d91e9add49a298ec76dc6c19cd32df33f,庆阳市西峰区显胜乡毛寺村,,甘肃省,,,非A,乡村旅游重点村,unknown,pending,第一批全国乡村旅游重点村,https://www.mct.gov.cn/tourism/#/list,API目录ID-36/2026-09-04,,,尚未映射到可回跳的知识库景点卡,,,1,CN-POOL-20260904-r0,MCT内容ID=13437；来源文件=content_36.json
CN-P-000946,1c2a9ba6b46f04856aeab7c2625af201e9a882d4222cc6b81961efec53b090ca,张掖市临泽县板桥镇红沟村,,甘肃省,,,非A,乡村旅游重点村,unknown,pending,第一批全国乡村旅游重点村,https://www.mct.gov.cn/tourism/#/list,API目录ID-36/2026-09-04,,,尚未映射到可回跳的知识库景点卡,,,1,CN-POOL-20260904-r0,MCT内容ID=13438；来源文件=content_36.json
CN-P-000947,564d34c44ca91dfe751c0f4dc76383a850503b76346fc30df92e51255696dab1,西宁市湟中县拦隆口镇拦一村,,青海省,,,非A,乡村旅游重点村,unknown,pending,第一批全国乡村旅游重点村,https://www.mct.gov.cn/tourism/#/list,API目录ID-36/2026-09-04,,,尚未映射到可回跳的知识库景点卡,,,1,CN-POOL-20260904-r0,MCT内容ID=13439；来源文件=content_36.json
CN-P-000948,1ff9a4d479b15ff6cd2ef8a6e0e72b5c76fe507b163d2bf121dbd4dead42c17d,海东市互助土族自治县东和乡麻吉村,,青海省,,,非A,乡村旅游重点村,unknown,pending,第一批全国乡村旅游重点村,https://www.mct.gov.cn/tourism/#/list,API目录ID-36/2026-09-04,,,尚未映射到可回跳的知识库景点卡,,,1,CN-POOL-20260904-r0,MCT内容ID=13440；来源文件=content_36.json
CN-P-000949,dc2d16c4b2bcf302d8643300576e37bbc3b400b51db9c755f1b4721c23910fc4,西宁市湟中县土门关乡上山庄村,,青海省,,,非A,乡村旅游重点村,unknown,pending,第一批全国乡村旅游重点村,https://www.mct.gov.cn/tourism/#/list,API目录ID-36/2026-09-04,,,尚未映射到可回跳的知识库景点卡,,,1,CN-POOL-20260904-r0,MCT内容ID=13441；来源文件=content_36.json
CN-P-000950,9b7fed97933a126e0e043a80df92e21ea36de39b26677de0de5a8356b1201cb4,西宁市大通回族土族自治县朔北藏族乡边麻沟村,,青海省,,,非A,乡村旅游重点村,unknown,pending,第一批全国乡村旅游重点村,https://www.mct.gov.cn/tourism/#/list,API目录ID-36/2026-09-04,,,尚未映射到可回跳的知识库景点卡,,,1,CN-POOL-20260904-r0,MCT内容ID=13442；来源文件=content_36.json
CN-P-000951,a34913cc335efa3f463c518cafd0677378a79ab21364d4cc70d114e50c3be684,西宁市湟中县田家寨镇田家寨村,,青海省,,,非A,乡村旅游重点村,unknown,pending,第一批全国乡村旅游重点村,https://www.mct.gov.cn/tourism/#/list,API目录ID-36/2026-09-04,,,尚未映射到可回跳的知识库景点卡,,,1,CN-POOL-20260904-r0,MCT内容ID=13443；来源文件=content_36.json
CN-P-000952,73c29ced28d6c8a3fb905c641156091709456c19d4e763798506ebb749ca3d12,海西蒙古族藏族自治州乌兰县茶卡镇莫河骆驼场,,青海省,,,非A,乡村旅游重点村,unknown,pending,第一批全国乡村旅游重点村,https://www.mct.gov.cn/tourism/#/list,API目录ID-36/2026-09-04,,,尚未映射到可回跳的知识库景点卡,,,1,CN-POOL-20260904-r0,MCT内容ID=13444；来源文件=content_36.json
CN-P-000953,96d48706070f0cc093daa4c387e8e02ef5580cd6e8e576131c45b92d2226c0cd,海东市互助土族自治县威远镇卓扎滩村,,青海省,,,非A,乡村旅游重点村,unknown,pending,第一批全国乡村旅游重点村,https://www.mct.gov.cn/tourism/#/list,API目录ID-36/2026-09-04,,,尚未映射到可回跳的知识库景点卡,,,1,CN-POOL-20260904-r0,MCT内容ID=13445；来源文件=content_36.json
CN-P-000954,7bc543dad1d34ae0ec9e2615912437211ffa99fd7d723f495998b98dcd48d618,西宁市湟源县日月藏族乡兔儿干村,,青海省,,,非A,乡村旅游重点村,unknown,pending,第一批全国乡村旅游重点村,https://www.mct.gov.cn/tourism/#/list,API目录ID-36/2026-09-04,,,尚未映射到可回跳的知识库景点卡,,,1,CN-POOL-20260904-r0,MCT内容ID=13446；来源文件=content_36.json
CN-P-000955,fde1c2f9860cfe33e07d3f7ca51cf1074fd3979eae4216043e97af4ba83b725a,中卫市沙坡头区迎水桥镇沙坡头村,,宁夏回族自治区,,,非A,乡村旅游重点村,unknown,pending,第一批全国乡村旅游重点村,https://www.mct.gov.cn/tourism/#/list,API目录ID-36/2026-09-04,,,尚未映射到可回跳的知识库景点卡,,,1,CN-POOL-20260904-r0,MCT内容ID=13447；来源文件=content_36.json
CN-P-000956,47fad362464c171817b411210706d0852cba123deac5462e2114f43d7b1a3131,固原市西吉县吉强镇龙王坝村,,宁夏回族自治区,,,非A,乡村旅游重点村,unknown,pending,第一批全国乡村旅游重点村,https://www.mct.gov.cn/tourism/#/list,API目录ID-36/2026-09-04,,,尚未映射到可回跳的知识库景点卡,,,1,CN-POOL-20260904-r0,MCT内容ID=13448；来源文件=content_36.json
CN-P-000957,66025c39efa1608b9ec6fd15dc9407ea11cf7bd353dd5375757fe8c81e4e91a8,固原市隆德县陈靳乡新和村,,宁夏回族自治区,,,非A,乡村旅游重点村,unknown,pending,第一批全国乡村旅游重点村,https://www.mct.gov.cn/tourism/#/list,API目录ID-36/2026-09-04,,,尚未映射到可回跳的知识库景点卡,,,1,CN-POOL-20260904-r0,MCT内容ID=13449；来源文件=content_36.json
CN-P-000958,a82504167a36cf3b0fff436cc9d19fe6d764e08389b944ce1845aa7e10bd506a,银川市永宁县闽宁镇原隆村,,宁夏回族自治区,,,非A,乡村旅游重点村,unknown,pending,第一批全国乡村旅游重点村,https://www.mct.gov.cn/tourism/#/list,API目录ID-36/2026-09-04,,,尚未映射到可回跳的知识库景点卡,,,1,CN-POOL-20260904-r0,MCT内容ID=13450；来源文件=content_36.json
CN-P-000959,309315a489432bfb03ca35790e123b50b61d520e28df925bd090b56326257cbc,固原市隆德县城关镇红崖村,,宁夏回族自治区,,,非A,乡村旅游重点村,unknown,pending,第一批全国乡村旅游重点村,https://www.mct.gov.cn/tourism/#/list,API目录ID-36/2026-09-04,,,尚未映射到可回跳的知识库景点卡,,,1,CN-POOL-20260904-r0,MCT内容ID=13451；来源文件=content_36.json
CN-P-000960,13626b2737b31097909e57a8ca5c73ebe2de9bb2ab0c09293df2581d244d2d64,石嘴山市大武口区长胜街道龙泉村,,宁夏回族自治区,,,非A,乡村旅游重点村,unknown,pending,第一批全国乡村旅游重点村,https://www.mct.gov.cn/tourism/#/list,API目录ID-36/2026-09-04,,,尚未映射到可回跳的知识库景点卡,,,1,CN-POOL-20260904-r0,MCT内容ID=13452；来源文件=content_36.json
CN-P-000961,a27b44b5cf550d2249e3170194c78edada6830eab8ebe9bd48c2750f647c5c2b,吴忠市利通区上桥镇牛家坊村,,宁夏回族自治区,,,非A,乡村旅游重点村,unknown,pending,第一批全国乡村旅游重点村,https://www.mct.gov.cn/tourism/#/list,API目录ID-36/2026-09-04,,,尚未映射到可回跳的知识库景点卡,,,1,CN-POOL-20260904-r0,MCT内容ID=13453；来源文件=content_36.json
CN-P-000962,a6e33dac45cd23f97ed625f9f634c317fc60e345446cb16084973d3ef7cdd0b3,银川市西夏区镇北堡镇镇北堡村,,宁夏回族自治区,,,非A,乡村旅游重点村,unknown,pending,第一批全国乡村旅游重点村,https://www.mct.gov.cn/tourism/#/list,API目录ID-36/2026-09-04,,,尚未映射到可回跳的知识库景点卡,,,1,CN-POOL-20260904-r0,MCT内容ID=13454；来源文件=content_36.json
CN-P-000963,9bab3ae66f0abf17a5aabd8d5d22c3cec876e74ca2c251787faafcf79423fdde,吴忠市盐池县高沙窝镇兴武营村,,宁夏回族自治区,,,非A,乡村旅游重点村,unknown,pending,第一批全国乡村旅游重点村,https://www.mct.gov.cn/tourism/#/list,API目录ID-36/2026-09-04,,,尚未映射到可回跳的知识库景点卡,,,1,CN-POOL-20260904-r0,MCT内容ID=13455；来源文件=content_36.json
CN-P-000964,bee8046c926873caf3852d0e914ab7e8b5ad7128a85d522f062f8ceb5d39d7a7,乌鲁木齐市乌鲁木齐县水西沟镇平西梁村,,新疆维吾尔自治区,,,非A,乡村旅游重点村,unknown,pending,第一批全国乡村旅游重点村,https://www.mct.gov.cn/tourism/#/list,API目录ID-36/2026-09-04,,,尚未映射到可回跳的知识库景点卡,,,1,CN-POOL-20260904-r0,MCT内容ID=13456；来源文件=content_36.json
CN-P-000965,b6695ca0b2d8857d96848318e4a034762175e9ac673a34aaf008f29e22fefb22,阿勒泰地区布尔津县禾木喀纳斯蒙古族乡禾木村,,新疆维吾尔自治区,,,非A,乡村旅游重点村,unknown,pending,第一批全国乡村旅游重点村,https://www.mct.gov.cn/tourism/#/list,API目录ID-36/2026-09-04,,,尚未映射到可回跳的知识库景点卡,,,1,CN-POOL-20260904-r0,MCT内容ID=13457；来源文件=content_36.json
CN-P-000966,383ea822c182f16d2803586a39904ff612799c8ad7946e3e97d3194fdbe5677c,伊犁哈萨克自治州特克斯县喀拉达拉镇琼库什台村,,新疆维吾尔自治区,,,非A,乡村旅游重点村,unknown,pending,第一批全国乡村旅游重点村,https://www.mct.gov.cn/tourism/#/list,API目录ID-36/2026-09-04,,,尚未映射到可回跳的知识库景点卡,,,1,CN-POOL-20260904-r0,MCT内容ID=13458；来源文件=content_36.json
CN-P-000967,647fe4cf53db4cc2b520ad4aab5f10114666b59151a11909eca23431788e3c91,吐鲁番市高昌区亚尔镇上湖村,,新疆维吾尔自治区,,,非A,乡村旅游重点村,unknown,pending,第一批全国乡村旅游重点村,https://www.mct.gov.cn/tourism/#/list,API目录ID-36/2026-09-04,,,尚未映射到可回跳的知识库景点卡,,,1,CN-POOL-20260904-r0,MCT内容ID=13459；来源文件=content_36.json
CN-P-000968,dd46d7139400aa6b13022d5c2a2f4f09caa9ef701d5677554dd8448ecbb83576,塔城地区额敏县加尔布拉克农场酒花村,,新疆维吾尔自治区,,,非A,乡村旅游重点村,unknown,pending,第一批全国乡村旅游重点村,https://www.mct.gov.cn/tourism/#/list,API目录ID-36/2026-09-04,,,尚未映射到可回跳的知识库景点卡,,,1,CN-POOL-20260904-r0,MCT内容ID=13460；来源文件=content_36.json
CN-P-000969,2e7d905e52a345da3ca698f32c8de2a32c278681639b3a29d75616b5ef7f84cb,巴音郭楞蒙古自治州库尔勒市巴州阿瓦提农场,,新疆维吾尔自治区,,,非A,乡村旅游重点村,unknown,pending,第一批全国乡村旅游重点村,https://www.mct.gov.cn/tourism/#/list,API目录ID-36/2026-09-04,,,尚未映射到可回跳的知识库景点卡,,,1,CN-POOL-20260904-r0,MCT内容ID=13461；来源文件=content_36.json
CN-P-000970,705e86790de8ce42d4a19895a99fb92e4ea47abb33e6352be1c33809cf0bf243,克拉玛依市乌尔禾区乌尔禾镇哈克村,,新疆维吾尔自治区,,,非A,乡村旅游重点村,unknown,pending,第一批全国乡村旅游重点村,https://www.mct.gov.cn/tourism/#/list,API目录ID-36/2026-09-04,,,尚未映射到可回跳的知识库景点卡,,,1,CN-POOL-20260904-r0,MCT内容ID=13462；来源文件=content_36.json
CN-P-000971,3743bb0d51152737bc63eb203ca6552e1056298f8e35df6bce11549cb6728df6,哈密市巴里坤哈萨克自治县石人子乡石人子村,,新疆维吾尔自治区,,,非A,乡村旅游重点村,unknown,pending,第一批全国乡村旅游重点村,https://www.mct.gov.cn/tourism/#/list,API目录ID-36/2026-09-04,,,尚未映射到可回跳的知识库景点卡,,,1,CN-POOL-20260904-r0,MCT内容ID=13463；来源文件=content_36.json
CN-P-000972,4e89dcb66281beac2b807d8225d1fe42fa8cc9de905c980a22f12a60bc8fbba2,阿克苏地区阿瓦提县英艾日克镇恰其村,,新疆维吾尔自治区,,,非A,乡村旅游重点村,unknown,pending,第一批全国乡村旅游重点村,https://www.mct.gov.cn/tourism/#/list,API目录ID-36/2026-09-04,,,尚未映射到可回跳的知识库景点卡,,,1,CN-POOL-20260904-r0,MCT内容ID=13464；来源文件=content_36.json
CN-P-000973,cba937d9414d6a8ea66544fc438e3d35e7c262dcda63e4161f62e023f423d6b9,第四师62团金边镇,,新疆生产建设兵团,,,非A,乡村旅游重点村,unknown,pending,第一批全国乡村旅游重点村,https://www.mct.gov.cn/tourism/#/list,API目录ID-36/2026-09-04,,,尚未映射到可回跳的知识库景点卡,,,1,CN-POOL-20260904-r0,MCT内容ID=13465；来源文件=content_36.json
CN-P-000974,b42e0bc2a7689de5a69daccf7d073bb7df4e4d8ba2d074cda98727785f844eed,第十师185团3连,,新疆生产建设兵团,,,非A,乡村旅游重点村,unknown,pending,第一批全国乡村旅游重点村,https://www.mct.gov.cn/tourism/#/list,API目录ID-36/2026-09-04,,,尚未映射到可回跳的知识库景点卡,,,1,CN-POOL-20260904-r0,MCT内容ID=13466；来源文件=content_36.json
CN-P-000975,9f7c47b2ae78a92db6ec72a7d675287f91f8afff2f56f0d5ea82bd898c5838f1,第二师31团2连,,新疆生产建设兵团,,,非A,乡村旅游重点村,unknown,pending,第一批全国乡村旅游重点村,https://www.mct.gov.cn/tourism/#/list,API目录ID-36/2026-09-04,,,尚未映射到可回跳的知识库景点卡,,,1,CN-POOL-20260904-r0,MCT内容ID=13467；来源文件=content_36.json
CN-P-000976,32fa27e15180c694a7ea829e2bdd13cf7323198af0bba196298c8a2cc5df3431,第一师11团13连,,新疆生产建设兵团,,,非A,乡村旅游重点村,unknown,pending,第一批全国乡村旅游重点村,https://www.mct.gov.cn/tourism/#/list,API目录ID-36/2026-09-04,,,尚未映射到可回跳的知识库景点卡,,,1,CN-POOL-20260904-r0,MCT内容ID=13468；来源文件=content_36.json
CN-P-000977,d34e0c93cadad5890c326d7a3d9323486513b43c36a8ec07800682ad7b4090c7,第八师152团10连,,新疆生产建设兵团,,,非A,乡村旅游重点村,unknown,pending,第一批全国乡村旅游重点村,https://www.mct.gov.cn/tourism/#/list,API目录ID-36/2026-09-04,,,尚未映射到可回跳的知识库景点卡,,,1,CN-POOL-20260904-r0,MCT内容ID=13469；来源文件=content_36.json
CN-P-000978,ec2950c0fd5cf9c9671e124aa71bd7af317997a11d013962f1c68b8164c7bff6,第四师78团5连,,新疆生产建设兵团,,,非A,乡村旅游重点村,unknown,pending,第一批全国乡村旅游重点村,https://www.mct.gov.cn/tourism/#/list,API目录ID-36/2026-09-04,,,尚未映射到可回跳的知识库景点卡,,,1,CN-POOL-20260904-r0,MCT内容ID=13470；来源文件=content_36.json
CN-P-000979,b9e6a7b8279c44a296d270a368697f59f3b6d9f2a591a66ad5c911aeb6ac2611,门头沟区斋堂镇爨底下村,,北京市,,,非A,乡村旅游重点村,unknown,pending,第二批全国乡村旅游重点村,https://www.mct.gov.cn/tourism/#/list,API目录ID-37/2026-09-04,,,尚未映射到可回跳的知识库景点卡,,,1,CN-POOL-20260904-r0,MCT内容ID=13471；来源文件=content_37.json
CN-P-000980,2880fdd0249d51f1887aae7992e4f575037930191ffa7ee955ad0d1112353509,延庆区刘斌堡乡小观头村,,北京市,,,非A,乡村旅游重点村,unknown,pending,第二批全国乡村旅游重点村,https://www.mct.gov.cn/tourism/#/list,API目录ID-37/2026-09-04,,,尚未映射到可回跳的知识库景点卡,,,1,CN-POOL-20260904-r0,MCT内容ID=13472；来源文件=content_37.json
CN-P-000981,1736bb334b0f49c6027bd50942d547dc29a262835c2c9d1834d6af9884dbef19,延庆区八达岭镇石峡村,,北京市,,,非A,乡村旅游重点村,unknown,pending,第二批全国乡村旅游重点村,https://www.mct.gov.cn/tourism/#/list,API目录ID-37/2026-09-04,,,尚未映射到可回跳的知识库景点卡,,,1,CN-POOL-20260904-r0,MCT内容ID=13473；来源文件=content_37.json
CN-P-000982,593e791411d62d5d80da802bf3f5eedb11b7f7df8d0d4eb547a13f4eadc26823,怀柔区渤海镇六渡河村,,北京市,,,非A,乡村旅游重点村,unknown,pending,第二批全国乡村旅游重点村,https://www.mct.gov.cn/tourism/#/list,API目录ID-37/2026-09-04,,,尚未映射到可回跳的知识库景点卡,,,1,CN-POOL-20260904-r0,MCT内容ID=13474；来源文件=content_37.json
CN-P-000983,b2008081126d64d50b1f69dd2e01175731ad110c304d52b9adca7bca9f58bfd0,密云区溪翁庄镇金叵罗村,,北京市,,,非A,乡村旅游重点村,unknown,pending,第二批全国乡村旅游重点村,https://www.mct.gov.cn/tourism/#/list,API目录ID-37/2026-09-04,,,尚未映射到可回跳的知识库景点卡,,,1,CN-POOL-20260904-r0,MCT内容ID=13475；来源文件=content_37.json
CN-P-000984,9879c698dae8e9f1e2440259a242e670cba4234456d9a36dc58cde413c412ca2,顺义区龙湾屯镇焦庄户村,,北京市,,,非A,乡村旅游重点村,unknown,pending,第二批全国乡村旅游重点村,https://www.mct.gov.cn/tourism/#/list,API目录ID-37/2026-09-04,,,尚未映射到可回跳的知识库景点卡,,,1,CN-POOL-20260904-r0,MCT内容ID=13476；来源文件=content_37.json
CN-P-000985,d7c259e23dde2e0e8412cfe0c5c6e7e92022346610667aad8b7f24bf1c450e68,延庆区旧县镇东龙湾村,,北京市,,,非A,乡村旅游重点村,unknown,pending,第二批全国乡村旅游重点村,https://www.mct.gov.cn/tourism/#/list,API目录ID-37/2026-09-04,,,尚未映射到可回跳的知识库景点卡,,,1,CN-POOL-20260904-r0,MCT内容ID=13477；来源文件=content_37.json
CN-P-000986,5b3b4ee3e131c3e672767212ffc169dc7b9a7142ed1aa0724390434674e7fa50,怀柔区琉璃庙镇双文铺村,,北京市,,,非A,乡村旅游重点村,unknown,pending,第二批全国乡村旅游重点村,https://www.mct.gov.cn/tourism/#/list,API目录ID-37/2026-09-04,,,尚未映射到可回跳的知识库景点卡,,,1,CN-POOL-20260904-r0,MCT内容ID=13478；来源文件=content_37.json
CN-P-000987,323d829525fae8b5000013597bb753e8902a51f355e0f617b2eed57b782280a3,怀柔区九渡河镇西水峪村,,北京市,,,非A,乡村旅游重点村,unknown,pending,第二批全国乡村旅游重点村,https://www.mct.gov.cn/tourism/#/list,API目录ID-37/2026-09-04,,,尚未映射到可回跳的知识库景点卡,,,1,CN-POOL-20260904-r0,MCT内容ID=13479；来源文件=content_37.json
CN-P-000988,0d83fdc60ae996d30f9886cc8a7fcd0c8857ddce628b297636d802c30c39c274,怀柔区怀柔镇芦庄村,,北京市,,,非A,乡村旅游重点村,unknown,pending,第二批全国乡村旅游重点村,https://www.mct.gov.cn/tourism/#/list,API目录ID-37/2026-09-04,,,尚未映射到可回跳的知识库景点卡,,,1,CN-POOL-20260904-r0,MCT内容ID=13480；来源文件=content_37.json
CN-P-000989,b49122ce476f08c0bff3a29048bfb3c57593474af7e6ae990b2474e73e703d6b,房山区十渡镇平峪村,,北京市,,,非A,乡村旅游重点村,unknown,pending,第二批全国乡村旅游重点村,https://www.mct.gov.cn/tourism/#/list,API目录ID-37/2026-09-04,,,尚未映射到可回跳的知识库景点卡,,,1,CN-POOL-20260904-r0,MCT内容ID=13481；来源文件=content_37.json
CN-P-000990,113262533c184b2dc01ff1ba7bbc424ce497ff5b6d80d743b9394f3d9a6faa80,顺义区马坡镇石家营村,,北京市,,,非A,乡村旅游重点村,unknown,pending,第二批全国乡村旅游重点村,https://www.mct.gov.cn/tourism/#/list,API目录ID-37/2026-09-04,,,尚未映射到可回跳的知识库景点卡,,,1,CN-POOL-20260904-r0,MCT内容ID=13482；来源文件=content_37.json
CN-P-000991,1470af70bbbd9b34ea970fcf8a56785dc45b0410baa1296b8609f0a946e95f76,平谷区镇罗营镇玻璃台村,,北京市,,,非A,乡村旅游重点村,unknown,pending,第二批全国乡村旅游重点村,https://www.mct.gov.cn/tourism/#/list,API目录ID-37/2026-09-04,,,尚未映射到可回跳的知识库景点卡,,,1,CN-POOL-20260904-r0,MCT内容ID=13483；来源文件=content_37.json
CN-P-000992,76f1761c88e03a41d36854b56e07b6130ee43186a2b891902013996418178ed8,延庆区张山营镇后黑龙庙村,,北京市,,,非A,乡村旅游重点村,unknown,pending,第二批全国乡村旅游重点村,https://www.mct.gov.cn/tourism/#/list,API目录ID-37/2026-09-04,,,尚未映射到可回跳的知识库景点卡,,,1,CN-POOL-20260904-r0,MCT内容ID=13484；来源文件=content_37.json
CN-P-000993,eead2fb8d8422815b3c7d24574ded4050f86637bd0186424afe645df3708abb1,房山区张坊镇穆家口村,,北京市,,,非A,乡村旅游重点村,unknown,pending,第二批全国乡村旅游重点村,https://www.mct.gov.cn/tourism/#/list,API目录ID-37/2026-09-04,,,尚未映射到可回跳的知识库景点卡,,,1,CN-POOL-20260904-r0,MCT内容ID=13485；来源文件=content_37.json
CN-P-000994,996d07ac746e259469867981124df870c6eab93e76f28ad61dec549280c1d413,怀柔区琉璃庙镇白河北村,,北京市,,,非A,乡村旅游重点村,unknown,pending,第二批全国乡村旅游重点村,https://www.mct.gov.cn/tourism/#/list,API目录ID-37/2026-09-04,,,尚未映射到可回跳的知识库景点卡,,,1,CN-POOL-20260904-r0,MCT内容ID=13486；来源文件=content_37.json
CN-P-000995,c45d675db01fefbe69e0b6a99ebd0b761394c6f8009679479e5f1d5e1f3096e1,平谷区山东庄镇鱼子山村,,北京市,,,非A,乡村旅游重点村,unknown,pending,第二批全国乡村旅游重点村,https://www.mct.gov.cn/tourism/#/list,API目录ID-37/2026-09-04,,,尚未映射到可回跳的知识库景点卡,,,1,CN-POOL-20260904-r0,MCT内容ID=13487；来源文件=content_37.json
CN-P-000996,cc3a1173d29baf2da579a2e9a225f53a4845cd4dea418d056ecbed499ab93d1e,昌平区十三陵镇仙人洞村,,北京市,,,非A,乡村旅游重点村,unknown,pending,第二批全国乡村旅游重点村,https://www.mct.gov.cn/tourism/#/list,API目录ID-37/2026-09-04,,,尚未映射到可回跳的知识库景点卡,,,1,CN-POOL-20260904-r0,MCT内容ID=13488；来源文件=content_37.json
CN-P-000997,0de4bfdb35572cb0a1309df552d3b80e949191703ed70c7bef3fd150634fbd1d,怀柔区雁栖镇官地村,,北京市,,,非A,乡村旅游重点村,unknown,pending,第二批全国乡村旅游重点村,https://www.mct.gov.cn/tourism/#/list,API目录ID-37/2026-09-04,,,尚未映射到可回跳的知识库景点卡,,,1,CN-POOL-20260904-r0,MCT内容ID=13489；来源文件=content_37.json
CN-P-000998,f767235c9d26b8cc862bc667ed5f09bc25b8890ce9dcb947af9f4bdb2055253a,平谷区镇罗营镇张家台村,,北京市,,,非A,乡村旅游重点村,unknown,pending,第二批全国乡村旅游重点村,https://www.mct.gov.cn/tourism/#/list,API目录ID-37/2026-09-04,,,尚未映射到可回跳的知识库景点卡,,,1,CN-POOL-20260904-r0,MCT内容ID=13490；来源文件=content_37.json
CN-P-000999,8e95bdc5be2ab29ef37fd714c1a5f8d2a4013acfe37195d3ad2108f5052e5ef0,密云区巨各庄镇蔡家洼村,,北京市,,,非A,乡村旅游重点村,unknown,pending,第二批全国乡村旅游重点村,https://www.mct.gov.cn/tourism/#/list,API目录ID-37/2026-09-04,,,尚未映射到可回跳的知识库景点卡,,,1,CN-POOL-20260904-r0,MCT内容ID=13491；来源文件=content_37.json
CN-P-001000,cedd9fde5d23cee7d63242afb377997aef235be5d9307bf629a5c569c712c224,平谷区金海湖镇黄草洼村,,北京市,,,非A,乡村旅游重点村,unknown,pending,第二批全国乡村旅游重点村,https://www.mct.gov.cn/tourism/#/list,API目录ID-37/2026-09-04,,,尚未映射到可回跳的知识库景点卡,,,1,CN-POOL-20260904-r0,MCT内容ID=13492；来源文件=content_37.json
CN-P-001001,fe859804464bbf7ecb1cf21feef91a1563947db14431172ef535b34d85a5ec74,延庆区井庄镇三司村,,北京市,,,非A,乡村旅游重点村,unknown,pending,第二批全国乡村旅游重点村,https://www.mct.gov.cn/tourism/#/list,API目录ID-37/2026-09-04,,,尚未映射到可回跳的知识库景点卡,,,1,CN-POOL-20260904-r0,MCT内容ID=13493；来源文件=content_37.json
CN-P-001002,e7d82e1c3d9c1735c10946746469590546186968eca45667d6dea3a94e46920e,西青区辛口镇水高庄村,,天津市,,,非A,乡村旅游重点村,unknown,pending,第二批全国乡村旅游重点村,https://www.mct.gov.cn/tourism/#/list,API目录ID-37/2026-09-04,,,尚未映射到可回跳的知识库景点卡,,,1,CN-POOL-20260904-r0,MCT内容ID=13494；来源文件=content_37.json
CN-P-001003,108819d321860f1938ec39e2b8c55b6264a2bea38296560d1fe02442c154caeb,北辰区西堤头镇赵庄子村,,天津市,,,非A,乡村旅游重点村,unknown,pending,第二批全国乡村旅游重点村,https://www.mct.gov.cn/tourism/#/list,API目录ID-37/2026-09-04,,,尚未映射到可回跳的知识库景点卡,,,1,CN-POOL-20260904-r0,MCT内容ID=13495；来源文件=content_37.json
CN-P-001004,dff4594d3fa2995345b97c15a5fa2ea482de32cfb6a86d76946256628d8a2c3e,宝坻区黄庄镇小辛码头村,,天津市,,,非A,乡村旅游重点村,unknown,pending,第二批全国乡村旅游重点村,https://www.mct.gov.cn/tourism/#/list,API目录ID-37/2026-09-04,,,尚未映射到可回跳的知识库景点卡,,,1,CN-POOL-20260904-r0,MCT内容ID=13496；来源文件=content_37.json
CN-P-001005,0fcd9a510d6c57e84c8aa157c3bc0bbf327013de5c77f8fcb13b44063326e8f9,蓟州区下营镇东山村,,天津市,,,非A,乡村旅游重点村,unknown,pending,第二批全国乡村旅游重点村,https://www.mct.gov.cn/tourism/#/list,API目录ID-37/2026-09-04,,,尚未映射到可回跳的知识库景点卡,,,1,CN-POOL-20260904-r0,MCT内容ID=13497；来源文件=content_37.json
CN-P-001006,548d374a150e3e82b3c473e783b0fa8b89de9df1c269a4a4963c19f4e71b1d75,蓟州区官庄镇砖瓦窑村,,天津市,,,非A,乡村旅游重点村,unknown,pending,第二批全国乡村旅游重点村,https://www.mct.gov.cn/tourism/#/list,API目录ID-37/2026-09-04,,,尚未映射到可回跳的知识库景点卡,,,1,CN-POOL-20260904-r0,MCT内容ID=13498；来源文件=content_37.json
CN-P-001007,f2d53d3ccf10ab2bbfdbfd813fb35ec5fface2bdf2a4bb7bfb26346ee3ec9bef,西青区辛口镇大杜庄村,,天津市,,,非A,乡村旅游重点村,unknown,pending,第二批全国乡村旅游重点村,https://www.mct.gov.cn/tourism/#/list,API目录ID-37/2026-09-04,,,尚未映射到可回跳的知识库景点卡,,,1,CN-POOL-20260904-r0,MCT内容ID=13499；来源文件=content_37.json
CN-P-001008,c93d6e1325f8ed73bc9b7b14f14f3d755925e96a964b17e3c4036176ff0b6b9c,蓟州区穿芳峪镇英歌寨村,,天津市,,,非A,乡村旅游重点村,unknown,pending,第二批全国乡村旅游重点村,https://www.mct.gov.cn/tourism/#/list,API目录ID-37/2026-09-04,,,尚未映射到可回跳的知识库景点卡,,,1,CN-POOL-20260904-r0,MCT内容ID=13500；来源文件=content_37.json
CN-P-001009,6736427590784f9de0afa7116ef95f90a4dd72ff81f9ccbce9f3b474fc7f29e5,蓟州区官庄镇联合村,,天津市,,,非A,乡村旅游重点村,unknown,pending,第二批全国乡村旅游重点村,https://www.mct.gov.cn/tourism/#/list,API目录ID-37/2026-09-04,,,尚未映射到可回跳的知识库景点卡,,,1,CN-POOL-20260904-r0,MCT内容ID=13501；来源文件=content_37.json
CN-P-001010,203f353730c3407ee5e4fb2f533e57e6399de27037423cf9667010861a727cd2,宝坻区牛家牌镇赵家湾村,,天津市,,,非A,乡村旅游重点村,unknown,pending,第二批全国乡村旅游重点村,https://www.mct.gov.cn/tourism/#/list,API目录ID-37/2026-09-04,,,尚未映射到可回跳的知识库景点卡,,,1,CN-POOL-20260904-r0,MCT内容ID=13502；来源文件=content_37.json
CN-P-001011,efa1418c83b5e228b3b3b5cdeec2b62bd618bedf68ac1b5daf81b40323d47dac,蓟州区下营镇青山岭村,,天津市,,,非A,乡村旅游重点村,unknown,pending,第二批全国乡村旅游重点村,https://www.mct.gov.cn/tourism/#/list,API目录ID-37/2026-09-04,,,尚未映射到可回跳的知识库景点卡,,,1,CN-POOL-20260904-r0,MCT内容ID=13503；来源文件=content_37.json
CN-P-001012,273467ec15e779792e87f210f28d83ac27c8fc4614e9737361c6f6c32a21731f,西青区辛口镇第六埠村,,天津市,,,非A,乡村旅游重点村,unknown,pending,第二批全国乡村旅游重点村,https://www.mct.gov.cn/tourism/#/list,API目录ID-37/2026-09-04,,,尚未映射到可回跳的知识库景点卡,,,1,CN-POOL-20260904-r0,MCT内容ID=13504；来源文件=content_37.json
CN-P-001013,04888434e2fc515cda962b5ad8536fdd7dc8daeb8b656e4ee4ad7504a6a70bca,承德市滦平县巴克什营镇花楼沟村,,河北省,,,非A,乡村旅游重点村,unknown,pending,第二批全国乡村旅游重点村,https://www.mct.gov.cn/tourism/#/list,API目录ID-37/2026-09-04,,,尚未映射到可回跳的知识库景点卡,,,1,CN-POOL-20260904-r0,MCT内容ID=13505；来源文件=content_37.json
CN-P-001014,1e656dbb6d5453e96b32c06f98405dbb78787222336b38d1245b13c21d828194,保定市阜平县龙泉关镇骆驼湾村,,河北省,,,非A,乡村旅游重点村,unknown,pending,第二批全国乡村旅游重点村,https://www.mct.gov.cn/tourism/#/list,API目录ID-37/2026-09-04,,,尚未映射到可回跳的知识库景点卡,,,1,CN-POOL-20260904-r0,MCT内容ID=13506；来源文件=content_37.json
CN-P-001015,065d6974efccb6dd69dba2485740ca8f3f0a6bd4006946c595a395d8fd026441,承德市围场县御道口乡御道口村,,河北省,,,非A,乡村旅游重点村,unknown,pending,第二批全国乡村旅游重点村,https://www.mct.gov.cn/tourism/#/list,API目录ID-37/2026-09-04,,,尚未映射到可回跳的知识库景点卡,,,1,CN-POOL-20260904-r0,MCT内容ID=13507；来源文件=content_37.json
CN-P-001016,615074ad689641bcec282d3f8b2efea43aa6ef388fd4a6438b528cc7e327e53e,唐山市迁安市大五里乡山叶口村,,河北省,,,非A,乡村旅游重点村,unknown,pending,第二批全国乡村旅游重点村,https://www.mct.gov.cn/tourism/#/list,API目录ID-37/2026-09-04,,,尚未映射到可回跳的知识库景点卡,,,1,CN-POOL-20260904-r0,MCT内容ID=13508；来源文件=content_37.json
CN-P-001017,660748f32ce79dbb6c57419df20fb64e33cd0a7d96161f1e5b89d422926abb41,保定市易县安格庄乡安格庄村,,河北省,,,非A,乡村旅游重点村,unknown,pending,第二批全国乡村旅游重点村,https://www.mct.gov.cn/tourism/#/list,API目录ID-37/2026-09-04,,,尚未映射到可回跳的知识库景点卡,,,1,CN-POOL-20260904-r0,MCT内容ID=13509；来源文件=content_37.json
CN-P-001018,e5f996f067d1a86a2c31143535dc426276f58de025f3366a1bfa6eef04b67d1a,邢台市内丘县南赛乡神头村,,河北省,,,非A,乡村旅游重点村,unknown,pending,第二批全国乡村旅游重点村,https://www.mct.gov.cn/tourism/#/list,API目录ID-37/2026-09-04,,,尚未映射到可回跳的知识库景点卡,,,1,CN-POOL-20260904-r0,MCT内容ID=13510；来源文件=content_37.json
CN-P-001019,da9dd98c616521805b9619246e4665b9904e05ec22d4346db4f67036839f7663,邯郸市涉县井店镇刘家村,,河北省,,,非A,乡村旅游重点村,unknown,pending,第二批全国乡村旅游重点村,https://www.mct.gov.cn/tourism/#/list,API目录ID-37/2026-09-04,,,尚未映射到可回跳的知识库景点卡,,,1,CN-POOL-20260904-r0,MCT内容ID=13511；来源文件=content_37.json
CN-P-001020,eb590eda3c29c8c7afec26ee7507a22f013a1a68c74db32b97879eb6f39bc307,廊坊市香河县蒋辛屯镇北李庄村,,河北省,,,非A,乡村旅游重点村,unknown,pending,第二批全国乡村旅游重点村,https://www.mct.gov.cn/tourism/#/list,API目录ID-37/2026-09-04,,,尚未映射到可回跳的知识库景点卡,,,1,CN-POOL-20260904-r0,MCT内容ID=13512；来源文件=content_37.json
CN-P-001021,8ef2ae8793c688b9e2a135ef822d24581adb842c6d711151090cff06a989600b,石家庄市灵寿县南营乡车谷砣村,,河北省,,,非A,乡村旅游重点村,unknown,pending,第二批全国乡村旅游重点村,https://www.mct.gov.cn/tourism/#/list,API目录ID-37/2026-09-04,,,尚未映射到可回跳的知识库景点卡,,,1,CN-POOL-20260904-r0,MCT内容ID=13513；来源文件=content_37.json
CN-P-001022,284f781cf1d8147ab59cfbc6ed595bf47e059c99917cef5d2c8bdd8bdee59ccd,秦皇岛市北戴河区戴河镇西古城村,,河北省,,,非A,乡村旅游重点村,unknown,pending,第二批全国乡村旅游重点村,https://www.mct.gov.cn/tourism/#/list,API目录ID-37/2026-09-04,,,尚未映射到可回跳的知识库景点卡,,,1,CN-POOL-20260904-r0,MCT内容ID=13514；来源文件=content_37.json
CN-P-001023,1ef028a20ce51afafc4142ee9cb9215e50e0efe4a45c49d1bb7ab7f4f8c0df5a,唐山市迁安市大崔庄镇白羊峪村,,河北省,,,非A,乡村旅游重点村,unknown,pending,第二批全国乡村旅游重点村,https://www.mct.gov.cn/tourism/#/list,API目录ID-37/2026-09-04,,,尚未映射到可回跳的知识库景点卡,,,1,CN-POOL-20260904-r0,MCT内容ID=13515；来源文件=content_37.json
CN-P-001024,6b4a19665ecadd1a718e66b9a12f40ab406683b67e95715f1e87416df14bcd7d,邢台市信都区浆水镇前南峪村,,河北省,,,非A,乡村旅游重点村,unknown,pending,第二批全国乡村旅游重点村,https://www.mct.gov.cn/tourism/#/list,API目录ID-37/2026-09-04,,,尚未映射到可回跳的知识库景点卡,,,1,CN-POOL-20260904-r0,MCT内容ID=13516；来源文件=content_37.json
CN-P-001025,48185387009d007216a6c9189d3e175ec7d5556b9add7b9f6b3cdb7b0cec2bc8,石家庄市井陉县南障城镇吕家村,,河北省,,,非A,乡村旅游重点村,unknown,pending,第二批全国乡村旅游重点村,https://www.mct.gov.cn/tourism/#/list,API目录ID-37/2026-09-04,,,尚未映射到可回跳的知识库景点卡,,,1,CN-POOL-20260904-r0,MCT内容ID=13517；来源文件=content_37.json
CN-P-001026,967746849da3658a6bf7eb4c2e929d3ec987dee8a476f43a802353fdbd80f12e,石家庄市晋州市周家庄乡第九生产队,,河北省,,,非A,乡村旅游重点村,unknown,pending,第二批全国乡村旅游重点村,https://www.mct.gov.cn/tourism/#/list,API目录ID-37/2026-09-04,,,尚未映射到可回跳的知识库景点卡,,,1,CN-POOL-20260904-r0,MCT内容ID=13518；来源文件=content_37.json
CN-P-001027,e3f6d3df3f19e89859ba312fbb76770c25fd3b6cd9f943521124f08e8471ac49,承德市丰宁县大滩镇小北沟村,,河北省,,,非A,乡村旅游重点村,unknown,pending,第二批全国乡村旅游重点村,https://www.mct.gov.cn/tourism/#/list,API目录ID-37/2026-09-04,,,尚未映射到可回跳的知识库景点卡,,,1,CN-POOL-20260904-r0,MCT内容ID=13519；来源文件=content_37.json
CN-P-001028,91f01d3e1e4e0d26bc3bc2661f8cd8058291ea5c8fbeb9fd2372d55100af232f,沧州市青县曹寺乡张广王村,,河北省,,,非A,乡村旅游重点村,unknown,pending,第二批全国乡村旅游重点村,https://www.mct.gov.cn/tourism/#/list,API目录ID-37/2026-09-04,,,尚未映射到可回跳的知识库景点卡,,,1,CN-POOL-20260904-r0,MCT内容ID=13520；来源文件=content_37.json
CN-P-001029,60fcb91fdee3a1f841dd5b575a44b39ba76351753bb6d92b827c4943a26c6eee,邯郸市邯山区河沙镇镇小堤村,,河北省,,,非A,乡村旅游重点村,unknown,pending,第二批全国乡村旅游重点村,https://www.mct.gov.cn/tourism/#/list,API目录ID-37/2026-09-04,,,尚未映射到可回跳的知识库景点卡,,,1,CN-POOL-20260904-r0,MCT内容ID=13521；来源文件=content_37.json
CN-P-001030,d57bd8bcabbfb2b597a573ac01fb6a80cc3fe0a2ed3df3232e3358309c22faa5,秦皇岛市北戴河区海滨镇陆庄村,,河北省,,,非A,乡村旅游重点村,unknown,pending,第二批全国乡村旅游重点村,https://www.mct.gov.cn/tourism/#/list,API目录ID-37/2026-09-04,,,尚未映射到可回跳的知识库景点卡,,,1,CN-POOL-20260904-r0,MCT内容ID=13522；来源文件=content_37.json
CN-P-001031,4a6d5aeae267a680017ca6ade08f308d814d6159ed629284aee01fcaa9f339c5,保定市阜平县龙泉关镇顾家台村,,河北省,,,非A,乡村旅游重点村,unknown,pending,第二批全国乡村旅游重点村,https://www.mct.gov.cn/tourism/#/list,API目录ID-37/2026-09-04,,,尚未映射到可回跳的知识库景点卡,,,1,CN-POOL-20260904-r0,MCT内容ID=13523；来源文件=content_37.json
CN-P-001032,9a3a9c7c6ef7258a2e9f01faa683157ce60da226852675a490e04f11cc0eb5d0,邢台市信都区路罗镇英谈村,,河北省,,,非A,乡村旅游重点村,unknown,pending,第二批全国乡村旅游重点村,https://www.mct.gov.cn/tourism/#/list,API目录ID-37/2026-09-04,,,尚未映射到可回跳的知识库景点卡,,,1,CN-POOL-20260904-r0,MCT内容ID=13524；来源文件=content_37.json
CN-P-001033,cfc10c63c71c4ed129bd1948250bbcaea9e6feeab688b1922c7211ef785932be,邯郸市峰峰矿区和村镇东和村,,河北省,,,非A,乡村旅游重点村,unknown,pending,第二批全国乡村旅游重点村,https://www.mct.gov.cn/tourism/#/list,API目录ID-37/2026-09-04,,,尚未映射到可回跳的知识库景点卡,,,1,CN-POOL-20260904-r0,MCT内容ID=13525；来源文件=content_37.json
CN-P-001034,300f4819c2f614cf2e191ec8bac88d9e96b9185a56fd77ecb845ac1cdacfa7b9,秦皇岛市青龙满族自治县隔河头乡花果山村,,河北省,,,非A,乡村旅游重点村,unknown,pending,第二批全国乡村旅游重点村,https://www.mct.gov.cn/tourism/#/list,API目录ID-37/2026-09-04,,,尚未映射到可回跳的知识库景点卡,,,1,CN-POOL-20260904-r0,MCT内容ID=13526；来源文件=content_37.json
CN-P-001035,4ec254468ddcff1d06673f0b1cbe91eaaf6d2638cd24bb8160a04cb971dd6352,保定市易县西陵镇凤凰台村,,河北省,,,非A,乡村旅游重点村,unknown,pending,第二批全国乡村旅游重点村,https://www.mct.gov.cn/tourism/#/list,API目录ID-37/2026-09-04,,,尚未映射到可回跳的知识库景点卡,,,1,CN-POOL-20260904-r0,MCT内容ID=13527；来源文件=content_37.json
CN-P-001036,3c946de42c996bd29492ef0c8b582ca1741842fb70b1fbc9248ad58a1c22eef0,邯郸市涉县关防乡后池村,,河北省,,,非A,乡村旅游重点村,unknown,pending,第二批全国乡村旅游重点村,https://www.mct.gov.cn/tourism/#/list,API目录ID-37/2026-09-04,,,尚未映射到可回跳的知识库景点卡,,,1,CN-POOL-20260904-r0,MCT内容ID=13528；来源文件=content_37.json
CN-P-001037,82507621bcb22d4ab3ed955eea75db659b271e41f055c9322c26d4c49dc3b07e,朔州市怀仁市马辛庄乡鲁沟村,,山西省,,,非A,乡村旅游重点村,unknown,pending,第二批全国乡村旅游重点村,https://www.mct.gov.cn/tourism/#/list,API目录ID-37/2026-09-04,,,尚未映射到可回跳的知识库景点卡,,,1,CN-POOL-20260904-r0,MCT内容ID=13529；来源文件=content_37.json
CN-P-001038,64e8de0c302c62dfa455a9d3ceca67fa6e92385ae2654f29f0dd4b1315dd7c28,太原市阳曲县黄寨镇上安村,,山西省,,,非A,乡村旅游重点村,unknown,pending,第二批全国乡村旅游重点村,https://www.mct.gov.cn/tourism/#/list,API目录ID-37/2026-09-04,,,尚未映射到可回跳的知识库景点卡,,,1,CN-POOL-20260904-r0,MCT内容ID=13530；来源文件=content_37.json
CN-P-001039,a0b06d4d8f343a7c60a484fa7828e08962b5ee24746025c7ec548384d1256515,长治市武乡县蟠龙镇砖壁村,,山西省,,,非A,乡村旅游重点村,unknown,pending,第二批全国乡村旅游重点村,https://www.mct.gov.cn/tourism/#/list,API目录ID-37/2026-09-04,,,尚未映射到可回跳的知识库景点卡,,,1,CN-POOL-20260904-r0,MCT内容ID=13531；来源文件=content_37.json
CN-P-001040,eeab8bc13a9a22f47c77ec1cfebef48bfc6ba1ceebc15028ed2cf5fb6367a4a0,长治市壶关县桥上乡大河村,,山西省,,,非A,乡村旅游重点村,unknown,pending,第二批全国乡村旅游重点村,https://www.mct.gov.cn/tourism/#/list,API目录ID-37/2026-09-04,,,尚未映射到可回跳的知识库景点卡,,,1,CN-POOL-20260904-r0,MCT内容ID=13532；来源文件=content_37.json
CN-P-001041,1258e6c8138e340982e29885a907320005f671648ff781f0c018167c83b662f9,临汾市安泽县府城镇飞岭村,,山西省,,,非A,乡村旅游重点村,unknown,pending,第二批全国乡村旅游重点村,https://www.mct.gov.cn/tourism/#/list,API目录ID-37/2026-09-04,,,尚未映射到可回跳的知识库景点卡,,,1,CN-POOL-20260904-r0,MCT内容ID=13533；来源文件=content_37.json
CN-P-001042,efba19ba5ca7587c2cd2450fc5c593f82c108258276bd4e7a158c63e8002331c,晋城市陵川县附城镇丈河村,,山西省,,,非A,乡村旅游重点村,unknown,pending,第二批全国乡村旅游重点村,https://www.mct.gov.cn/tourism/#/list,API目录ID-37/2026-09-04,,,尚未映射到可回跳的知识库景点卡,,,1,CN-POOL-20260904-r0,MCT内容ID=13534；来源文件=content_37.json
CN-P-001043,127a0587ede1a153ff4e6af7ebe01f1f6978e7daed4bb297a28d803ff57dd954,忻州市忻府区合索乡北合索村,,山西省,,,非A,乡村旅游重点村,unknown,pending,第二批全国乡村旅游重点村,https://www.mct.gov.cn/tourism/#/list,API目录ID-37/2026-09-04,,,尚未映射到可回跳的知识库景点卡,,,1,CN-POOL-20260904-r0,MCT内容ID=13535；来源文件=content_37.json
CN-P-001044,e2cca13de73bb1455b91e38f8e3ad0c28fa387584aea3109257dd7a206a3e8cc,阳泉市城区义井镇小河村,,山西省,,,非A,乡村旅游重点村,unknown,pending,第二批全国乡村旅游重点村,https://www.mct.gov.cn/tourism/#/list,API目录ID-37/2026-09-04,,,尚未映射到可回跳的知识库景点卡,,,1,CN-POOL-20260904-r0,MCT内容ID=13536；来源文件=content_37.json
CN-P-001045,c7a7c89f9b42ec23e9f5380982311caf9dac1838510c3d72042a1c0c6834d6ac,晋中市介休市龙凤镇南庄村,,山西省,,,非A,乡村旅游重点村,unknown,pending,第二批全国乡村旅游重点村,https://www.mct.gov.cn/tourism/#/list,API目录ID-37/2026-09-04,,,尚未映射到可回跳的知识库景点卡,,,1,CN-POOL-20260904-r0,MCT内容ID=13537；来源文件=content_37.json
CN-P-001046,41b51c6b0b8f232787f51035414fa20ee619f6d4ae653cf30fefc7f7a120c538,晋城市城区钟家庄街道洞头村,,山西省,,,非A,乡村旅游重点村,unknown,pending,第二批全国乡村旅游重点村,https://www.mct.gov.cn/tourism/#/list,API目录ID-37/2026-09-04,,,尚未映射到可回跳的知识库景点卡,,,1,CN-POOL-20260904-r0,MCT内容ID=13538；来源文件=content_37.json
CN-P-001047,1abf7f1aed7df071e6bb232a20d625795642c55da869e488c2e555bdda2c566a,晋中市榆次区乌金山镇后沟村,,山西省,,,非A,乡村旅游重点村,unknown,pending,第二批全国乡村旅游重点村,https://www.mct.gov.cn/tourism/#/list,API目录ID-37/2026-09-04,,,尚未映射到可回跳的知识库景点卡,,,1,CN-POOL-20260904-r0,MCT内容ID=13539；来源文件=content_37.json
CN-P-001048,e81727e909e9245b759711d7dbad1d02296af205fab3f634989657e2b949739d,阳泉市郊区平坦镇桃林沟村,,山西省,,,非A,乡村旅游重点村,unknown,pending,第二批全国乡村旅游重点村,https://www.mct.gov.cn/tourism/#/list,API目录ID-37/2026-09-04,,,尚未映射到可回跳的知识库景点卡,,,1,CN-POOL-20260904-r0,MCT内容ID=13540；来源文件=content_37.json
CN-P-001049,55383391f6fe82c25c2b85b935eec911db9bc7aad57fc0a8e7f8ff973b9ce4b7,晋城市泽州县金村镇东六庄村,,山西省,,,非A,乡村旅游重点村,unknown,pending,第二批全国乡村旅游重点村,https://www.mct.gov.cn/tourism/#/list,API目录ID-37/2026-09-04,,,尚未映射到可回跳的知识库景点卡,,,1,CN-POOL-20260904-r0,MCT内容ID=13541；来源文件=content_37.json
CN-P-001050,5020add09430d7334cd6400429306b204f7f8c6d9f34aa0b0019302dd74c008a,大同市灵丘县红石塄乡下车河村,,山西省,,,非A,乡村旅游重点村,unknown,pending,第二批全国乡村旅游重点村,https://www.mct.gov.cn/tourism/#/list,API目录ID-37/2026-09-04,,,尚未映射到可回跳的知识库景点卡,,,1,CN-POOL-20260904-r0,MCT内容ID=13542；来源文件=content_37.json
CN-P-001051,5314b0f6396ae177271015ce6fa7843f906f7e2dc156fc0384b0ca746ac19d48,运城市永济市开张镇东开张村,,山西省,,,非A,乡村旅游重点村,unknown,pending,第二批全国乡村旅游重点村,https://www.mct.gov.cn/tourism/#/list,API目录ID-37/2026-09-04,,,尚未映射到可回跳的知识库景点卡,,,1,CN-POOL-20260904-r0,MCT内容ID=13543；来源文件=content_37.json
CN-P-001052,5c5db17fb8704f6b2e441ad99c85f05d7f703073031765a03e83f99702a233d1,临汾市曲沃县里村镇朝阳村,,山西省,,,非A,乡村旅游重点村,unknown,pending,第二批全国乡村旅游重点村,https://www.mct.gov.cn/tourism/#/list,API目录ID-37/2026-09-04,,,尚未映射到可回跳的知识库景点卡,,,1,CN-POOL-20260904-r0,MCT内容ID=13544；来源文件=content_37.json
CN-P-001053,3513d88c51529739b349ce3cc70ecc36dfc5f9add4e3881667c7da12171171ce,太原市娄烦县天池店乡河北村,,山西省,,,非A,乡村旅游重点村,unknown,pending,第二批全国乡村旅游重点村,https://www.mct.gov.cn/tourism/#/list,API目录ID-37/2026-09-04,,,尚未映射到可回跳的知识库景点卡,,,1,CN-POOL-20260904-r0,MCT内容ID=13545；来源文件=content_37.json
CN-P-001054,c3be2913d80b7cb3bb352f23b387657b22febf32b6933e937a19371d2e148920,晋城市阳城县润城镇中庄村,,山西省,,,非A,乡村旅游重点村,unknown,pending,第二批全国乡村旅游重点村,https://www.mct.gov.cn/tourism/#/list,API目录ID-37/2026-09-04,,,尚未映射到可回跳的知识库景点卡,,,1,CN-POOL-20260904-r0,MCT内容ID=13546；来源文件=content_37.json
CN-P-001055,cb389f877d3942b898e15edc2f2f51464fae48086174faf18a0174416fa3d733,呼伦贝尔市额尔古纳市恩和俄罗斯族民族乡恩和村,,内蒙古自治区,,,非A,乡村旅游重点村,unknown,pending,第二批全国乡村旅游重点村,https://www.mct.gov.cn/tourism/#/list,API目录ID-37/2026-09-04,,,尚未映射到可回跳的知识库景点卡,,,1,CN-POOL-20260904-r0,MCT内容ID=13547；来源文件=content_37.json
CN-P-001056,3c1f93806db3a41ae4535f8e53d70cde25d5c13a30897c2611b1d603e3aad2ef,锡林郭勒盟太仆寺旗宝昌镇边墙村,,内蒙古自治区,,,非A,乡村旅游重点村,unknown,pending,第二批全国乡村旅游重点村,https://www.mct.gov.cn/tourism/#/list,API目录ID-37/2026-09-04,,,尚未映射到可回跳的知识库景点卡,,,1,CN-POOL-20260904-r0,MCT内容ID=13548；来源文件=content_37.json
CN-P-001057,5404a8c2d6c71ec509846bf02c45b0b7b5e7e22ac8317099a19284e7a9d047a0,乌海市海南区西卓子山街道赛汗乌素村,,内蒙古自治区,,,非A,乡村旅游重点村,unknown,pending,第二批全国乡村旅游重点村,https://www.mct.gov.cn/tourism/#/list,API目录ID-37/2026-09-04,,,尚未映射到可回跳的知识库景点卡,,,1,CN-POOL-20260904-r0,MCT内容ID=13549；来源文件=content_37.json
CN-P-001058,ad37bee0e05d4b30a36726878d93b0749bb32ff7791e6d382cb494a88473a5bd,通辽市经济技术开发区河西街道湛路村,,内蒙古自治区,,,非A,乡村旅游重点村,unknown,pending,第二批全国乡村旅游重点村,https://www.mct.gov.cn/tourism/#/list,API目录ID-37/2026-09-04,,,尚未映射到可回跳的知识库景点卡,,,1,CN-POOL-20260904-r0,MCT内容ID=13550；来源文件=content_37.json
CN-P-001059,a49cb046429979eb379c3ef299be29fa1f50630300d6abc31dbc3f27f598308e,呼和浩特市回民区攸攸板镇东乌素图村,,内蒙古自治区,,,非A,乡村旅游重点村,unknown,pending,第二批全国乡村旅游重点村,https://www.mct.gov.cn/tourism/#/list,API目录ID-37/2026-09-04,,,尚未映射到可回跳的知识库景点卡,,,1,CN-POOL-20260904-r0,MCT内容ID=13551；来源文件=content_37.json
CN-P-001060,1c80312a6ac44a2137dc048feb411d25d8424584a128088617f8de259097b423,锡林郭勒盟多伦县滦源镇大孤山村,,内蒙古自治区,,,非A,乡村旅游重点村,unknown,pending,第二批全国乡村旅游重点村,https://www.mct.gov.cn/tourism/#/list,API目录ID-37/2026-09-04,,,尚未映射到可回跳的知识库景点卡,,,1,CN-POOL-20260904-r0,MCT内容ID=13552；来源文件=content_37.json
CN-P-001061,97d8c7fb8ffba6ef56a74f5b118df17a938705c2a340ac073bfb863ae7bba8b9,乌兰察布市凉城县岱海镇三苏木村,,内蒙古自治区,,,非A,乡村旅游重点村,unknown,pending,第二批全国乡村旅游重点村,https://www.mct.gov.cn/tourism/#/list,API目录ID-37/2026-09-04,,,尚未映射到可回跳的知识库景点卡,,,1,CN-POOL-20260904-r0,MCT内容ID=13553；来源文件=content_37.json
CN-P-001062,74d97b8e927b904387f9944a792ed719851dad9984f69c16cbfd89e49f2d2827,鄂尔多斯市伊金霍洛旗伊金霍洛镇布拉格嘎查,,内蒙古自治区,,,非A,乡村旅游重点村,unknown,pending,第二批全国乡村旅游重点村,https://www.mct.gov.cn/tourism/#/list,API目录ID-37/2026-09-04,,,尚未映射到可回跳的知识库景点卡,,,1,CN-POOL-20260904-r0,MCT内容ID=13554；来源文件=content_37.json
CN-P-001063,8fb8d31b32d5d8ebb52e2a4c88b859dd45677fcd5ca254b3c9a5407a0390e7da,呼和浩特市赛罕区黄河少镇石人湾村,,内蒙古自治区,,,非A,乡村旅游重点村,unknown,pending,第二批全国乡村旅游重点村,https://www.mct.gov.cn/tourism/#/list,API目录ID-37/2026-09-04,,,尚未映射到可回跳的知识库景点卡,,,1,CN-POOL-20260904-r0,MCT内容ID=13555；来源文件=content_37.json
CN-P-001064,bbc94fa86050559d786129ec926c504ef2b09b73779a1913724f16c613d70160,兴安盟阿尔山白狼镇林俗村,,内蒙古自治区,,,非A,乡村旅游重点村,unknown,pending,第二批全国乡村旅游重点村,https://www.mct.gov.cn/tourism/#/list,API目录ID-37/2026-09-04,,,尚未映射到可回跳的知识库景点卡,,,1,CN-POOL-20260904-r0,MCT内容ID=13556；来源文件=content_37.json
CN-P-001065,67b30b2a8129b668f92751d038024bb02f731f206203fd0a49c99cccd13952f2,巴彦淖尔市五原县塔尔湖镇联丰村,,内蒙古自治区,,,非A,乡村旅游重点村,unknown,pending,第二批全国乡村旅游重点村,https://www.mct.gov.cn/tourism/#/list,API目录ID-37/2026-09-04,,,尚未映射到可回跳的知识库景点卡,,,1,CN-POOL-20260904-r0,MCT内容ID=13557；来源文件=content_37.json
CN-P-001066,c6da27ca5d3cfe99a16058ce4cfa0e03cb93d933f0f8cce6f47c72c78ab2eae2,赤峰市喀喇沁旗十家乡林营子村,,内蒙古自治区,,,非A,乡村旅游重点村,unknown,pending,第二批全国乡村旅游重点村,https://www.mct.gov.cn/tourism/#/list,API目录ID-37/2026-09-04,,,尚未映射到可回跳的知识库景点卡,,,1,CN-POOL-20260904-r0,MCT内容ID=13558；来源文件=content_37.json
CN-P-001067,c98f8099c4e4014e69cf6b705bff355d83502951ae1d87e4400c4de189b66efb,通辽市奈曼旗白音他拉苏木庙屯村,,内蒙古自治区,,,非A,乡村旅游重点村,unknown,pending,第二批全国乡村旅游重点村,https://www.mct.gov.cn/tourism/#/list,API目录ID-37/2026-09-04,,,尚未映射到可回跳的知识库景点卡,,,1,CN-POOL-20260904-r0,MCT内容ID=13559；来源文件=content_37.json
CN-P-001068,5eea96603f9a01200ed73c1160bd0b3658950903eaae473521d303dc18d1e3a5,呼和浩特市托克托县河口管理委员会郝家窑村,,内蒙古自治区,,,非A,乡村旅游重点村,unknown,pending,第二批全国乡村旅游重点村,https://www.mct.gov.cn/tourism/#/list,API目录ID-37/2026-09-04,,,尚未映射到可回跳的知识库景点卡,,,1,CN-POOL-20260904-r0,MCT内容ID=13560；来源文件=content_37.json
CN-P-001069,f094b9a9579e4c4c61b0ef7293be0601f36e4bfef0ab76e7a2a264e8d1ca056c,阿拉善盟阿右旗巴丹吉林镇额肯呼都格嘎查,,内蒙古自治区,,,非A,乡村旅游重点村,unknown,pending,第二批全国乡村旅游重点村,https://www.mct.gov.cn/tourism/#/list,API目录ID-37/2026-09-04,,,尚未映射到可回跳的知识库景点卡,,,1,CN-POOL-20260904-r0,MCT内容ID=13561；来源文件=content_37.json
CN-P-001070,2c11c061570e8217affce02ce3738c5a6826841e4e42207851799de5bb3d605a,辽阳市弓长岭区汤河镇柳河汤村,,辽宁省,,,非A,乡村旅游重点村,unknown,pending,第二批全国乡村旅游重点村,https://www.mct.gov.cn/tourism/#/list,API目录ID-37/2026-09-04,,,尚未映射到可回跳的知识库景点卡,,,1,CN-POOL-20260904-r0,MCT内容ID=13562；来源文件=content_37.json
CN-P-001071,0326e72efd6c0ebbb8fc484ed7bee525b0119af1b19c69aedbc1dc1283f4eb67,本溪市桓仁满族自治县向阳乡和平村,,辽宁省,,,非A,乡村旅游重点村,unknown,pending,第二批全国乡村旅游重点村,https://www.mct.gov.cn/tourism/#/list,API目录ID-37/2026-09-04,,,尚未映射到可回跳的知识库景点卡,,,1,CN-POOL-20260904-r0,MCT内容ID=13563；来源文件=content_37.json
CN-P-001072,3f70bf594ddc363c456a6e118c6656a41f56a3fe43543fdf132932f7abba2336,丹东市东港市孤山镇大鹿岛村,,辽宁省,,,非A,乡村旅游重点村,unknown,pending,第二批全国乡村旅游重点村,https://www.mct.gov.cn/tourism/#/list,API目录ID-37/2026-09-04,,,尚未映射到可回跳的知识库景点卡,,,1,CN-POOL-20260904-r0,MCT内容ID=13564；来源文件=content_37.json
CN-P-001073,ecc16bcbe1d269ec32020b1b7b442fdaace3558f305c8ba63804108a04702bd6,本溪市桓仁满族自治县雅河朝鲜族乡湾湾川村,,辽宁省,,,非A,乡村旅游重点村,unknown,pending,第二批全国乡村旅游重点村,https://www.mct.gov.cn/tourism/#/list,API目录ID-37/2026-09-04,,,尚未映射到可回跳的知识库景点卡,,,1,CN-POOL-20260904-r0,MCT内容ID=13565；来源文件=content_37.json
CN-P-001074,1a6c3a2a3f030f482bf08334e69a3131b2620a81484210660cfea0d9fcda4103,本溪市南芬区思山岭街道解放村,,辽宁省,,,非A,乡村旅游重点村,unknown,pending,第二批全国乡村旅游重点村,https://www.mct.gov.cn/tourism/#/list,API目录ID-37/2026-09-04,,,尚未映射到可回跳的知识库景点卡,,,1,CN-POOL-20260904-r0,MCT内容ID=13566；来源文件=content_37.json
CN-P-001075,504944cb6cf93ece561f735f2ece59b8f9c4cdb6e3d4c50aa3a64bb7bb30628a,鞍山市千山风景名胜区韩家峪村,,辽宁省,,,非A,乡村旅游重点村,unknown,pending,第二批全国乡村旅游重点村,https://www.mct.gov.cn/tourism/#/list,API目录ID-37/2026-09-04,,,尚未映射到可回跳的知识库景点卡,,,1,CN-POOL-20260904-r0,MCT内容ID=13567；来源文件=content_37.json
CN-P-001076,5f816e3acb9f3e412ab2a24289d44f7a18e566ab10d9fc2db66269bcaecc32a7,营口市盖州市双台镇思拉堡村,,辽宁省,,,非A,乡村旅游重点村,unknown,pending,第二批全国乡村旅游重点村,https://www.mct.gov.cn/tourism/#/list,API目录ID-37/2026-09-04,,,尚未映射到可回跳的知识库景点卡,,,1,CN-POOL-20260904-r0,MCT内容ID=13568；来源文件=content_37.json
CN-P-001077,bebec28de5c7c3e81a8bfb2f6f14e02e64fb5f501c1a529455a00b88846e7f64,大连市庄河市步云山乡步云山村,,辽宁省,,,非A,乡村旅游重点村,unknown,pending,第二批全国乡村旅游重点村,https://www.mct.gov.cn/tourism/#/list,API目录ID-37/2026-09-04,,,尚未映射到可回跳的知识库景点卡,,,1,CN-POOL-20260904-r0,MCT内容ID=13569；来源文件=content_37.json
CN-P-001078,5739d1ad6bff744860f88893554b224ec61e217807f582d27fdd51c548d295ae,大连市金普新区石河街道石河村,,辽宁省,,,非A,乡村旅游重点村,unknown,pending,第二批全国乡村旅游重点村,https://www.mct.gov.cn/tourism/#/list,API目录ID-37/2026-09-04,,,尚未映射到可回跳的知识库景点卡,,,1,CN-POOL-20260904-r0,MCT内容ID=13570；来源文件=content_37.json
CN-P-001079,7658bf6dca9a7bd07d639b6459c6564c68a7688a423ee660e28752281d07d860,阜新市阜新蒙古族自治县佛寺镇佛寺村,,辽宁省,,,非A,乡村旅游重点村,unknown,pending,第二批全国乡村旅游重点村,https://www.mct.gov.cn/tourism/#/list,API目录ID-37/2026-09-04,,,尚未映射到可回跳的知识库景点卡,,,1,CN-POOL-20260904-r0,MCT内容ID=13571；来源文件=content_37.json
CN-P-001080,638894c89015452ea79deeda994d0106115d92e74325f4c87d7b8f3bbd17c63a,沈阳市法库县大孤家子镇半拉山子村,,辽宁省,,,非A,乡村旅游重点村,unknown,pending,第二批全国乡村旅游重点村,https://www.mct.gov.cn/tourism/#/list,API目录ID-37/2026-09-04,,,尚未映射到可回跳的知识库景点卡,,,1,CN-POOL-20260904-r0,MCT内容ID=13572；来源文件=content_37.json
CN-P-001081,b1380ab6bf54f72ccda4095b60d468b42cd97d779bdfc3a3168098668608c989,盘锦市大洼区荣兴街道荣兴村,,辽宁省,,,非A,乡村旅游重点村,unknown,pending,第二批全国乡村旅游重点村,https://www.mct.gov.cn/tourism/#/list,API目录ID-37/2026-09-04,,,尚未映射到可回跳的知识库景点卡,,,1,CN-POOL-20260904-r0,MCT内容ID=13573；来源文件=content_37.json
CN-P-001082,4d2158f9a39e24854bbf6da2e3fbb3552fe590d1a3eae84cbad22ec6b68a07e9,锦州市义县瓦子峪镇大铁厂村,,辽宁省,,,非A,乡村旅游重点村,unknown,pending,第二批全国乡村旅游重点村,https://www.mct.gov.cn/tourism/#/list,API目录ID-37/2026-09-04,,,尚未映射到可回跳的知识库景点卡,,,1,CN-POOL-20260904-r0,MCT内容ID=13574；来源文件=content_37.json
CN-P-001083,bf518757fd12a4ead7f3557c121e443d952315c2b7b2c332f7316740ce912f8a,本溪市本溪满族自治县草河掌镇胡堡村,,辽宁省,,,非A,乡村旅游重点村,unknown,pending,第二批全国乡村旅游重点村,https://www.mct.gov.cn/tourism/#/list,API目录ID-37/2026-09-04,,,尚未映射到可回跳的知识库景点卡,,,1,CN-POOL-20260904-r0,MCT内容ID=13575；来源文件=content_37.json
CN-P-001084,48233a45a68f2235d365e824d2663cf4f01c515042f3ae668b0bd0a7a7e5889e,鞍山市千山区东鞍山街道对桩石村,,辽宁省,,,非A,乡村旅游重点村,unknown,pending,第二批全国乡村旅游重点村,https://www.mct.gov.cn/tourism/#/list,API目录ID-37/2026-09-04,,,尚未映射到可回跳的知识库景点卡,,,1,CN-POOL-20260904-r0,MCT内容ID=13576；来源文件=content_37.json
CN-P-001085,bd4c5e49dc6b3c6e76693a76f89fcfa73b9e5a2d6cf4beebc9af4560b420ab04,本溪市明山区卧龙街道韩家村,,辽宁省,,,非A,乡村旅游重点村,unknown,pending,第二批全国乡村旅游重点村,https://www.mct.gov.cn/tourism/#/list,API目录ID-37/2026-09-04,,,尚未映射到可回跳的知识库景点卡,,,1,CN-POOL-20260904-r0,MCT内容ID=13577；来源文件=content_37.json
CN-P-001086,20cd98f5f4942a6bc70e4de5b3ef14155682a96861eac6636f695b612cad67f2,朝阳市北票市大黑山特别管理区西苍村,,辽宁省,,,非A,乡村旅游重点村,unknown,pending,第二批全国乡村旅游重点村,https://www.mct.gov.cn/tourism/#/list,API目录ID-37/2026-09-04,,,尚未映射到可回跳的知识库景点卡,,,1,CN-POOL-20260904-r0,MCT内容ID=13578；来源文件=content_37.json
CN-P-001087,a5c9ce3828d4b429efdad7304c71c44388a7acb005dbe0c0fecace02915f076f,大连市庄河市仙人洞镇马道口村,,辽宁省,,,非A,乡村旅游重点村,unknown,pending,第二批全国乡村旅游重点村,https://www.mct.gov.cn/tourism/#/list,API目录ID-37/2026-09-04,,,尚未映射到可回跳的知识库景点卡,,,1,CN-POOL-20260904-r0,MCT内容ID=13579；来源文件=content_37.json
CN-P-001088,7bf73430b4b1e718921920801480fe98fe78f3dc02a242b5c2c7e50f86c11b1d,朝阳市喀喇沁左翼蒙古族自治县平房子镇小营村,,辽宁省,,,非A,乡村旅游重点村,unknown,pending,第二批全国乡村旅游重点村,https://www.mct.gov.cn/tourism/#/list,API目录ID-37/2026-09-04,,,尚未映射到可回跳的知识库景点卡,,,1,CN-POOL-20260904-r0,MCT内容ID=13580；来源文件=content_37.json
CN-P-001089,3f10500c89045ae3d70bc3d0f9edbe37761f693ba5fc90c880e167d3f4cd6ba7,本溪市桓仁满族自治县普乐堡镇老漫子村,,辽宁省,,,非A,乡村旅游重点村,unknown,pending,第二批全国乡村旅游重点村,https://www.mct.gov.cn/tourism/#/list,API目录ID-37/2026-09-04,,,尚未映射到可回跳的知识库景点卡,,,1,CN-POOL-20260904-r0,MCT内容ID=13581；来源文件=content_37.json
CN-P-001090,0e238d9f087c803f4ae4d991c58575d864b330b7c93c3a00b7133470549256ef,铁岭市银州区龙山乡七里屯村,,辽宁省,,,非A,乡村旅游重点村,unknown,pending,第二批全国乡村旅游重点村,https://www.mct.gov.cn/tourism/#/list,API目录ID-37/2026-09-04,,,尚未映射到可回跳的知识库景点卡,,,1,CN-POOL-20260904-r0,MCT内容ID=13582；来源文件=content_37.json
CN-P-001091,db49d648a9480c0a1f3d35f7f61d1c054468e33560d28196895dc8d16ac54d17,延边朝鲜族自治州珲春市敬信镇防川村,,吉林省,,,非A,乡村旅游重点村,unknown,pending,第二批全国乡村旅游重点村,https://www.mct.gov.cn/tourism/#/list,API目录ID-37/2026-09-04,,,尚未映射到可回跳的知识库景点卡,,,1,CN-POOL-20260904-r0,MCT内容ID=13583；来源文件=content_37.json
CN-P-001092,f8ef9194a425a428cf0632c05528ba2d768a8be2502a7477bcfcd8fe83e68d44,长春市莲花山生态旅游度假区泉眼镇泉眼村,,吉林省,,,非A,乡村旅游重点村,unknown,pending,第二批全国乡村旅游重点村,https://www.mct.gov.cn/tourism/#/list,API目录ID-37/2026-09-04,,,尚未映射到可回跳的知识库景点卡,,,1,CN-POOL-20260904-r0,MCT内容ID=13584；来源文件=content_37.json
CN-P-001093,01fdd18aca44de18eb49c4c6092c93c38c036f315e0b2c1d0dad0a7d036a269d,吉林市丰满区江南乡孟家村,,吉林省,,,非A,乡村旅游重点村,unknown,pending,第二批全国乡村旅游重点村,https://www.mct.gov.cn/tourism/#/list,API目录ID-37/2026-09-04,,,尚未映射到可回跳的知识库景点卡,,,1,CN-POOL-20260904-r0,MCT内容ID=13585；来源文件=content_37.json
CN-P-001094,fb089f9c246ba1bc04faa4654f68bc7689463298d2b7de4692bb8d15e59d0ddb,长春市九台区土门岭街道马鞍山村,,吉林省,,,非A,乡村旅游重点村,unknown,pending,第二批全国乡村旅游重点村,https://www.mct.gov.cn/tourism/#/list,API目录ID-37/2026-09-04,,,尚未映射到可回跳的知识库景点卡,,,1,CN-POOL-20260904-r0,MCT内容ID=13586；来源文件=content_37.json
CN-P-001095,2edb79eb29edecfd82f96c5831156dda6455ab3d47aa5fd165f4c8767ee96450,通化市柳河县安口镇青沟子村,,吉林省,,,非A,乡村旅游重点村,unknown,pending,第二批全国乡村旅游重点村,https://www.mct.gov.cn/tourism/#/list,API目录ID-37/2026-09-04,,,尚未映射到可回跳的知识库景点卡,,,1,CN-POOL-20260904-r0,MCT内容ID=13587；来源文件=content_37.json
CN-P-001096,b3e5718a8bcff994664630ed197c945b811a5c7849bafe9803eff9db96c439d2,通化市集安市太王镇钱湾村,,吉林省,,,非A,乡村旅游重点村,unknown,pending,第二批全国乡村旅游重点村,https://www.mct.gov.cn/tourism/#/list,API目录ID-37/2026-09-04,,,尚未映射到可回跳的知识库景点卡,,,1,CN-POOL-20260904-r0,MCT内容ID=13588；来源文件=content_37.json
CN-P-001097,512fad133cd76fff3ef4850323c41ddde3e2b6bb5779c9e0adb994b1d5440a3e,延边朝鲜族自治州安图县万宝镇红旗村,,吉林省,,,非A,乡村旅游重点村,unknown,pending,第二批全国乡村旅游重点村,https://www.mct.gov.cn/tourism/#/list,API目录ID-37/2026-09-04,,,尚未映射到可回跳的知识库景点卡,,,1,CN-POOL-20260904-r0,MCT内容ID=13589；来源文件=content_37.json
CN-P-001098,224c7057a243813167e5418961232131e35871ee4f6fff7803fce755e66b8777,延边朝鲜族自治州汪清县大兴沟镇红日村,,吉林省,,,非A,乡村旅游重点村,unknown,pending,第二批全国乡村旅游重点村,https://www.mct.gov.cn/tourism/#/list,API目录ID-37/2026-09-04,,,尚未映射到可回跳的知识库景点卡,,,1,CN-POOL-20260904-r0,MCT内容ID=13590；来源文件=content_37.json
CN-P-001099,3cb7bb442c902ee5d879cfb5e728e6ebd7164bc93a17760f9437e9ec2b99d76d,长春市农安县华家镇战家村,,吉林省,,,非A,乡村旅游重点村,unknown,pending,第二批全国乡村旅游重点村,https://www.mct.gov.cn/tourism/#/list,API目录ID-37/2026-09-04,,,尚未映射到可回跳的知识库景点卡,,,1,CN-POOL-20260904-r0,MCT内容ID=13591；来源文件=content_37.json
CN-P-001100,812c7f65a67b134cf2b50b2b3a65480974695ecbcaafaaf585437f9816f2e525,四平市伊通满族自治县河源镇保南村,,吉林省,,,非A,乡村旅游重点村,unknown,pending,第二批全国乡村旅游重点村,https://www.mct.gov.cn/tourism/#/list,API目录ID-37/2026-09-04,,,尚未映射到可回跳的知识库景点卡,,,1,CN-POOL-20260904-r0,MCT内容ID=13592；来源文件=content_37.json
CN-P-001101,b5f2e74f636d36b127f0456f465dca12ef2ca8d046f9be99d14e6998523091bb,延边朝鲜族自治州敦化市雁鸣湖镇大山村,,吉林省,,,非A,乡村旅游重点村,unknown,pending,第二批全国乡村旅游重点村,https://www.mct.gov.cn/tourism/#/list,API目录ID-37/2026-09-04,,,尚未映射到可回跳的知识库景点卡,,,1,CN-POOL-20260904-r0,MCT内容ID=13593；来源文件=content_37.json
CN-P-001102,82f9bd74ff4ead7fe7d26bc0760ef5f2be032284523f59a70ed501f2bd796f50,延边朝鲜族自治州敦化市雁鸣湖镇小山村,,吉林省,,,非A,乡村旅游重点村,unknown,pending,第二批全国乡村旅游重点村,https://www.mct.gov.cn/tourism/#/list,API目录ID-37/2026-09-04,,,尚未映射到可回跳的知识库景点卡,,,1,CN-POOL-20260904-r0,MCT内容ID=13594；来源文件=content_37.json
CN-P-001103,b44f7a98efdd51b1b772c7cf9ee0763c747e79c4c40e5e0e1581f7dad59fe750,通化市辉南县金川镇金川村,,吉林省,,,非A,乡村旅游重点村,unknown,pending,第二批全国乡村旅游重点村,https://www.mct.gov.cn/tourism/#/list,API目录ID-37/2026-09-04,,,尚未映射到可回跳的知识库景点卡,,,1,CN-POOL-20260904-r0,MCT内容ID=13595；来源文件=content_37.json
CN-P-001104,fa45f8968f7d3ca3bf70da5e9844b2457573b599471c14beeb61e6f74aaf203b,延边朝鲜族自治州图们市石岘镇水南村,,吉林省,,,非A,乡村旅游重点村,unknown,pending,第二批全国乡村旅游重点村,https://www.mct.gov.cn/tourism/#/list,API目录ID-37/2026-09-04,,,尚未映射到可回跳的知识库景点卡,,,1,CN-POOL-20260904-r0,MCT内容ID=13596；来源文件=content_37.json
CN-P-001105,0a3168cbd8a992e356ba99a95f67d65e9e22aa89dd36c0b5fc4d37e8093db3d5,吉林市蛟河市漂河镇富江村,,吉林省,,,非A,乡村旅游重点村,unknown,pending,第二批全国乡村旅游重点村,https://www.mct.gov.cn/tourism/#/list,API目录ID-37/2026-09-04,,,尚未映射到可回跳的知识库景点卡,,,1,CN-POOL-20260904-r0,MCT内容ID=13597；来源文件=content_37.json
CN-P-001106,0589cfe0bf12f1d2cb9bffa571d04a572d4cd08fb02bf513f0990e82056d0f6d,通化市通化县西江镇岔信村,,吉林省,,,非A,乡村旅游重点村,unknown,pending,第二批全国乡村旅游重点村,https://www.mct.gov.cn/tourism/#/list,API目录ID-37/2026-09-04,,,尚未映射到可回跳的知识库景点卡,,,1,CN-POOL-20260904-r0,MCT内容ID=13598；来源文件=content_37.json
CN-P-001107,f46944bd4cf402e07be17738679b09383fb5b346c195c9d166c63d2799ae480a,白山市临江市四道沟镇坡口村,,吉林省,,,非A,乡村旅游重点村,unknown,pending,第二批全国乡村旅游重点村,https://www.mct.gov.cn/tourism/#/list,API目录ID-37/2026-09-04,,,尚未映射到可回跳的知识库景点卡,,,1,CN-POOL-20260904-r0,MCT内容ID=13599；来源文件=content_37.json
CN-P-001108,acdae63eefb2bff1b276d237cf6d5d618b39ac0437d1eb71d8305cf508d01d6d,吉林市永吉县北大湖镇草庙子村,,吉林省,,,非A,乡村旅游重点村,unknown,pending,第二批全国乡村旅游重点村,https://www.mct.gov.cn/tourism/#/list,API目录ID-37/2026-09-04,,,尚未映射到可回跳的知识库景点卡,,,1,CN-POOL-20260904-r0,MCT内容ID=13600；来源文件=content_37.json
CN-P-001109,d1d9509eb5b2471bcffddce613dffa2017d22197946aa815bf8f7c23c4b5fcad,通化市东昌区金厂镇上龙头村,,吉林省,,,非A,乡村旅游重点村,unknown,pending,第二批全国乡村旅游重点村,https://www.mct.gov.cn/tourism/#/list,API目录ID-37/2026-09-04,,,尚未映射到可回跳的知识库景点卡,,,1,CN-POOL-20260904-r0,MCT内容ID=13601；来源文件=content_37.json
CN-P-001110,8bff35442147c65c871b39e137ed38e5f7926b61b42c62621aaebf0a35de1c6a,黑河市爱辉区瑷珲镇外四道沟村,,黑龙江省,,,非A,乡村旅游重点村,unknown,pending,第二批全国乡村旅游重点村,https://www.mct.gov.cn/tourism/#/list,API目录ID-37/2026-09-04,,,尚未映射到可回跳的知识库景点卡,,,1,CN-POOL-20260904-r0,MCT内容ID=13602；来源文件=content_37.json
CN-P-001111,585c3a23ff98c9456bd07393b9239f6bcf70f554509cc31975f4b966ee5f7cb0,伊春市上甘岭林业局溪水林场,,黑龙江省,,,非A,乡村旅游重点村,unknown,pending,第二批全国乡村旅游重点村,https://www.mct.gov.cn/tourism/#/list,API目录ID-37/2026-09-04,,,尚未映射到可回跳的知识库景点卡,,,1,CN-POOL-20260904-r0,MCT内容ID=13603；来源文件=content_37.json
CN-P-001112,bade05dfccb530a4a0725df8682a4c28a88abc80a0bc17dbcee559609adba349,哈尔滨市尚志市鱼池乡新兴村,,黑龙江省,,,非A,乡村旅游重点村,unknown,pending,第二批全国乡村旅游重点村,https://www.mct.gov.cn/tourism/#/list,API目录ID-37/2026-09-04,,,尚未映射到可回跳的知识库景点卡,,,1,CN-POOL-20260904-r0,MCT内容ID=13604；来源文件=content_37.json
CN-P-001113,4e20c4c4a783a625d489d5cbb521c0304f3b8242497f551ffbfc11910adadf8f,鸡西市虎林市虎头镇虎头村,,黑龙江省,,,非A,乡村旅游重点村,unknown,pending,第二批全国乡村旅游重点村,https://www.mct.gov.cn/tourism/#/list,API目录ID-37/2026-09-04,,,尚未映射到可回跳的知识库景点卡,,,1,CN-POOL-20260904-r0,MCT内容ID=13605；来源文件=content_37.json
CN-P-001114,01a01c5abc1af35ad4f54283c202fdd5ea726d86b4a60329158b0ccc9125b186,大兴安岭地区漠河县北极镇洛古河村,,黑龙江省,,,非A,乡村旅游重点村,unknown,pending,第二批全国乡村旅游重点村,https://www.mct.gov.cn/tourism/#/list,API目录ID-37/2026-09-04,,,尚未映射到可回跳的知识库景点卡,,,1,CN-POOL-20260904-r0,MCT内容ID=13606；来源文件=content_37.json
CN-P-001115,3c8eeacff4af1451f09f6148131b6b36353bb15d13f06fd9408d9799590ec5fc,佳木斯市桦川县星火朝鲜族乡星火村,,黑龙江省,,,非A,乡村旅游重点村,unknown,pending,第二批全国乡村旅游重点村,https://www.mct.gov.cn/tourism/#/list,API目录ID-37/2026-09-04,,,尚未映射到可回跳的知识库景点卡,,,1,CN-POOL-20260904-r0,MCT内容ID=13607；来源文件=content_37.json
CN-P-001116,9fbd528a9cfebeaf1f1abb56d00fc0b8a945e5c55e5a7ac43e3e13f11e0d0a5f,七台河市勃利县勃利镇元明村,,黑龙江省,,,非A,乡村旅游重点村,unknown,pending,第二批全国乡村旅游重点村,https://www.mct.gov.cn/tourism/#/list,API目录ID-37/2026-09-04,,,尚未映射到可回跳的知识库景点卡,,,1,CN-POOL-20260904-r0,MCT内容ID=13608；来源文件=content_37.json
CN-P-001117,8ed4834b003d952b37e66cda202b0b9f1834a7b2138c27c3c43bdb0a79536b86,牡丹江市海林市横道河子镇七里地村,,黑龙江省,,,非A,乡村旅游重点村,unknown,pending,第二批全国乡村旅游重点村,https://www.mct.gov.cn/tourism/#/list,API目录ID-37/2026-09-04,,,尚未映射到可回跳的知识库景点卡,,,1,CN-POOL-20260904-r0,MCT内容ID=13609；来源文件=content_37.json
CN-P-001118,59ae9c39cba3377079b22fedb7c1560f53d89e93aafcccb0aeb83d91e013d494,齐齐哈尔市讷河市兴旺鄂温克族乡索伦村,,黑龙江省,,,非A,乡村旅游重点村,unknown,pending,第二批全国乡村旅游重点村,https://www.mct.gov.cn/tourism/#/list,API目录ID-37/2026-09-04,,,尚未映射到可回跳的知识库景点卡,,,1,CN-POOL-20260904-r0,MCT内容ID=13610；来源文件=content_37.json
CN-P-001119,03812d67016253a3001fb016658d77e25f3ae7ddc775c3b75e0e0510bd0f378a,伊春市铁力市年丰朝鲜族乡长山村,,黑龙江省,,,非A,乡村旅游重点村,unknown,pending,第二批全国乡村旅游重点村,https://www.mct.gov.cn/tourism/#/list,API目录ID-37/2026-09-04,,,尚未映射到可回跳的知识库景点卡,,,1,CN-POOL-20260904-r0,MCT内容ID=13611；来源文件=content_37.json
CN-P-001120,dfbbbef2a5e80373140a1a7e2c0cdf4429ff550bd180b99c8f98d749be69e2c3,黑河市五大连池市朝阳乡边河村,,黑龙江省,,,非A,乡村旅游重点村,unknown,pending,第二批全国乡村旅游重点村,https://www.mct.gov.cn/tourism/#/list,API目录ID-37/2026-09-04,,,尚未映射到可回跳的知识库景点卡,,,1,CN-POOL-20260904-r0,MCT内容ID=13612；来源文件=content_37.json
CN-P-001121,890b32a0efd2cfc6839bafe8db36fe4ea8eb1084deb2512643419f9e3250c0cd,鸡西市密山市白鱼湾镇湖沿村,,黑龙江省,,,非A,乡村旅游重点村,unknown,pending,第二批全国乡村旅游重点村,https://www.mct.gov.cn/tourism/#/list,API目录ID-37/2026-09-04,,,尚未映射到可回跳的知识库景点卡,,,1,CN-POOL-20260904-r0,MCT内容ID=13613；来源文件=content_37.json
CN-P-001122,1ef408a764bcabbe038c0d3ec25a27860fe2aef80a047cea8bc7e6f136a44d0c,黑河市爱辉区新生乡新生村,,黑龙江省,,,非A,乡村旅游重点村,unknown,pending,第二批全国乡村旅游重点村,https://www.mct.gov.cn/tourism/#/list,API目录ID-37/2026-09-04,,,尚未映射到可回跳的知识库景点卡,,,1,CN-POOL-20260904-r0,MCT内容ID=13614；来源文件=content_37.json
CN-P-001123,6559fe7811ec2d591f9213ae608a9262ecbf470a1f43aa8a921921d9ece44892,鹤岗市萝北县东明乡红光村,,黑龙江省,,,非A,乡村旅游重点村,unknown,pending,第二批全国乡村旅游重点村,https://www.mct.gov.cn/tourism/#/list,API目录ID-37/2026-09-04,,,尚未映射到可回跳的知识库景点卡,,,1,CN-POOL-20260904-r0,MCT内容ID=13615；来源文件=content_37.json
CN-P-001124,f35e7b39777e56d1b75be5fffe6b532a8cc1992a279f866944ce766069421577,齐齐哈尔市甘南县兴十四镇兴十四村,,黑龙江省,,,非A,乡村旅游重点村,unknown,pending,第二批全国乡村旅游重点村,https://www.mct.gov.cn/tourism/#/list,API目录ID-37/2026-09-04,,,尚未映射到可回跳的知识库景点卡,,,1,CN-POOL-20260904-r0,MCT内容ID=13616；来源文件=content_37.json
CN-P-001125,50a2bf7d353244717d77b0569f7df86fe74b8668b2cb4f865cc8723fd8764db3,大庆市杜蒙县胡吉吐莫镇东吐莫村,,黑龙江省,,,非A,乡村旅游重点村,unknown,pending,第二批全国乡村旅游重点村,https://www.mct.gov.cn/tourism/#/list,API目录ID-37/2026-09-04,,,尚未映射到可回跳的知识库景点卡,,,1,CN-POOL-20260904-r0,MCT内容ID=13617；来源文件=content_37.json
CN-P-001126,0192884a3f17048c6f679feab43b0cafb21f91d66237fbe0c2c79ea549bcf885,绥化市兰西县兰西镇永久村,,黑龙江省,,,非A,乡村旅游重点村,unknown,pending,第二批全国乡村旅游重点村,https://www.mct.gov.cn/tourism/#/list,API目录ID-37/2026-09-04,,,尚未映射到可回跳的知识库景点卡,,,1,CN-POOL-20260904-r0,MCT内容ID=13618；来源文件=content_37.json
CN-P-001127,7163338a4e9973e0c2af646616439da54b7a94ddf04083127bdc39b166a062ee,佳木斯市抚远市乌苏镇抓吉赫哲族村,,黑龙江省,,,非A,乡村旅游重点村,unknown,pending,第二批全国乡村旅游重点村,https://www.mct.gov.cn/tourism/#/list,API目录ID-37/2026-09-04,,,尚未映射到可回跳的知识库景点卡,,,1,CN-POOL-20260904-r0,MCT内容ID=13619；来源文件=content_37.json
CN-P-001128,49b0f06d4ba9ccd411dba37d8bbcd3e1844925446ee8638c75639b3170711e11,伊春市大箐山县朗乡镇达里村,,黑龙江省,,,非A,乡村旅游重点村,unknown,pending,第二批全国乡村旅游重点村,https://www.mct.gov.cn/tourism/#/list,API目录ID-37/2026-09-04,,,尚未映射到可回跳的知识库景点卡,,,1,CN-POOL-20260904-r0,MCT内容ID=13620；来源文件=content_37.json
CN-P-001129,97f8eb1efb52479cded52af701c1bdfe7c13080677333ad459640b7881dfed84,佳木斯市汤原县汤旺朝鲜族乡金星村,,黑龙江省,,,非A,乡村旅游重点村,unknown,pending,第二批全国乡村旅游重点村,https://www.mct.gov.cn/tourism/#/list,API目录ID-37/2026-09-04,,,尚未映射到可回跳的知识库景点卡,,,1,CN-POOL-20260904-r0,MCT内容ID=13621；来源文件=content_37.json
CN-P-001130,5a58c5771e0be204bca5d240cfcc86ce1dc4ebc7b66f117425bac0d89b3604fe,大兴安岭地区呼玛县白银纳鄂伦春族乡白银纳村,,黑龙江省,,,非A,乡村旅游重点村,unknown,pending,第二批全国乡村旅游重点村,https://www.mct.gov.cn/tourism/#/list,API目录ID-37/2026-09-04,,,尚未映射到可回跳的知识库景点卡,,,1,CN-POOL-20260904-r0,MCT内容ID=13622；来源文件=content_37.json
CN-P-001131,0345db6fbf3c42f02685a1db90134bcfdfd580a9d2c97061b2715f06ac1cba5e,金山区廊下镇山塘村,,上海市,,,非A,乡村旅游重点村,unknown,pending,第二批全国乡村旅游重点村,https://www.mct.gov.cn/tourism/#/list,API目录ID-37/2026-09-04,,,尚未映射到可回跳的知识库景点卡,,,1,CN-POOL-20260904-r0,MCT内容ID=13623；来源文件=content_37.json
CN-P-001132,3d1e11c0851c7f7afdcebacb39ea6e003cc6981efc9b2609aa71431efbb00b9f,崇明区绿华镇绿港村,,上海市,,,非A,乡村旅游重点村,unknown,pending,第二批全国乡村旅游重点村,https://www.mct.gov.cn/tourism/#/list,API目录ID-37/2026-09-04,,,尚未映射到可回跳的知识库景点卡,,,1,CN-POOL-20260904-r0,MCT内容ID=13624；来源文件=content_37.json
CN-P-001133,3ae5e1857500a49953d6022e3edd786a63a6f10a12bfaa345e4cf7350edf8b3c,浦东新区大团镇赵桥村,,上海市,,,非A,乡村旅游重点村,unknown,pending,第二批全国乡村旅游重点村,https://www.mct.gov.cn/tourism/#/list,API目录ID-37/2026-09-04,,,尚未映射到可回跳的知识库景点卡,,,1,CN-POOL-20260904-r0,MCT内容ID=13625；来源文件=content_37.json
CN-P-001134,0d6a9b743acf5aaa8eb97460b75024b67262503b5375ed23df290c01b8f7aa2d,青浦区朱家角镇张马村,,上海市,,,非A,乡村旅游重点村,unknown,pending,第二批全国乡村旅游重点村,https://www.mct.gov.cn/tourism/#/list,API目录ID-37/2026-09-04,,,尚未映射到可回跳的知识库景点卡,,,1,CN-POOL-20260904-r0,MCT内容ID=13626；来源文件=content_37.json
CN-P-001135,3c2502e27988e1d4ab00b2bcf807fe257eddb00765d8fc0010150a5f68aee0e3,宝山区罗泾镇塘湾村,,上海市,,,非A,乡村旅游重点村,unknown,pending,第二批全国乡村旅游重点村,https://www.mct.gov.cn/tourism/#/list,API目录ID-37/2026-09-04,,,尚未映射到可回跳的知识库景点卡,,,1,CN-POOL-20260904-r0,MCT内容ID=13627；来源文件=content_37.json
CN-P-001136,a7fe2c14656d9631eda3011475790322ca159ea5c53b87352bebc48ace83a9e9,崇明区横沙乡丰乐村,,上海市,,,非A,乡村旅游重点村,unknown,pending,第二批全国乡村旅游重点村,https://www.mct.gov.cn/tourism/#/list,API目录ID-37/2026-09-04,,,尚未映射到可回跳的知识库景点卡,,,1,CN-POOL-20260904-r0,MCT内容ID=13628；来源文件=content_37.json
CN-P-001137,969b9c846d8bda3317c3b19dbff5635cc4b104e58a71b900cad71f571613e620,崇明区陈家镇瀛东村,,上海市,,,非A,乡村旅游重点村,unknown,pending,第二批全国乡村旅游重点村,https://www.mct.gov.cn/tourism/#/list,API目录ID-37/2026-09-04,,,尚未映射到可回跳的知识库景点卡,,,1,CN-POOL-20260904-r0,MCT内容ID=13629；来源文件=content_37.json
CN-P-001138,0084c26222e306198e3af29e859c6cb99b1d1cdf96a5c1a9b1f9a05035ed3169,金山区朱泾镇待泾村,,上海市,,,非A,乡村旅游重点村,unknown,pending,第二批全国乡村旅游重点村,https://www.mct.gov.cn/tourism/#/list,API目录ID-37/2026-09-04,,,尚未映射到可回跳的知识库景点卡,,,1,CN-POOL-20260904-r0,MCT内容ID=13630；来源文件=content_37.json
CN-P-001139,a3b3a6da34842cc4a2e8828497e9e9f80c477eb30f0af19a1ba1f1e446fc7e47,宝山区罗泾镇海星村,,上海市,,,非A,乡村旅游重点村,unknown,pending,第二批全国乡村旅游重点村,https://www.mct.gov.cn/tourism/#/list,API目录ID-37/2026-09-04,,,尚未映射到可回跳的知识库景点卡,,,1,CN-POOL-20260904-r0,MCT内容ID=13631；来源文件=content_37.json
CN-P-001140,8565423c5b6cc416940d1fc4526f7c1b4ff682d070797f8464890c22f44ed5dc,金山区枫泾镇中洪村,,上海市,,,非A,乡村旅游重点村,unknown,pending,第二批全国乡村旅游重点村,https://www.mct.gov.cn/tourism/#/list,API目录ID-37/2026-09-04,,,尚未映射到可回跳的知识库景点卡,,,1,CN-POOL-20260904-r0,MCT内容ID=13632；来源文件=content_37.json
CN-P-001141,226605758b046bd70d18be9d3b0315eb430ef0e9b0b06af7221414089c6ad9c5,浦东新区祝桥镇邓三村,,上海市,,,非A,乡村旅游重点村,unknown,pending,第二批全国乡村旅游重点村,https://www.mct.gov.cn/tourism/#/list,API目录ID-37/2026-09-04,,,尚未映射到可回跳的知识库景点卡,,,1,CN-POOL-20260904-r0,MCT内容ID=13633；来源文件=content_37.json
CN-P-001142,cb8ae6088b310b64b182b9ea94a131d5f6a6cde4e308488725f35a606fbe18aa,南京市江宁区横溪街道石塘村,,江苏省,,,非A,乡村旅游重点村,unknown,pending,第二批全国乡村旅游重点村,https://www.mct.gov.cn/tourism/#/list,API目录ID-37/2026-09-04,,,尚未映射到可回跳的知识库景点卡,,,1,CN-POOL-20260904-r0,MCT内容ID=13634；来源文件=content_37.json
CN-P-001143,7e16e9e726aafe9964420d532c7a1337335f536672889617becfd668abee9447,常州市溧阳市溧城镇礼诗圩村,,江苏省,,,非A,乡村旅游重点村,unknown,pending,第二批全国乡村旅游重点村,https://www.mct.gov.cn/tourism/#/list,API目录ID-37/2026-09-04,,,尚未映射到可回跳的知识库景点卡,,,1,CN-POOL-20260904-r0,MCT内容ID=13635；来源文件=content_37.json
CN-P-001144,ff97116fd3c5ad9153cd3746fe8ee019d445e94bb07f4d2e997f269e1373db18,泰州市姜堰区三水街道小杨村,,江苏省,,,非A,乡村旅游重点村,unknown,pending,第二批全国乡村旅游重点村,https://www.mct.gov.cn/tourism/#/list,API目录ID-37/2026-09-04,,,尚未映射到可回跳的知识库景点卡,,,1,CN-POOL-20260904-r0,MCT内容ID=13636；来源文件=content_37.json
CN-P-001145,ce498f9f3fd5b4096474b30ac39271fefa4eddd3b07273c69eb2f7378078d005,镇江市句容市茅山镇丁庄村,,江苏省,,,非A,乡村旅游重点村,unknown,pending,第二批全国乡村旅游重点村,https://www.mct.gov.cn/tourism/#/list,API目录ID-37/2026-09-04,,,尚未映射到可回跳的知识库景点卡,,,1,CN-POOL-20260904-r0,MCT内容ID=13637；来源文件=content_37.json
CN-P-001146,31243ef98e41611b419fd23580383a7d5d17efed902b5e916d67626fa48c5929,苏州市高新区通安镇树山村,,江苏省,,,非A,乡村旅游重点村,unknown,pending,第二批全国乡村旅游重点村,https://www.mct.gov.cn/tourism/#/list,API目录ID-37/2026-09-04,,,尚未映射到可回跳的知识库景点卡,,,1,CN-POOL-20260904-r0,MCT内容ID=13638；来源文件=content_37.json
CN-P-001147,42a4a787c9c0c09a4926053d4086798c41c84ad71d6b7228f8f4327df45b4221,南通市如东县栟茶镇三园村,,江苏省,,,非A,乡村旅游重点村,unknown,pending,第二批全国乡村旅游重点村,https://www.mct.gov.cn/tourism/#/list,API目录ID-37/2026-09-04,,,尚未映射到可回跳的知识库景点卡,,,1,CN-POOL-20260904-r0,MCT内容ID=13639；来源文件=content_37.json
CN-P-001148,8a2cb4d3cdaac4b62c052a7c119c09ae8488b7c258ca1f0fd18d8f567187c982,盐城市东台市五烈镇甘港村,,江苏省,,,非A,乡村旅游重点村,unknown,pending,第二批全国乡村旅游重点村,https://www.mct.gov.cn/tourism/#/list,API目录ID-37/2026-09-04,,,尚未映射到可回跳的知识库景点卡,,,1,CN-POOL-20260904-r0,MCT内容ID=13640；来源文件=content_37.json
CN-P-001149,4559657c39c19532469fc09f7b764131be342851bd48f1a7432cda003fdecb21,徐州市铜山区汉王镇汉王村,,江苏省,,,非A,乡村旅游重点村,unknown,pending,第二批全国乡村旅游重点村,https://www.mct.gov.cn/tourism/#/list,API目录ID-37/2026-09-04,,,尚未映射到可回跳的知识库景点卡,,,1,CN-POOL-20260904-r0,MCT内容ID=13641；来源文件=content_37.json
CN-P-001150,5c961865e9cdba3e9086686ae76abb3d1fdd64635e000edf89a6ef303071e7e4,泰州市兴化市千垛镇东罗村,,江苏省,,,非A,乡村旅游重点村,unknown,pending,第二批全国乡村旅游重点村,https://www.mct.gov.cn/tourism/#/list,API目录ID-37/2026-09-04,,,尚未映射到可回跳的知识库景点卡,,,1,CN-POOL-20260904-r0,MCT内容ID=13642；来源文件=content_37.json
CN-P-001151,066019cfe2d9aa9bf43a72b35c61fb04d9b0f940d637203dd90c4fb544e68193,常州市武进区雪堰镇城西回民村,,江苏省,,,非A,乡村旅游重点村,unknown,pending,第二批全国乡村旅游重点村,https://www.mct.gov.cn/tourism/#/list,API目录ID-37/2026-09-04,,,尚未映射到可回跳的知识库景点卡,,,1,CN-POOL-20260904-r0,MCT内容ID=13643；来源文件=content_37.json
CN-P-001152,bb431938cfa924d69406382832b6cda5a74f86b47e53f895e180eaeaf39903da,连云港市连云区西连岛村,,江苏省,,,非A,乡村旅游重点村,unknown,pending,第二批全国乡村旅游重点村,https://www.mct.gov.cn/tourism/#/list,API目录ID-37/2026-09-04,,,尚未映射到可回跳的知识库景点卡,,,1,CN-POOL-20260904-r0,MCT内容ID=13644；来源文件=content_37.json
CN-P-001153,a5de1bd681b66a6da6b4488d55b08f648408a0453a5603985d5733f10e51995c,南京市溧水区白马镇李巷村,,江苏省,,,非A,乡村旅游重点村,unknown,pending,第二批全国乡村旅游重点村,https://www.mct.gov.cn/tourism/#/list,API目录ID-37/2026-09-04,,,尚未映射到可回跳的知识库景点卡,,,1,CN-POOL-20260904-r0,MCT内容ID=13645；来源文件=content_37.json
CN-P-001154,26faebd7a5a235722af504bdfbac6b9362dcf3f6065ad1181d498a89de14f097,镇江市丹徒区江心洲生态农业园区五套村,,江苏省,,,非A,乡村旅游重点村,unknown,pending,第二批全国乡村旅游重点村,https://www.mct.gov.cn/tourism/#/list,API目录ID-37/2026-09-04,,,尚未映射到可回跳的知识库景点卡,,,1,CN-POOL-20260904-r0,MCT内容ID=13646；来源文件=content_37.json
CN-P-001155,c418790f2d076a5e69ff2f9fe3f2c277635e5c996b8b0b8eb03e82251de36783,徐州市铜山区柳泉镇北村,,江苏省,,,非A,乡村旅游重点村,unknown,pending,第二批全国乡村旅游重点村,https://www.mct.gov.cn/tourism/#/list,API目录ID-37/2026-09-04,,,尚未映射到可回跳的知识库景点卡,,,1,CN-POOL-20260904-r0,MCT内容ID=13647；来源文件=content_37.json
CN-P-001156,888b18c2d21c5987a026c9eb431a83eeb0a9da5ec99558f9fdcad1a3a995757b,南京市高淳区东坝街道三条垄田园慢村,,江苏省,,,非A,乡村旅游重点村,unknown,pending,第二批全国乡村旅游重点村,https://www.mct.gov.cn/tourism/#/list,API目录ID-37/2026-09-04,,,尚未映射到可回跳的知识库景点卡,,,1,CN-POOL-20260904-r0,MCT内容ID=13648；来源文件=content_37.json
CN-P-001157,680c6d155ec1170d5c2e48b2a420a360ad3e879b50d8fbaec08525c78b34eabc,无锡市滨湖区马山街道群丰社区,,江苏省,,,非A,乡村旅游重点村,unknown,pending,第二批全国乡村旅游重点村,https://www.mct.gov.cn/tourism/#/list,API目录ID-37/2026-09-04,,,尚未映射到可回跳的知识库景点卡,,,1,CN-POOL-20260904-r0,MCT内容ID=13649；来源文件=content_37.json
CN-P-001158,e094a7bdc041b2ae6961dc63d778863eeb61fbabac5b8f188a2daccba4414dac,无锡市江阴市华士镇华西新市村,,江苏省,,,非A,乡村旅游重点村,unknown,pending,第二批全国乡村旅游重点村,https://www.mct.gov.cn/tourism/#/list,API目录ID-37/2026-09-04,,,尚未映射到可回跳的知识库景点卡,,,1,CN-POOL-20260904-r0,MCT内容ID=13650；来源文件=content_37.json
CN-P-001159,0f5526d1b915291585cf74e4e169a4866672d58dc6c9b93fc0a601348f12887e,常州市溧阳市南渡镇庆丰村,,江苏省,,,非A,乡村旅游重点村,unknown,pending,第二批全国乡村旅游重点村,https://www.mct.gov.cn/tourism/#/list,API目录ID-37/2026-09-04,,,尚未映射到可回跳的知识库景点卡,,,1,CN-POOL-20260904-r0,MCT内容ID=13651；来源文件=content_37.json
CN-P-001160,8d08bad721c0a9f6158cbac518c0c739cf1563400ccf147bea185ead5279b606,南通市如皋市城北街道平园池村,,江苏省,,,非A,乡村旅游重点村,unknown,pending,第二批全国乡村旅游重点村,https://www.mct.gov.cn/tourism/#/list,API目录ID-37/2026-09-04,,,尚未映射到可回跳的知识库景点卡,,,1,CN-POOL-20260904-r0,MCT内容ID=13652；来源文件=content_37.json
CN-P-001161,830cd8e1d430081a8119c727274869aab14d89102a1a258c5d25b8c1c2d00311,连云港市灌云县伊山镇川星村,,江苏省,,,非A,乡村旅游重点村,unknown,pending,第二批全国乡村旅游重点村,https://www.mct.gov.cn/tourism/#/list,API目录ID-37/2026-09-04,,,尚未映射到可回跳的知识库景点卡,,,1,CN-POOL-20260904-r0,MCT内容ID=13653；来源文件=content_37.json
CN-P-001162,709a268f0dae1fd50ce25321842ed0818323cba0bdbe32df178d94acbbd9504f,徐州市睢宁县姚集镇高党村,,江苏省,,,非A,乡村旅游重点村,unknown,pending,第二批全国乡村旅游重点村,https://www.mct.gov.cn/tourism/#/list,API目录ID-37/2026-09-04,,,尚未映射到可回跳的知识库景点卡,,,1,CN-POOL-20260904-r0,MCT内容ID=13654；来源文件=content_37.json
CN-P-001163,03b784a36804c4f7abdc1212420db74e067766a847f1430635058423f484029f,无锡市宜兴市西渚镇白塔村,,江苏省,,,非A,乡村旅游重点村,unknown,pending,第二批全国乡村旅游重点村,https://www.mct.gov.cn/tourism/#/list,API目录ID-37/2026-09-04,,,尚未映射到可回跳的知识库景点卡,,,1,CN-POOL-20260904-r0,MCT内容ID=13655；来源文件=content_37.json
CN-P-001164,6e2975ebd2664170bdf1ce9a92094992cc59161850a84b17af9268db00519ba1,盐城市盐都区郭猛镇杨侍村,,江苏省,,,非A,乡村旅游重点村,unknown,pending,第二批全国乡村旅游重点村,https://www.mct.gov.cn/tourism/#/list,API目录ID-37/2026-09-04,,,尚未映射到可回跳的知识库景点卡,,,1,CN-POOL-20260904-r0,MCT内容ID=13656；来源文件=content_37.json
CN-P-001165,9dcf00292c9d6220189d6bffbaf929f97afccdd27492bef14d1ac1948fd40481,淮安市金湖县前锋镇白马湖村,,江苏省,,,非A,乡村旅游重点村,unknown,pending,第二批全国乡村旅游重点村,https://www.mct.gov.cn/tourism/#/list,API目录ID-37/2026-09-04,,,尚未映射到可回跳的知识库景点卡,,,1,CN-POOL-20260904-r0,MCT内容ID=13657；来源文件=content_37.json
CN-P-001166,1b068cfa3d220b24bfc4a41c295b4c051861e92951e44e79f64337c2a47df29a,南京市江宁区谷里街道双塘社区大塘金村,,江苏省,,,非A,乡村旅游重点村,unknown,pending,第二批全国乡村旅游重点村,https://www.mct.gov.cn/tourism/#/list,API目录ID-37/2026-09-04,,,尚未映射到可回跳的知识库景点卡,,,1,CN-POOL-20260904-r0,MCT内容ID=13658；来源文件=content_37.json
CN-P-001167,f610d5f06fc93573d7b202371c6705177f6bb0ef518ec5071d196215002a95f9,徐州市贾汪区茱萸山街道磨石塘村,,江苏省,,,非A,乡村旅游重点村,unknown,pending,第二批全国乡村旅游重点村,https://www.mct.gov.cn/tourism/#/list,API目录ID-37/2026-09-04,,,尚未映射到可回跳的知识库景点卡,,,1,CN-POOL-20260904-r0,MCT内容ID=13659；来源文件=content_37.json
CN-P-001168,085c1517a2dd4bb5f86a5cf64e091c40a6e390da6a3d38ab9087da6edac0f3fb,湖州市德清县莫干山镇劳岭村,,浙江省,,,非A,乡村旅游重点村,unknown,pending,第二批全国乡村旅游重点村,https://www.mct.gov.cn/tourism/#/list,API目录ID-37/2026-09-04,,,尚未映射到可回跳的知识库景点卡,,,1,CN-POOL-20260904-r0,MCT内容ID=13660；来源文件=content_37.json
CN-P-001169,9bdd44b3334f58d0fd0fae4df4197cd4a1c758098c2caa5a88d2c8252d50d55e,湖州市安吉县递铺街道鲁家村,,浙江省,,,非A,乡村旅游重点村,unknown,pending,第二批全国乡村旅游重点村,https://www.mct.gov.cn/tourism/#/list,API目录ID-37/2026-09-04,,,尚未映射到可回跳的知识库景点卡,,,1,CN-POOL-20260904-r0,MCT内容ID=13661；来源文件=content_37.json
CN-P-001170,2b7695ae63a7a7bb9d825f1b4df8248f7403a2c83ddfffe06aa57d9e0a07fc42,金华市磐安县尖山镇乌石村,,浙江省,,,非A,乡村旅游重点村,unknown,pending,第二批全国乡村旅游重点村,https://www.mct.gov.cn/tourism/#/list,API目录ID-37/2026-09-04,,,尚未映射到可回跳的知识库景点卡,,,1,CN-POOL-20260904-r0,MCT内容ID=13662；来源文件=content_37.json
CN-P-001171,0cba234f44576537b6b718f917effee9e92e3dc2895ec6d469919f204a431416,衢州市江山市石门镇清漾村,,浙江省,,,非A,乡村旅游重点村,unknown,pending,第二批全国乡村旅游重点村,https://www.mct.gov.cn/tourism/#/list,API目录ID-37/2026-09-04,,,尚未映射到可回跳的知识库景点卡,,,1,CN-POOL-20260904-r0,MCT内容ID=13663；来源文件=content_37.json
CN-P-001172,13a96e63fc04ce89f08841d8af149c9ed2f55928fd0eb7a0d4f7ad29381368d8,衢州市江山市廿八都镇浔里村,,浙江省,,,非A,乡村旅游重点村,unknown,pending,第二批全国乡村旅游重点村,https://www.mct.gov.cn/tourism/#/list,API目录ID-37/2026-09-04,,,尚未映射到可回跳的知识库景点卡,,,1,CN-POOL-20260904-r0,MCT内容ID=13664；来源文件=content_37.json
CN-P-001173,b1c97db9a63b55d49835dfdc2f6eba4d72ae9f7bd4edd4c4cff6b2e63cc55454,丽水市缙云县新建镇河阳村,,浙江省,,,非A,乡村旅游重点村,unknown,pending,第二批全国乡村旅游重点村,https://www.mct.gov.cn/tourism/#/list,API目录ID-37/2026-09-04,,,尚未映射到可回跳的知识库景点卡,,,1,CN-POOL-20260904-r0,MCT内容ID=13665；来源文件=content_37.json
CN-P-001174,84524f28933d5bbc586bb8302d27381406b79ff498be84c2d2bda2db2547a4dd,杭州市西湖区转塘街道上城埭村,,浙江省,,,非A,乡村旅游重点村,unknown,pending,第二批全国乡村旅游重点村,https://www.mct.gov.cn/tourism/#/list,API目录ID-37/2026-09-04,,,尚未映射到可回跳的知识库景点卡,,,1,CN-POOL-20260904-r0,MCT内容ID=13666；来源文件=content_37.json
CN-P-001175,21ec2e315e9cd4d981913434c0512dc067490309b7fe76b5821447f19eadfe43,宁波市象山县墙头镇方家岙村,,浙江省,,,非A,乡村旅游重点村,unknown,pending,第二批全国乡村旅游重点村,https://www.mct.gov.cn/tourism/#/list,API目录ID-37/2026-09-04,,,尚未映射到可回跳的知识库景点卡,,,1,CN-POOL-20260904-r0,MCT内容ID=13667；来源文件=content_37.json
CN-P-001176,a8c578ecb5b2839cb8495b61d63cb8183136d3508e613e99f9d25cec5985b4b0,湖州市安吉县灵峰街道横山坞村,,浙江省,,,非A,乡村旅游重点村,unknown,pending,第二批全国乡村旅游重点村,https://www.mct.gov.cn/tourism/#/list,API目录ID-37/2026-09-04,,,尚未映射到可回跳的知识库景点卡,,,1,CN-POOL-20260904-r0,MCT内容ID=13668；来源文件=content_37.json
CN-P-001177,f5dea94abb1965c5a70f573d9fcc0efe8cb372c94178a353b23e74c4cfadadae,杭州市建德市大慈岩镇新叶村,,浙江省,,,非A,乡村旅游重点村,unknown,pending,第二批全国乡村旅游重点村,https://www.mct.gov.cn/tourism/#/list,API目录ID-37/2026-09-04,,,尚未映射到可回跳的知识库景点卡,,,1,CN-POOL-20260904-r0,MCT内容ID=13669；来源文件=content_37.json
CN-P-001178,a6cccaedff15a8d8093dbe3b6cb001d28b0214d1ab2c2b59b0020db07782fb05,温州市文成县南田镇武阳村,,浙江省,,,非A,乡村旅游重点村,unknown,pending,第二批全国乡村旅游重点村,https://www.mct.gov.cn/tourism/#/list,API目录ID-37/2026-09-04,,,尚未映射到可回跳的知识库景点卡,,,1,CN-POOL-20260904-r0,MCT内容ID=13670；来源文件=content_37.json
CN-P-001179,a1069831d93a337fcbcdcb4e78be831519b81250490993efd4d7b118e6251224,湖州市南浔区和孚镇荻港村,,浙江省,,,非A,乡村旅游重点村,unknown,pending,第二批全国乡村旅游重点村,https://www.mct.gov.cn/tourism/#/list,API目录ID-37/2026-09-04,,,尚未映射到可回跳的知识库景点卡,,,1,CN-POOL-20260904-r0,MCT内容ID=13671；来源文件=content_37.json
CN-P-001180,64a86a2ebd5bf9aa2d89b3e950344854c71396e968a880f5040bd26bd69661a9,台州市天台县赤城街道塔后村,,浙江省,,,非A,乡村旅游重点村,unknown,pending,第二批全国乡村旅游重点村,https://www.mct.gov.cn/tourism/#/list,API目录ID-37/2026-09-04,,,尚未映射到可回跳的知识库景点卡,,,1,CN-POOL-20260904-r0,MCT内容ID=13672；来源文件=content_37.json
CN-P-001181,e0fe4768b56a48fa15f31ede418b618109d3270410883572b68e372b2fb1ec8a,舟山市定海区干览镇新建村,,浙江省,,,非A,乡村旅游重点村,unknown,pending,第二批全国乡村旅游重点村,https://www.mct.gov.cn/tourism/#/list,API目录ID-37/2026-09-04,,,尚未映射到可回跳的知识库景点卡,,,1,CN-POOL-20260904-r0,MCT内容ID=13673；来源文件=content_37.json
CN-P-001182,d04016520dfbf5b6ef3ed8659b90db1235f1836adc457922369cab2c5c1de0e7,台州市三门县横渡镇岩下潘村,,浙江省,,,非A,乡村旅游重点村,unknown,pending,第二批全国乡村旅游重点村,https://www.mct.gov.cn/tourism/#/list,API目录ID-37/2026-09-04,,,尚未映射到可回跳的知识库景点卡,,,1,CN-POOL-20260904-r0,MCT内容ID=13674；来源文件=content_37.json
CN-P-001183,d7988011400514858525b0b7b6860a4e622d94441eb7f9ddb704440c9179578e,绍兴市新昌县镜岭镇外婆坑村,,浙江省,,,非A,乡村旅游重点村,unknown,pending,第二批全国乡村旅游重点村,https://www.mct.gov.cn/tourism/#/list,API目录ID-37/2026-09-04,,,尚未映射到可回跳的知识库景点卡,,,1,CN-POOL-20260904-r0,MCT内容ID=13675；来源文件=content_37.json
CN-P-001184,362c8252715b7c884b61a595bfd1983f581048c20a3b3aa5a1f3a77f884de415,金华市浦江县虞宅乡新光村,,浙江省,,,非A,乡村旅游重点村,unknown,pending,第二批全国乡村旅游重点村,https://www.mct.gov.cn/tourism/#/list,API目录ID-37/2026-09-04,,,尚未映射到可回跳的知识库景点卡,,,1,CN-POOL-20260904-r0,MCT内容ID=13676；来源文件=content_37.json
CN-P-001185,14a67e2a4cf57a0c080dd5ddf8c67d7ac7325a105c384ea56af7fdd7416d89c9,宁波市宁海县桥头胡街道双林村,,浙江省,,,非A,乡村旅游重点村,unknown,pending,第二批全国乡村旅游重点村,https://www.mct.gov.cn/tourism/#/list,API目录ID-37/2026-09-04,,,尚未映射到可回跳的知识库景点卡,,,1,CN-POOL-20260904-r0,MCT内容ID=13677；来源文件=content_37.json
CN-P-001186,15d0c16c7e39981b2b680a1688c05d5acebd54b60a559cc3f0c0bc23a82f04a0,丽水市松阳县大东坝镇茶排村,,浙江省,,,非A,乡村旅游重点村,unknown,pending,第二批全国乡村旅游重点村,https://www.mct.gov.cn/tourism/#/list,API目录ID-37/2026-09-04,,,尚未映射到可回跳的知识库景点卡,,,1,CN-POOL-20260904-r0,MCT内容ID=13678；来源文件=content_37.json
CN-P-001187,2ac55aff7aa99c976554140c70f1906ff352dfbe5d1a06f505fd48e077df69f4,杭州市临安区高虹镇石门村,,浙江省,,,非A,乡村旅游重点村,unknown,pending,第二批全国乡村旅游重点村,https://www.mct.gov.cn/tourism/#/list,API目录ID-37/2026-09-04,,,尚未映射到可回跳的知识库景点卡,,,1,CN-POOL-20260904-r0,MCT内容ID=13679；来源文件=content_37.json
CN-P-001188,efd61e71a9a638fb6c2afd2a975627d6457342e80a12c57171dacada5d4c9e05,金华市东阳市南马镇花园村,,浙江省,,,非A,乡村旅游重点村,unknown,pending,第二批全国乡村旅游重点村,https://www.mct.gov.cn/tourism/#/list,API目录ID-37/2026-09-04,,,尚未映射到可回跳的知识库景点卡,,,1,CN-POOL-20260904-r0,MCT内容ID=13680；来源文件=content_37.json
CN-P-001189,4d67ae9cafa8968d92dae5d96a302a1c2c650fcb5702920a84c8ae134feb0729,绍兴市上虞区岭南乡东澄村,,浙江省,,,非A,乡村旅游重点村,unknown,pending,第二批全国乡村旅游重点村,https://www.mct.gov.cn/tourism/#/list,API目录ID-37/2026-09-04,,,尚未映射到可回跳的知识库景点卡,,,1,CN-POOL-20260904-r0,MCT内容ID=13681；来源文件=content_37.json
CN-P-001190,7ba996b63de7ecd0a6349054db0d3e7dffd3f2771af48b0672deff33660fb0d3,绍兴市柯桥区漓渚镇棠棣村,,浙江省,,,非A,乡村旅游重点村,unknown,pending,第二批全国乡村旅游重点村,https://www.mct.gov.cn/tourism/#/list,API目录ID-37/2026-09-04,,,尚未映射到可回跳的知识库景点卡,,,1,CN-POOL-20260904-r0,MCT内容ID=13682；来源文件=content_37.json
CN-P-001191,647b90e2be6744d428b60a88b00c44d0d02b9379a14f28fe5c71946386cf332a,温州市永嘉县岩头镇苍坡村,,浙江省,,,非A,乡村旅游重点村,unknown,pending,第二批全国乡村旅游重点村,https://www.mct.gov.cn/tourism/#/list,API目录ID-37/2026-09-04,,,尚未映射到可回跳的知识库景点卡,,,1,CN-POOL-20260904-r0,MCT内容ID=13683；来源文件=content_37.json
CN-P-001192,7ef837dc20c3ca6e4e0b5e825afce4eb16e56cece868cfcd794c7333663d521f,宁波市宁海县大佳何镇葛家村,,浙江省,,,非A,乡村旅游重点村,unknown,pending,第二批全国乡村旅游重点村,https://www.mct.gov.cn/tourism/#/list,API目录ID-37/2026-09-04,,,尚未映射到可回跳的知识库景点卡,,,1,CN-POOL-20260904-r0,MCT内容ID=13684；来源文件=content_37.json
CN-P-001193,0f4915936ab5ef566ad30e470a9fc78296fb5eb03f9bc7d6d2ff02d56e76a077,嘉兴市海宁市丁桥镇新仓村,,浙江省,,,非A,乡村旅游重点村,unknown,pending,第二批全国乡村旅游重点村,https://www.mct.gov.cn/tourism/#/list,API目录ID-37/2026-09-04,,,尚未映射到可回跳的知识库景点卡,,,1,CN-POOL-20260904-r0,MCT内容ID=13685；来源文件=content_37.json
CN-P-001194,9b3469e54dbd24d7b7603da0c163e1b3bd0c735f8bec4ce6558c9c06c33348c5,黄山市徽州区呈坎镇呈坎村,,安徽省,,,非A,乡村旅游重点村,unknown,pending,第二批全国乡村旅游重点村,https://www.mct.gov.cn/tourism/#/list,API目录ID-37/2026-09-04,,,尚未映射到可回跳的知识库景点卡,,,1,CN-POOL-20260904-r0,MCT内容ID=13686；来源文件=content_37.json
CN-P-001195,b2528da989c5e6cb33e8371bc39d5c2211be828bf1f3ead4912a36f833b9c633,六安市金寨县花石乡大湾村,,安徽省,,,非A,乡村旅游重点村,unknown,pending,第二批全国乡村旅游重点村,https://www.mct.gov.cn/tourism/#/list,API目录ID-37/2026-09-04,,,尚未映射到可回跳的知识库景点卡,,,1,CN-POOL-20260904-r0,MCT内容ID=13687；来源文件=content_37.json
CN-P-001196,79352bd25e7744ba8c3c751dbbfe8fa61a5d02b37a26fe035247f95fd0c49781,黄山市黟县西递镇西递村,,安徽省,,,非A,乡村旅游重点村,unknown,pending,第二批全国乡村旅游重点村,https://www.mct.gov.cn/tourism/#/list,API目录ID-37/2026-09-04,,,尚未映射到可回跳的知识库景点卡,,,1,CN-POOL-20260904-r0,MCT内容ID=13688；来源文件=content_37.json
CN-P-001197,edef422f27137a869e78423bb87f7031d058e46a1931a5e222d54fc2358e8d5e,合肥市长丰县杨庙镇马郢社区,,安徽省,,,非A,乡村旅游重点村,unknown,pending,第二批全国乡村旅游重点村,https://www.mct.gov.cn/tourism/#/list,API目录ID-37/2026-09-04,,,尚未映射到可回跳的知识库景点卡,,,1,CN-POOL-20260904-r0,MCT内容ID=13689；来源文件=content_37.json
CN-P-001198,ac0e6ef22a68318563530dff4e9704018ab3a7a72b92d596c8364f60e22bca23,芜湖市南陵县烟墩镇霭里村,,安徽省,,,非A,乡村旅游重点村,unknown,pending,第二批全国乡村旅游重点村,https://www.mct.gov.cn/tourism/#/list,API目录ID-37/2026-09-04,,,尚未映射到可回跳的知识库景点卡,,,1,CN-POOL-20260904-r0,MCT内容ID=13690；来源文件=content_37.json
CN-P-001199,d7e1a04967f09ddda347370437baf0c60e855529f2a0216d971d902e762a8299,六安市霍山县磨子潭镇堆谷山村,,安徽省,,,非A,乡村旅游重点村,unknown,pending,第二批全国乡村旅游重点村,https://www.mct.gov.cn/tourism/#/list,API目录ID-37/2026-09-04,,,尚未映射到可回跳的知识库景点卡,,,1,CN-POOL-20260904-r0,MCT内容ID=13691；来源文件=content_37.json
CN-P-001200,d3da4b2fe964d9656cffbe66d29f36c4591a964120dab450e9acdc769c6e23c0,铜陵市义安区西联镇犁桥村,,安徽省,,,非A,乡村旅游重点村,unknown,pending,第二批全国乡村旅游重点村,https://www.mct.gov.cn/tourism/#/list,API目录ID-37/2026-09-04,,,尚未映射到可回跳的知识库景点卡,,,1,CN-POOL-20260904-r0,MCT内容ID=13692；来源文件=content_37.json
CN-P-001201,76ef4372973ea44afdc5fe85b5a92c49260adaab161e04604c9cd9f313d688dd,亳州市谯城区古井镇药王村,,安徽省,,,非A,乡村旅游重点村,unknown,pending,第二批全国乡村旅游重点村,https://www.mct.gov.cn/tourism/#/list,API目录ID-37/2026-09-04,,,尚未映射到可回跳的知识库景点卡,,,1,CN-POOL-20260904-r0,MCT内容ID=13693；来源文件=content_37.json
CN-P-001202,e098be201c7dc6aa308f7776d2a2f0d0476af3357a5c0dbbf8e67a9536a6d7bc,安庆市潜山市官庄镇官庄村,,安徽省,,,非A,乡村旅游重点村,unknown,pending,第二批全国乡村旅游重点村,https://www.mct.gov.cn/tourism/#/list,API目录ID-37/2026-09-04,,,尚未映射到可回跳的知识库景点卡,,,1,CN-POOL-20260904-r0,MCT内容ID=13694；来源文件=content_37.json
CN-P-001203,2f748110cb5dd6a3ec3c39a1a329a3367c41f1fd3719d6d3ec52f2e8e9e289d9,黄山市休宁县溪口镇祖源村,,安徽省,,,非A,乡村旅游重点村,unknown,pending,第二批全国乡村旅游重点村,https://www.mct.gov.cn/tourism/#/list,API目录ID-37/2026-09-04,,,尚未映射到可回跳的知识库景点卡,,,1,CN-POOL-20260904-r0,MCT内容ID=13695；来源文件=content_37.json
CN-P-001204,dda30ebd13e8329e45917f52349e3b3891880ca08c029f42714422c3308e5da0,马鞍山市当涂县护河镇桃花村,,安徽省,,,非A,乡村旅游重点村,unknown,pending,第二批全国乡村旅游重点村,https://www.mct.gov.cn/tourism/#/list,API目录ID-37/2026-09-04,,,尚未映射到可回跳的知识库景点卡,,,1,CN-POOL-20260904-r0,MCT内容ID=13696；来源文件=content_37.json
CN-P-001205,5d331dd8792019d10c7f205e76a51229abf442dff71d17df5301d7ff4ee2cc0c,六安市霍山县太阳乡金竹坪村,,安徽省,,,非A,乡村旅游重点村,unknown,pending,第二批全国乡村旅游重点村,https://www.mct.gov.cn/tourism/#/list,API目录ID-37/2026-09-04,,,尚未映射到可回跳的知识库景点卡,,,1,CN-POOL-20260904-r0,MCT内容ID=13697；来源文件=content_37.json
CN-P-001206,40d1c4d0432539494b10f1802b7adb9a4179d2838bdb16595147256e7ed89f89,滁州市明光市张八岭镇柴郢村,,安徽省,,,非A,乡村旅游重点村,unknown,pending,第二批全国乡村旅游重点村,https://www.mct.gov.cn/tourism/#/list,API目录ID-37/2026-09-04,,,尚未映射到可回跳的知识库景点卡,,,1,CN-POOL-20260904-r0,MCT内容ID=13698；来源文件=content_37.json
CN-P-001207,ce36e6d6e8f1564ff8506855206c9d405c6177caa9a66c40dbe1107cb635e816,黄山市黄山区汤口镇山岔村,,安徽省,,,非A,乡村旅游重点村,unknown,pending,第二批全国乡村旅游重点村,https://www.mct.gov.cn/tourism/#/list,API目录ID-37/2026-09-04,,,尚未映射到可回跳的知识库景点卡,,,1,CN-POOL-20260904-r0,MCT内容ID=13699；来源文件=content_37.json
CN-P-001208,bca5c4b1436dfbe05e777085da683d69e41a2e1a3fab8d22d6612720d5606125,黄山市黟县宏村镇塔川村,,安徽省,,,非A,乡村旅游重点村,unknown,pending,第二批全国乡村旅游重点村,https://www.mct.gov.cn/tourism/#/list,API目录ID-37/2026-09-04,,,尚未映射到可回跳的知识库景点卡,,,1,CN-POOL-20260904-r0,MCT内容ID=13700；来源文件=content_37.json
CN-P-001209,8d2cc992627419be397d4f0e2dabe3629db144c8d14998b1efd2af6191dbb29b,宣城市绩溪县家朋乡尚村,,安徽省,,,非A,乡村旅游重点村,unknown,pending,第二批全国乡村旅游重点村,https://www.mct.gov.cn/tourism/#/list,API目录ID-37/2026-09-04,,,尚未映射到可回跳的知识库景点卡,,,1,CN-POOL-20260904-r0,MCT内容ID=13701；来源文件=content_37.json
CN-P-001210,8e3d31981ce4e6bcbd90b142645bef43caa34d2b220e78a0a259c95b606c4460,六安市金安区张店镇洪山村,,安徽省,,,非A,乡村旅游重点村,unknown,pending,第二批全国乡村旅游重点村,https://www.mct.gov.cn/tourism/#/list,API目录ID-37/2026-09-04,,,尚未映射到可回跳的知识库景点卡,,,1,CN-POOL-20260904-r0,MCT内容ID=13702；来源文件=content_37.json
CN-P-001211,8ab33fb1605d12158e0798aefa2a6eedc9eafdd22d513965352f6783ce0e9665,宣城市旌德县白地镇江村,,安徽省,,,非A,乡村旅游重点村,unknown,pending,第二批全国乡村旅游重点村,https://www.mct.gov.cn/tourism/#/list,API目录ID-37/2026-09-04,,,尚未映射到可回跳的知识库景点卡,,,1,CN-POOL-20260904-r0,MCT内容ID=13703；来源文件=content_37.json
CN-P-001212,e9b8aa982130fad0975d50397338329f755ebcea59e6917499606751e2c8e415,合肥市庐江县万山镇长冲村,,安徽省,,,非A,乡村旅游重点村,unknown,pending,第二批全国乡村旅游重点村,https://www.mct.gov.cn/tourism/#/list,API目录ID-37/2026-09-04,,,尚未映射到可回跳的知识库景点卡,,,1,CN-POOL-20260904-r0,MCT内容ID=13704；来源文件=content_37.json
CN-P-001213,aeac94d2bdfee869001f4704b8eb152040ef06307483b6bc3961a2d36a74048d,芜湖市芜湖县红杨镇珩琅山村,,安徽省,,,非A,乡村旅游重点村,unknown,pending,第二批全国乡村旅游重点村,https://www.mct.gov.cn/tourism/#/list,API目录ID-37/2026-09-04,,,尚未映射到可回跳的知识库景点卡,,,1,CN-POOL-20260904-r0,MCT内容ID=13705；来源文件=content_37.json
CN-P-001214,1006c11ba00e910c80e015af2fc4626f933d41eae9727ce410cfddfd4f91b139,淮北市烈山区烈山镇榴园村,,安徽省,,,非A,乡村旅游重点村,unknown,pending,第二批全国乡村旅游重点村,https://www.mct.gov.cn/tourism/#/list,API目录ID-37/2026-09-04,,,尚未映射到可回跳的知识库景点卡,,,1,CN-POOL-20260904-r0,MCT内容ID=13706；来源文件=content_37.json
CN-P-001215,b439ec245df5738d8daf7ec8bc4c328d387b07603c94a775bf9ced8314c3e04e,亳州市涡阳县曹市镇辉山村,,安徽省,,,非A,乡村旅游重点村,unknown,pending,第二批全国乡村旅游重点村,https://www.mct.gov.cn/tourism/#/list,API目录ID-37/2026-09-04,,,尚未映射到可回跳的知识库景点卡,,,1,CN-POOL-20260904-r0,MCT内容ID=13707；来源文件=content_37.json
CN-P-001216,cd2595dd51498fb5281bda985ec3f4d15fd97cce6cfa44c00720c5535aa19299,泉州市晋江市金井镇围头村,,福建省,,,非A,乡村旅游重点村,unknown,pending,第二批全国乡村旅游重点村,https://www.mct.gov.cn/tourism/#/list,API目录ID-37/2026-09-04,,,尚未映射到可回跳的知识库景点卡,,,1,CN-POOL-20260904-r0,MCT内容ID=13708；来源文件=content_37.json
CN-P-001217,b6c9b9a345ed45d9995367575208226f6b7df4cc0d2ff8fb6ede265e0e8503d2,漳州市华安县新圩镇官畲村,,福建省,,,非A,乡村旅游重点村,unknown,pending,第二批全国乡村旅游重点村,https://www.mct.gov.cn/tourism/#/list,API目录ID-37/2026-09-04,,,尚未映射到可回跳的知识库景点卡,,,1,CN-POOL-20260904-r0,MCT内容ID=13709；来源文件=content_37.json
CN-P-001218,1a33daffb27aaed6657e23bad7e7ffd4b852ece0314a10f978bd03bd37ac0d43,厦门市海沧区海沧街道青礁村,,福建省,,,非A,乡村旅游重点村,unknown,pending,第二批全国乡村旅游重点村,https://www.mct.gov.cn/tourism/#/list,API目录ID-37/2026-09-04,,,尚未映射到可回跳的知识库景点卡,,,1,CN-POOL-20260904-r0,MCT内容ID=13710；来源文件=content_37.json
CN-P-001219,5badc67540c9ec24524054de26729e4c9848c5836df98aaef69a52886dab48ba,莆田市涵江区白沙镇坪盘村,,福建省,,,非A,乡村旅游重点村,unknown,pending,第二批全国乡村旅游重点村,https://www.mct.gov.cn/tourism/#/list,API目录ID-37/2026-09-04,,,尚未映射到可回跳的知识库景点卡,,,1,CN-POOL-20260904-r0,MCT内容ID=13711；来源文件=content_37.json
CN-P-001220,a540c42e32cb0443b3e50b6a9758cd35eedd29cd7c43fb6c2f59f1033d0b7dec,平潭综合实验区苏平片区上攀村,,福建省,,,非A,乡村旅游重点村,unknown,pending,第二批全国乡村旅游重点村,https://www.mct.gov.cn/tourism/#/list,API目录ID-37/2026-09-04,,,尚未映射到可回跳的知识库景点卡,,,1,CN-POOL-20260904-r0,MCT内容ID=13712；来源文件=content_37.json
CN-P-001221,cb27998513cba745b81a3398f89fc6fb7675089146b2947508927363d32d0869,莆田市湄洲岛湄洲镇下山村,,福建省,,,非A,乡村旅游重点村,unknown,pending,第二批全国乡村旅游重点村,https://www.mct.gov.cn/tourism/#/list,API目录ID-37/2026-09-04,,,尚未映射到可回跳的知识库景点卡,,,1,CN-POOL-20260904-r0,MCT内容ID=13713；来源文件=content_37.json
CN-P-001222,6fbc11bb30216b1d76c41be4d6cea3a704a9e0f07e20d6f2acadb3f51458d152,宁德市古田县城东街道桃溪村,,福建省,,,非A,乡村旅游重点村,unknown,pending,第二批全国乡村旅游重点村,https://www.mct.gov.cn/tourism/#/list,API目录ID-37/2026-09-04,,,尚未映射到可回跳的知识库景点卡,,,1,CN-POOL-20260904-r0,MCT内容ID=13714；来源文件=content_37.json
CN-P-001223,4ddb9e36d0949d4129d70237997962e703d90dc47402cee0854d24650de507c2,漳州市平和县芦溪镇蕉路村,,福建省,,,非A,乡村旅游重点村,unknown,pending,第二批全国乡村旅游重点村,https://www.mct.gov.cn/tourism/#/list,API目录ID-37/2026-09-04,,,尚未映射到可回跳的知识库景点卡,,,1,CN-POOL-20260904-r0,MCT内容ID=13715；来源文件=content_37.json
CN-P-001224,72b7119aba440422bb5976e27483a3fe052be85253ab75ddac2fa9f8cea82659,南平市邵武市和平镇和平村,,福建省,,,非A,乡村旅游重点村,unknown,pending,第二批全国乡村旅游重点村,https://www.mct.gov.cn/tourism/#/list,API目录ID-37/2026-09-04,,,尚未映射到可回跳的知识库景点卡,,,1,CN-POOL-20260904-r0,MCT内容ID=13716；来源文件=content_37.json
CN-P-001225,168fcf7df8012609cb017e7801f892cfabf85acf80023e57425ac1c5f90f0f54,龙岩市武平县城厢镇云寨村,,福建省,,,非A,乡村旅游重点村,unknown,pending,第二批全国乡村旅游重点村,https://www.mct.gov.cn/tourism/#/list,API目录ID-37/2026-09-04,,,尚未映射到可回跳的知识库景点卡,,,1,CN-POOL-20260904-r0,MCT内容ID=13717；来源文件=content_37.json
CN-P-001226,71c59f68cc9c86fca4ebe0bb54e680492042d51b5694b0cdc838cd0eaa0ae63f,福州市罗源县霍口畲族乡福湖村,,福建省,,,非A,乡村旅游重点村,unknown,pending,第二批全国乡村旅游重点村,https://www.mct.gov.cn/tourism/#/list,API目录ID-37/2026-09-04,,,尚未映射到可回跳的知识库景点卡,,,1,CN-POOL-20260904-r0,MCT内容ID=13718；来源文件=content_37.json
CN-P-001227,91d553411026ee9cb6c8ecb3dc52eede775ff03eb2174a368fae9a5af8e4c3a4,龙岩市新罗区小池镇培斜村,,福建省,,,非A,乡村旅游重点村,unknown,pending,第二批全国乡村旅游重点村,https://www.mct.gov.cn/tourism/#/list,API目录ID-37/2026-09-04,,,尚未映射到可回跳的知识库景点卡,,,1,CN-POOL-20260904-r0,MCT内容ID=13719；来源文件=content_37.json
CN-P-001228,8b5c9320544deb8ee86b9429398b017f3cb81f45b60cc1612df951cc6600cc6b,漳州市南靖县书洋镇塔下村,,福建省,,,非A,乡村旅游重点村,unknown,pending,第二批全国乡村旅游重点村,https://www.mct.gov.cn/tourism/#/list,API目录ID-37/2026-09-04,,,尚未映射到可回跳的知识库景点卡,,,1,CN-POOL-20260904-r0,MCT内容ID=13720；来源文件=content_37.json
CN-P-001229,a94b4ccb938d8c61dc991ff4614c8702dff6462ca625c639312aba51784ce568,泉州市德化县国宝乡佛岭村,,福建省,,,非A,乡村旅游重点村,unknown,pending,第二批全国乡村旅游重点村,https://www.mct.gov.cn/tourism/#/list,API目录ID-37/2026-09-04,,,尚未映射到可回跳的知识库景点卡,,,1,CN-POOL-20260904-r0,MCT内容ID=13721；来源文件=content_37.json
CN-P-001230,8b9fa99de2afc554054a75f130edf04c5059f4f40142c6ee89b83e4c618bd93f,三明市清流县林畲镇林畲村,,福建省,,,非A,乡村旅游重点村,unknown,pending,第二批全国乡村旅游重点村,https://www.mct.gov.cn/tourism/#/list,API目录ID-37/2026-09-04,,,尚未映射到可回跳的知识库景点卡,,,1,CN-POOL-20260904-r0,MCT内容ID=13722；来源文件=content_37.json
CN-P-001231,3f6d8de84fe217ca6482faa61a9369bb938843c0b67cf1e4e77d2f239e3a7b39,三明市大田县济阳乡济中村,,福建省,,,非A,乡村旅游重点村,unknown,pending,第二批全国乡村旅游重点村,https://www.mct.gov.cn/tourism/#/list,API目录ID-37/2026-09-04,,,尚未映射到可回跳的知识库景点卡,,,1,CN-POOL-20260904-r0,MCT内容ID=13723；来源文件=content_37.json
CN-P-001232,c34fc38f2a63b24fc6876a5f6b9764bbe0430e5569ff92a95e09eef77568ffb0,宁德市屏南县熙岭乡龙潭村,,福建省,,,非A,乡村旅游重点村,unknown,pending,第二批全国乡村旅游重点村,https://www.mct.gov.cn/tourism/#/list,API目录ID-37/2026-09-04,,,尚未映射到可回跳的知识库景点卡,,,1,CN-POOL-20260904-r0,MCT内容ID=13724；来源文件=content_37.json
CN-P-001233,255c2c25fc7f7313465940e67bc3e360c55d568e49e8e700220869779c19fe64,三明市泰宁县上青乡崇际村,,福建省,,,非A,乡村旅游重点村,unknown,pending,第二批全国乡村旅游重点村,https://www.mct.gov.cn/tourism/#/list,API目录ID-37/2026-09-04,,,尚未映射到可回跳的知识库景点卡,,,1,CN-POOL-20260904-r0,MCT内容ID=13725；来源文件=content_37.json
CN-P-001234,39b2d77088a51989b4744c26b4a1d716843b8f4bb5ea9649a371e6395fba0d97,南平市武夷山市五夫镇兴贤村,,福建省,,,非A,乡村旅游重点村,unknown,pending,第二批全国乡村旅游重点村,https://www.mct.gov.cn/tourism/#/list,API目录ID-37/2026-09-04,,,尚未映射到可回跳的知识库景点卡,,,1,CN-POOL-20260904-r0,MCT内容ID=13726；来源文件=content_37.json
CN-P-001235,627a4145c2e6d78f229325cfeedc5d5d1e0e1375faefcd8dccdd7b32e768036f,龙岩市永定区陈东乡岩太村,,福建省,,,非A,乡村旅游重点村,unknown,pending,第二批全国乡村旅游重点村,https://www.mct.gov.cn/tourism/#/list,API目录ID-37/2026-09-04,,,尚未映射到可回跳的知识库景点卡,,,1,CN-POOL-20260904-r0,MCT内容ID=13727；来源文件=content_37.json
CN-P-001236,632fcec70e194f2618a0a19ee26ffc4da7b4af5a2ef40a2714cb3263bcc3e913,厦门市同安区莲花镇军营村,,福建省,,,非A,乡村旅游重点村,unknown,pending,第二批全国乡村旅游重点村,https://www.mct.gov.cn/tourism/#/list,API目录ID-37/2026-09-04,,,尚未映射到可回跳的知识库景点卡,,,1,CN-POOL-20260904-r0,MCT内容ID=13728；来源文件=content_37.json
CN-P-001237,6e5657cfec1932b45b80cff4fa853fd15225834f94c85b236c975007624641b9,南平市建瓯市小松镇湖头村,,福建省,,,非A,乡村旅游重点村,unknown,pending,第二批全国乡村旅游重点村,https://www.mct.gov.cn/tourism/#/list,API目录ID-37/2026-09-04,,,尚未映射到可回跳的知识库景点卡,,,1,CN-POOL-20260904-r0,MCT内容ID=13729；来源文件=content_37.json
CN-P-001238,056fe99920e6cbd40d195dbd08f925d5cdd6856f8e2663dd7e028e562e05ef70,福州市永泰县嵩口镇月洲村,,福建省,,,非A,乡村旅游重点村,unknown,pending,第二批全国乡村旅游重点村,https://www.mct.gov.cn/tourism/#/list,API目录ID-37/2026-09-04,,,尚未映射到可回跳的知识库景点卡,,,1,CN-POOL-20260904-r0,MCT内容ID=13730；来源文件=content_37.json
CN-P-001239,bae2df163ad6952edfa19872cd7f12e3146a33c908434f4f0028c44ec9751d30,福州市永泰县梧桐镇春光村,,福建省,,,非A,乡村旅游重点村,unknown,pending,第二批全国乡村旅游重点村,https://www.mct.gov.cn/tourism/#/list,API目录ID-37/2026-09-04,,,尚未映射到可回跳的知识库景点卡,,,1,CN-POOL-20260904-r0,MCT内容ID=13731；来源文件=content_37.json
CN-P-001240,19eaf9c4ec235fea03a56356555b6a79fe28469cddf851bd95282cffd52fbe01,龙岩市武平县万安镇捷文村,,福建省,,,非A,乡村旅游重点村,unknown,pending,第二批全国乡村旅游重点村,https://www.mct.gov.cn/tourism/#/list,API目录ID-37/2026-09-04,,,尚未映射到可回跳的知识库景点卡,,,1,CN-POOL-20260904-r0,MCT内容ID=13732；来源文件=content_37.json
CN-P-001241,d175b76854a5006ecdefde17d0d435523d6779fbc34bdaf6760c5ec8eac52ccf,南平市武夷山市兴田镇南源岭村,,福建省,,,非A,乡村旅游重点村,unknown,pending,第二批全国乡村旅游重点村,https://www.mct.gov.cn/tourism/#/list,API目录ID-37/2026-09-04,,,尚未映射到可回跳的知识库景点卡,,,1,CN-POOL-20260904-r0,MCT内容ID=13733；来源文件=content_37.json
CN-P-001242,232163d35087543efa8b256cc360695d608ad92bc3df3ad5e846f6ba3ca0b661,景德镇市浮梁县瑶里镇瑶里村,,江西省,,,非A,乡村旅游重点村,unknown,pending,第二批全国乡村旅游重点村,https://www.mct.gov.cn/tourism/#/list,API目录ID-37/2026-09-04,,,尚未映射到可回跳的知识库景点卡,,,1,CN-POOL-20260904-r0,MCT内容ID=13734；来源文件=content_37.json
CN-P-001243,ba0da35740357a40662060f3c4eeda757d95ddf3376819906ea82f2a978833d9,南昌市安义县石鼻镇罗田村,,江西省,,,非A,乡村旅游重点村,unknown,pending,第二批全国乡村旅游重点村,https://www.mct.gov.cn/tourism/#/list,API目录ID-37/2026-09-04,,,尚未映射到可回跳的知识库景点卡,,,1,CN-POOL-20260904-r0,MCT内容ID=13735；来源文件=content_37.json
CN-P-001244,191987ccab3d7ca7c30a6c8a483c763e87a4f8cbc4d639441fd3879f62944356,萍乡市芦溪县宣风镇竹垣村,,江西省,,,非A,乡村旅游重点村,unknown,pending,第二批全国乡村旅游重点村,https://www.mct.gov.cn/tourism/#/list,API目录ID-37/2026-09-04,,,尚未映射到可回跳的知识库景点卡,,,1,CN-POOL-20260904-r0,MCT内容ID=13736；来源文件=content_37.json
CN-P-001245,8bf62a96b2e9d640a83c25083030370dfa65e7cc559ba2661051580215b24822,萍乡市湘东区麻山镇幸福村,,江西省,,,非A,乡村旅游重点村,unknown,pending,第二批全国乡村旅游重点村,https://www.mct.gov.cn/tourism/#/list,API目录ID-37/2026-09-04,,,尚未映射到可回跳的知识库景点卡,,,1,CN-POOL-20260904-r0,MCT内容ID=13737；来源文件=content_37.json
CN-P-001246,54742e7fed72453f71308acbfa8b596eb6db5a0ba772c27f0c97b74f5bed6bb9,吉安市万安县高陂镇高陂村,,江西省,,,非A,乡村旅游重点村,unknown,pending,第二批全国乡村旅游重点村,https://www.mct.gov.cn/tourism/#/list,API目录ID-37/2026-09-04,,,尚未映射到可回跳的知识库景点卡,,,1,CN-POOL-20260904-r0,MCT内容ID=13738；来源文件=content_37.json
CN-P-001247,ffdf9eb56396528979e575ee937772f1b27600236bb7d35d6758c3270afdbac9,抚州市南丰县市山镇包坊村,,江西省,,,非A,乡村旅游重点村,unknown,pending,第二批全国乡村旅游重点村,https://www.mct.gov.cn/tourism/#/list,API目录ID-37/2026-09-04,,,尚未映射到可回跳的知识库景点卡,,,1,CN-POOL-20260904-r0,MCT内容ID=13739；来源文件=content_37.json
CN-P-001248,eb04ac3dae1be8c961932cd5b9ae7d7ef95aacd65f62b002c777d037d46ff664,九江市武宁县罗坪镇长水村,,江西省,,,非A,乡村旅游重点村,unknown,pending,第二批全国乡村旅游重点村,https://www.mct.gov.cn/tourism/#/list,API目录ID-37/2026-09-04,,,尚未映射到可回跳的知识库景点卡,,,1,CN-POOL-20260904-r0,MCT内容ID=13740；来源文件=content_37.json
CN-P-001249,d47253087d975d43847224d073e4d84381a818ccad4b4f09f1ebc3063ab009ff,宜春市明月山温泉风景名胜区（袁州区）温汤镇水口村,,江西省,,,非A,乡村旅游重点村,unknown,pending,第二批全国乡村旅游重点村,https://www.mct.gov.cn/tourism/#/list,API目录ID-37/2026-09-04,,,尚未映射到可回跳的知识库景点卡,,,1,CN-POOL-20260904-r0,MCT内容ID=13741；来源文件=content_37.json
CN-P-001250,26379e3e555a069523e2088926aa515ff3c63e594f8c0e53c23c1d651133b971,吉安市安福县章庄乡章庄村,,江西省,,,非A,乡村旅游重点村,unknown,pending,第二批全国乡村旅游重点村,https://www.mct.gov.cn/tourism/#/list,API目录ID-37/2026-09-04,,,尚未映射到可回跳的知识库景点卡,,,1,CN-POOL-20260904-r0,MCT内容ID=13742；来源文件=content_37.json
CN-P-001251,3822fc63c56ca8d104d825ca19522338c1df329e4d54decff04c7e2b3c2dcd75,吉安市永新县高市乡滨江村（洲塘书画村）,,江西省,,,非A,乡村旅游重点村,unknown,pending,第二批全国乡村旅游重点村,https://www.mct.gov.cn/tourism/#/list,API目录ID-37/2026-09-04,,,尚未映射到可回跳的知识库景点卡,,,1,CN-POOL-20260904-r0,MCT内容ID=13743；来源文件=content_37.json
CN-P-001252,92bdafd488e0374b0dc436d9e14930220cd6d87e89759b7f66e3657f69ee6b8a,抚州市广昌县驿前镇姚西村,,江西省,,,非A,乡村旅游重点村,unknown,pending,第二批全国乡村旅游重点村,https://www.mct.gov.cn/tourism/#/list,API目录ID-37/2026-09-04,,,尚未映射到可回跳的知识库景点卡,,,1,CN-POOL-20260904-r0,MCT内容ID=13744；来源文件=content_37.json
CN-P-001253,ae56b96dffa6fccd60a64c1ff21314d374ff6d9aaae7d14a731d8caa2d1bea39,上饶市德兴市香屯街道杨家湾村楼上楼村,,江西省,,,非A,乡村旅游重点村,unknown,pending,第二批全国乡村旅游重点村,https://www.mct.gov.cn/tourism/#/list,API目录ID-37/2026-09-04,,,尚未映射到可回跳的知识库景点卡,,,1,CN-POOL-20260904-r0,MCT内容ID=13745；来源文件=content_37.json
CN-P-001254,b52a053b6fadd2dde923826197a5f771c4c9d93e59c3f2b52b8ba437657947bc,上饶市婺源县紫阳镇考水村,,江西省,,,非A,乡村旅游重点村,unknown,pending,第二批全国乡村旅游重点村,https://www.mct.gov.cn/tourism/#/list,API目录ID-37/2026-09-04,,,尚未映射到可回跳的知识库景点卡,,,1,CN-POOL-20260904-r0,MCT内容ID=13746；来源文件=content_37.json
CN-P-001255,75f4b3f5048e5ef274c639cf3324ed5ca6ccce789039a6b2906225dbf69199be,上饶市婺源县溪头乡西岸村江岭村,,江西省,,,非A,乡村旅游重点村,unknown,pending,第二批全国乡村旅游重点村,https://www.mct.gov.cn/tourism/#/list,API目录ID-37/2026-09-04,,,尚未映射到可回跳的知识库景点卡,,,1,CN-POOL-20260904-r0,MCT内容ID=13747；来源文件=content_37.json
CN-P-001256,ac9c9b0631650054cb6b4b3667f433990e33cc190eb100910c3c425c178f4b2e,赣州市上犹县梅水乡园村村,,江西省,,,非A,乡村旅游重点村,unknown,pending,第二批全国乡村旅游重点村,https://www.mct.gov.cn/tourism/#/list,API目录ID-37/2026-09-04,,,尚未映射到可回跳的知识库景点卡,,,1,CN-POOL-20260904-r0,MCT内容ID=13748；来源文件=content_37.json
CN-P-001257,acca2e2a6383e1cb8feac47816d1d6f07be29ea71ad47fc2527b5b7f1f6937d5,宜春市明月山温泉风景名胜区（袁州区）洪江镇古庙村,,江西省,,,非A,乡村旅游重点村,unknown,pending,第二批全国乡村旅游重点村,https://www.mct.gov.cn/tourism/#/list,API目录ID-37/2026-09-04,,,尚未映射到可回跳的知识库景点卡,,,1,CN-POOL-20260904-r0,MCT内容ID=13749；来源文件=content_37.json
CN-P-001258,f316bff3de33aa10afa6825b4f13fcfbf9f235673f5abcbd170e338c36e0c425,赣州市大余县新城镇周屋村,,江西省,,,非A,乡村旅游重点村,unknown,pending,第二批全国乡村旅游重点村,https://www.mct.gov.cn/tourism/#/list,API目录ID-37/2026-09-04,,,尚未映射到可回跳的知识库景点卡,,,1,CN-POOL-20260904-r0,MCT内容ID=13750；来源文件=content_37.json
CN-P-001259,8c0d97ed7d0e8a9cd5818fe56b42b218658b705aa8f2d7f317c81592edc9b9e5,抚州市资溪县乌石镇草坪村,,江西省,,,非A,乡村旅游重点村,unknown,pending,第二批全国乡村旅游重点村,https://www.mct.gov.cn/tourism/#/list,API目录ID-37/2026-09-04,,,尚未映射到可回跳的知识库景点卡,,,1,CN-POOL-20260904-r0,MCT内容ID=13751；来源文件=content_37.json
CN-P-001260,0b8753c7a741e6b7b734a53db61c4f63731f7561006667a2025086ff1f8cdfaa,抚州市资溪县马头山镇永胜村,,江西省,,,非A,乡村旅游重点村,unknown,pending,第二批全国乡村旅游重点村,https://www.mct.gov.cn/tourism/#/list,API目录ID-37/2026-09-04,,,尚未映射到可回跳的知识库景点卡,,,1,CN-POOL-20260904-r0,MCT内容ID=13752；来源文件=content_37.json
CN-P-001261,b824f256b7fcccc7821d2631b96cfca05010547576764bbf109b0df2c0c13083,鹰潭市贵溪市雷溪镇南山村,,江西省,,,非A,乡村旅游重点村,unknown,pending,第二批全国乡村旅游重点村,https://www.mct.gov.cn/tourism/#/list,API目录ID-37/2026-09-04,,,尚未映射到可回跳的知识库景点卡,,,1,CN-POOL-20260904-r0,MCT内容ID=13753；来源文件=content_37.json
CN-P-001262,90358a06dd7a25b2637ae264396b0a5c85115705ebde3c14618059394d4577b7,赣州市石城县琴江镇大畲村,,江西省,,,非A,乡村旅游重点村,unknown,pending,第二批全国乡村旅游重点村,https://www.mct.gov.cn/tourism/#/list,API目录ID-37/2026-09-04,,,尚未映射到可回跳的知识库景点卡,,,1,CN-POOL-20260904-r0,MCT内容ID=13754；来源文件=content_37.json
CN-P-001263,4b73860536e3aa0894e4a3047061f85842f2b440ed401b337fdd9d84c60a97d0,上饶市婺源县蚺城街道上梅洲村塘村,,江西省,,,非A,乡村旅游重点村,unknown,pending,第二批全国乡村旅游重点村,https://www.mct.gov.cn/tourism/#/list,API目录ID-37/2026-09-04,,,尚未映射到可回跳的知识库景点卡,,,1,CN-POOL-20260904-r0,MCT内容ID=13755；来源文件=content_37.json
CN-P-001264,c2c2142626455c19f000d10f853566a61560418b5b0bc257c640360ed0793ac2,九江市修水县杭口镇双井村,,江西省,,,非A,乡村旅游重点村,unknown,pending,第二批全国乡村旅游重点村,https://www.mct.gov.cn/tourism/#/list,API目录ID-37/2026-09-04,,,尚未映射到可回跳的知识库景点卡,,,1,CN-POOL-20260904-r0,MCT内容ID=13756；来源文件=content_37.json
CN-P-001265,a227bd21f0e736461e8c78460b8b5ed3d760a8c09b642b00064b20aa80cdc807,吉安市井冈山市茅坪镇神山村,,江西省,,,非A,乡村旅游重点村,unknown,pending,第二批全国乡村旅游重点村,https://www.mct.gov.cn/tourism/#/list,API目录ID-37/2026-09-04,,,尚未映射到可回跳的知识库景点卡,,,1,CN-POOL-20260904-r0,MCT内容ID=13757；来源文件=content_37.json
CN-P-001266,f6010da255bdfaf11bfe789c9f1bd82077526cc0e6b07909f25f7acb73a93afa,吉安市井冈山市黄坳乡黄坳村,,江西省,,,非A,乡村旅游重点村,unknown,pending,第二批全国乡村旅游重点村,https://www.mct.gov.cn/tourism/#/list,API目录ID-37/2026-09-04,,,尚未映射到可回跳的知识库景点卡,,,1,CN-POOL-20260904-r0,MCT内容ID=13758；来源文件=content_37.json
CN-P-001267,78cabcf130a22d6924ee34d76435472a28c2bb325c4229e3e7f25d5b2913609e,济南市长清区万德街道马套村,,山东省,,,非A,乡村旅游重点村,unknown,pending,第二批全国乡村旅游重点村,https://www.mct.gov.cn/tourism/#/list,API目录ID-37/2026-09-04,,,尚未映射到可回跳的知识库景点卡,,,1,CN-POOL-20260904-r0,MCT内容ID=13759；来源文件=content_37.json
CN-P-001268,262f0e845455f477bf196842c0bfe58ec4660c219e1b4f877d3fb4c2709163f8,临沂市沂南县马牧池乡常山庄村,,山东省,,,非A,乡村旅游重点村,unknown,pending,第二批全国乡村旅游重点村,https://www.mct.gov.cn/tourism/#/list,API目录ID-37/2026-09-04,,,尚未映射到可回跳的知识库景点卡,,,1,CN-POOL-20260904-r0,MCT内容ID=13760；来源文件=content_37.json
CN-P-001269,6d14a54506594efa0ff41849ca381677b1d12b07248b2e9bea1dc65796199da8,临沂市兰陵县卞庄街道代村,,山东省,,,非A,乡村旅游重点村,unknown,pending,第二批全国乡村旅游重点村,https://www.mct.gov.cn/tourism/#/list,API目录ID-37/2026-09-04,,,尚未映射到可回跳的知识库景点卡,,,1,CN-POOL-20260904-r0,MCT内容ID=13761；来源文件=content_37.json
CN-P-001270,cb79674f8378f0f27573d1d31392842f3e6f112936078aeb8cb9d42b80500494,临沂市蒙阴县岱崮镇笊篱坪村,,山东省,,,非A,乡村旅游重点村,unknown,pending,第二批全国乡村旅游重点村,https://www.mct.gov.cn/tourism/#/list,API目录ID-37/2026-09-04,,,尚未映射到可回跳的知识库景点卡,,,1,CN-POOL-20260904-r0,MCT内容ID=13762；来源文件=content_37.json
CN-P-001271,3d9a08251ac5f8718638785c934598efcfe8761d348b373303b318f355b351ec,威海市荣成市俚岛镇烟墩角村,,山东省,,,非A,乡村旅游重点村,unknown,pending,第二批全国乡村旅游重点村,https://www.mct.gov.cn/tourism/#/list,API目录ID-37/2026-09-04,,,尚未映射到可回跳的知识库景点卡,,,1,CN-POOL-20260904-r0,MCT内容ID=13763；来源文件=content_37.json
CN-P-001272,19db9def782e782edbd612b05bbf8c25ab0f13e34d95c31385a653041ba40b00,临沂市平邑县地方镇九间棚村,,山东省,,,非A,乡村旅游重点村,unknown,pending,第二批全国乡村旅游重点村,https://www.mct.gov.cn/tourism/#/list,API目录ID-37/2026-09-04,,,尚未映射到可回跳的知识库景点卡,,,1,CN-POOL-20260904-r0,MCT内容ID=13764；来源文件=content_37.json
CN-P-001273,2bc640bc6ff31c44a47d2850ea742a6e820e7f23f9c01f5a2793acbc0e2b615a,威海市环翠区张村镇王家疃村,,山东省,,,非A,乡村旅游重点村,unknown,pending,第二批全国乡村旅游重点村,https://www.mct.gov.cn/tourism/#/list,API目录ID-37/2026-09-04,,,尚未映射到可回跳的知识库景点卡,,,1,CN-POOL-20260904-r0,MCT内容ID=13765；来源文件=content_37.json
CN-P-001274,e25f1aa9a34c5e04857a0276ff2ac6c650b7a97000a9cf0908ada18b05e99059,潍坊市寒亭区杨家埠旅游开发区西杨家埠村,,山东省,,,非A,乡村旅游重点村,unknown,pending,第二批全国乡村旅游重点村,https://www.mct.gov.cn/tourism/#/list,API目录ID-37/2026-09-04,,,尚未映射到可回跳的知识库景点卡,,,1,CN-POOL-20260904-r0,MCT内容ID=13766；来源文件=content_37.json
CN-P-001275,18281be8d949b23e56394b175da42b8b42f664b43c6c74cfdefe7cfa3ed8edda,泰安市肥城市孙伯镇五埠村,,山东省,,,非A,乡村旅游重点村,unknown,pending,第二批全国乡村旅游重点村,https://www.mct.gov.cn/tourism/#/list,API目录ID-37/2026-09-04,,,尚未映射到可回跳的知识库景点卡,,,1,CN-POOL-20260904-r0,MCT内容ID=13767；来源文件=content_37.json
CN-P-001276,47192f0ede7d633cbf70a4c729d17348b5a64419900ed213b93c8e6041e5bae6,日照市山海天旅游度假区卧龙山街道李家台村,,山东省,,,非A,乡村旅游重点村,unknown,pending,第二批全国乡村旅游重点村,https://www.mct.gov.cn/tourism/#/list,API目录ID-37/2026-09-04,,,尚未映射到可回跳的知识库景点卡,,,1,CN-POOL-20260904-r0,MCT内容ID=13768；来源文件=content_37.json
CN-P-001277,17c8737779429ee7af4205aa65943bfe5e58e331d4d06cf5fde615c6fe076f1b,临沂市沂水县院东头镇四门洞村,,山东省,,,非A,乡村旅游重点村,unknown,pending,第二批全国乡村旅游重点村,https://www.mct.gov.cn/tourism/#/list,API目录ID-37/2026-09-04,,,尚未映射到可回跳的知识库景点卡,,,1,CN-POOL-20260904-r0,MCT内容ID=13769；来源文件=content_37.json
CN-P-001278,d7c7495d3ef38731e6c40bbc509c45960c2ae462b5e934ded87ae4f25a6a8b21,潍坊市临朐县五井镇隐士村,,山东省,,,非A,乡村旅游重点村,unknown,pending,第二批全国乡村旅游重点村,https://www.mct.gov.cn/tourism/#/list,API目录ID-37/2026-09-04,,,尚未映射到可回跳的知识库景点卡,,,1,CN-POOL-20260904-r0,MCT内容ID=13770；来源文件=content_37.json
CN-P-001279,77ef5f7d8ea935db6cf0a8fb022f4e491edbbf64c5a4908787987ed388996de0,济宁市泗水县圣水峪镇东仲都村,,山东省,,,非A,乡村旅游重点村,unknown,pending,第二批全国乡村旅游重点村,https://www.mct.gov.cn/tourism/#/list,API目录ID-37/2026-09-04,,,尚未映射到可回跳的知识库景点卡,,,1,CN-POOL-20260904-r0,MCT内容ID=13771；来源文件=content_37.json
CN-P-001280,3aa264451c61151458b50b7a3998afbde0143463dfb6252f056eb7be075c2f4c,滨州市滨城区里则街道西纸坊村,,山东省,,,非A,乡村旅游重点村,unknown,pending,第二批全国乡村旅游重点村,https://www.mct.gov.cn/tourism/#/list,API目录ID-37/2026-09-04,,,尚未映射到可回跳的知识库景点卡,,,1,CN-POOL-20260904-r0,MCT内容ID=13772；来源文件=content_37.json
CN-P-001281,5185f50ada820e6af6a2a8222b1fda296d0cc85049f65c5a56f52ba4be604896,淄博市淄川区昆仑镇牛记庵村,,山东省,,,非A,乡村旅游重点村,unknown,pending,第二批全国乡村旅游重点村,https://www.mct.gov.cn/tourism/#/list,API目录ID-37/2026-09-04,,,尚未映射到可回跳的知识库景点卡,,,1,CN-POOL-20260904-r0,MCT内容ID=13773；来源文件=content_37.json
CN-P-001282,5fbd9d6379105a8fa57dc823b3474ea12dd35336c853a07f2daf8645b5ff8b97,潍坊市坊子区坊安街道洼里村,,山东省,,,非A,乡村旅游重点村,unknown,pending,第二批全国乡村旅游重点村,https://www.mct.gov.cn/tourism/#/list,API目录ID-37/2026-09-04,,,尚未映射到可回跳的知识库景点卡,,,1,CN-POOL-20260904-r0,MCT内容ID=13774；来源文件=content_37.json
CN-P-001283,74af08e0f5ed99baee64a60fa3ea5b98a551cc4b3c4e822f5b314bd9e7e7d5d5,威海市文登区高村镇慈口观村,,山东省,,,非A,乡村旅游重点村,unknown,pending,第二批全国乡村旅游重点村,https://www.mct.gov.cn/tourism/#/list,API目录ID-37/2026-09-04,,,尚未映射到可回跳的知识库景点卡,,,1,CN-POOL-20260904-r0,MCT内容ID=13775；来源文件=content_37.json
CN-P-001284,166e9df8e219f42be7d22ec8891ba8abb92d69b253f99028e17e8bf73101302a,济南市南部山区西营街道黄鹿泉村,,山东省,,,非A,乡村旅游重点村,unknown,pending,第二批全国乡村旅游重点村,https://www.mct.gov.cn/tourism/#/list,API目录ID-37/2026-09-04,,,尚未映射到可回跳的知识库景点卡,,,1,CN-POOL-20260904-r0,MCT内容ID=13776；来源文件=content_37.json
CN-P-001285,01f098ca9f14a728ccca9b25b6776fbc174fdbf22767a5cc4de07b2aa1ed16a8,菏泽市巨野县核桃园镇前王庄村,,山东省,,,非A,乡村旅游重点村,unknown,pending,第二批全国乡村旅游重点村,https://www.mct.gov.cn/tourism/#/list,API目录ID-37/2026-09-04,,,尚未映射到可回跳的知识库景点卡,,,1,CN-POOL-20260904-r0,MCT内容ID=13777；来源文件=content_37.json
CN-P-001286,9d8b7a46c48227c7f2d5a0230b4c4caab31ca8a7e98c289f04b2609435a30b26,泰安市岱岳区道朗镇东西门村,,山东省,,,非A,乡村旅游重点村,unknown,pending,第二批全国乡村旅游重点村,https://www.mct.gov.cn/tourism/#/list,API目录ID-37/2026-09-04,,,尚未映射到可回跳的知识库景点卡,,,1,CN-POOL-20260904-r0,MCT内容ID=13778；来源文件=content_37.json
CN-P-001287,47d305a916ab174610ed80edc7ae248b7db6f8aa968254328f4fc79efdf4aeee,青岛市崂山区沙子口街道东麦窑社区,,山东省,,,非A,乡村旅游重点村,unknown,pending,第二批全国乡村旅游重点村,https://www.mct.gov.cn/tourism/#/list,API目录ID-37/2026-09-04,,,尚未映射到可回跳的知识库景点卡,,,1,CN-POOL-20260904-r0,MCT内容ID=13779；来源文件=content_37.json
CN-P-001288,3d8cc08eec94e54ea376a7e19c2ac065f168a9d689af298ddd27fef716b72612,潍坊市青州市王坟镇胡林古村,,山东省,,,非A,乡村旅游重点村,unknown,pending,第二批全国乡村旅游重点村,https://www.mct.gov.cn/tourism/#/list,API目录ID-37/2026-09-04,,,尚未映射到可回跳的知识库景点卡,,,1,CN-POOL-20260904-r0,MCT内容ID=13780；来源文件=content_37.json
CN-P-001289,529d0d32af2f51f5c829df3fffa63eb7c678ab1690f5cc672bde8a280c881584,枣庄市山亭区徐庄镇葫芦套村,,山东省,,,非A,乡村旅游重点村,unknown,pending,第二批全国乡村旅游重点村,https://www.mct.gov.cn/tourism/#/list,API目录ID-37/2026-09-04,,,尚未映射到可回跳的知识库景点卡,,,1,CN-POOL-20260904-r0,MCT内容ID=13781；来源文件=content_37.json
CN-P-001290,d8e090649b4aedcb9530b259e4c25fb65049f9234ff44ff8c195352a7575b2fe,济宁市曲阜市石门山镇石门山庄村,,山东省,,,非A,乡村旅游重点村,unknown,pending,第二批全国乡村旅游重点村,https://www.mct.gov.cn/tourism/#/list,API目录ID-37/2026-09-04,,,尚未映射到可回跳的知识库景点卡,,,1,CN-POOL-20260904-r0,MCT内容ID=13782；来源文件=content_37.json
CN-P-001291,ac5aeb1a053c71c14c0ab779979d149ce51d49933d0611129de59db0b63b6b19,郑州市新密市米村镇朱家庵村,,河南省,,,非A,乡村旅游重点村,unknown,pending,第二批全国乡村旅游重点村,https://www.mct.gov.cn/tourism/#/list,API目录ID-37/2026-09-04,,,尚未映射到可回跳的知识库景点卡,,,1,CN-POOL-20260904-r0,MCT内容ID=13783；来源文件=content_37.json
CN-P-001292,139a57ac5febc367eec4c93a7214e46c91b76b55774b0c715fbdb643fe1ab704,信阳市罗山县铁铺镇何家冲村,,河南省,,,非A,乡村旅游重点村,unknown,pending,第二批全国乡村旅游重点村,https://www.mct.gov.cn/tourism/#/list,API目录ID-37/2026-09-04,,,尚未映射到可回跳的知识库景点卡,,,1,CN-POOL-20260904-r0,MCT内容ID=13784；来源文件=content_37.json
CN-P-001293,0dd24fa3e3d3ef381c31a95a68cde910dae7f4d7aa9f47fc99cf92a29b4efe8a,商丘市民权县北关镇王公庄村,,河南省,,,非A,乡村旅游重点村,unknown,pending,第二批全国乡村旅游重点村,https://www.mct.gov.cn/tourism/#/list,API目录ID-37/2026-09-04,,,尚未映射到可回跳的知识库景点卡,,,1,CN-POOL-20260904-r0,MCT内容ID=13785；来源文件=content_37.json
CN-P-001294,2b3021b3ecf02280303c16e37c7d3c454cb7bb165ded6ce56926f8418b91c207,信阳市新县田铺乡田铺大塆村,,河南省,,,非A,乡村旅游重点村,unknown,pending,第二批全国乡村旅游重点村,https://www.mct.gov.cn/tourism/#/list,API目录ID-37/2026-09-04,,,尚未映射到可回跳的知识库景点卡,,,1,CN-POOL-20260904-r0,MCT内容ID=13786；来源文件=content_37.json
CN-P-001295,439d6f088596df7e043e5f201dc748200f7bc2ee9582ceb44d242781a115b1e4,巩义市竹林镇石鼓村,,河南省,,,非A,乡村旅游重点村,unknown,pending,第二批全国乡村旅游重点村,https://www.mct.gov.cn/tourism/#/list,API目录ID-37/2026-09-04,,,尚未映射到可回跳的知识库景点卡,,,1,CN-POOL-20260904-r0,MCT内容ID=13787；来源文件=content_37.json
CN-P-001296,5a599e91d7cac65f91a1118fd82d32a6eb2cd98ad364e465b0547379a4dcb0a3,驻马店市遂平县嵖岈山镇红石崖村,,河南省,,,非A,乡村旅游重点村,unknown,pending,第二批全国乡村旅游重点村,https://www.mct.gov.cn/tourism/#/list,API目录ID-37/2026-09-04,,,尚未映射到可回跳的知识库景点卡,,,1,CN-POOL-20260904-r0,MCT内容ID=13788；来源文件=content_37.json
CN-P-001297,68004ee3512b6c53dcd7994988d1a868928852fdfdd127baee64795f1a77b919,郑州市二七区侯寨乡樱桃沟社区,,河南省,,,非A,乡村旅游重点村,unknown,pending,第二批全国乡村旅游重点村,https://www.mct.gov.cn/tourism/#/list,API目录ID-37/2026-09-04,,,尚未映射到可回跳的知识库景点卡,,,1,CN-POOL-20260904-r0,MCT内容ID=13789；来源文件=content_37.json
CN-P-001298,ea19de4ff0d415e1cc2d8a8db8c3fe9e0422bbdd9985d351b6e117255617a72a,漯河市临颍县城关镇南街村,,河南省,,,非A,乡村旅游重点村,unknown,pending,第二批全国乡村旅游重点村,https://www.mct.gov.cn/tourism/#/list,API目录ID-37/2026-09-04,,,尚未映射到可回跳的知识库景点卡,,,1,CN-POOL-20260904-r0,MCT内容ID=13790；来源文件=content_37.json
CN-P-001299,fde0fec89b2d3daa62b5f61c0c7a274ac61d9aee1c7ec0efdfc9767c0332ed9a,鹤壁市淇县灵山街道凉水泉村,,河南省,,,非A,乡村旅游重点村,unknown,pending,第二批全国乡村旅游重点村,https://www.mct.gov.cn/tourism/#/list,API目录ID-37/2026-09-04,,,尚未映射到可回跳的知识库景点卡,,,1,CN-POOL-20260904-r0,MCT内容ID=13791；来源文件=content_37.json
CN-P-001300,c4a0c2d7d4b169cdb7dbc2acae0db97032c0e008ba90e2382c45814f85134b80,安阳市林州市石板岩镇高家台村,,河南省,,,非A,乡村旅游重点村,unknown,pending,第二批全国乡村旅游重点村,https://www.mct.gov.cn/tourism/#/list,API目录ID-37/2026-09-04,,,尚未映射到可回跳的知识库景点卡,,,1,CN-POOL-20260904-r0,MCT内容ID=13792；来源文件=content_37.json
CN-P-001301,93b2680eb519a04fda078a7a77575549a0657abc298a2aa1b02814c2a22a0181,许昌市襄城县紫云镇雷洞村,,河南省,,,非A,乡村旅游重点村,unknown,pending,第二批全国乡村旅游重点村,https://www.mct.gov.cn/tourism/#/list,API目录ID-37/2026-09-04,,,尚未映射到可回跳的知识库景点卡,,,1,CN-POOL-20260904-r0,MCT内容ID=13793；来源文件=content_37.json
CN-P-001302,f90b7e80358807e9c335d9e178cd42476ed86ec2b1b06e7be615183531bffc4c,安阳市林州市黄华镇庙荒村,,河南省,,,非A,乡村旅游重点村,unknown,pending,第二批全国乡村旅游重点村,https://www.mct.gov.cn/tourism/#/list,API目录ID-37/2026-09-04,,,尚未映射到可回跳的知识库景点卡,,,1,CN-POOL-20260904-r0,MCT内容ID=13794；来源文件=content_37.json
CN-P-001303,29961c10e7eee471daa7e8ba701dd1c1736ac4c5a979337a2f28ab77796c2f5f,南阳市南召县云阳镇铁佛寺村,,河南省,,,非A,乡村旅游重点村,unknown,pending,第二批全国乡村旅游重点村,https://www.mct.gov.cn/tourism/#/list,API目录ID-37/2026-09-04,,,尚未映射到可回跳的知识库景点卡,,,1,CN-POOL-20260904-r0,MCT内容ID=13795；来源文件=content_37.json
CN-P-001304,b981e902758897418c44339b9884d30ba784145df526e3a5ddefc5bcc04ecd07,洛阳市栾川县庙子镇庄子村,,河南省,,,非A,乡村旅游重点村,unknown,pending,第二批全国乡村旅游重点村,https://www.mct.gov.cn/tourism/#/list,API目录ID-37/2026-09-04,,,尚未映射到可回跳的知识库景点卡,,,1,CN-POOL-20260904-r0,MCT内容ID=13796；来源文件=content_37.json
CN-P-001305,9c39a9cbbfcfe3b048f97634793fd7b0a90878d0134ac0eab9543fb762e296af,焦作市孟州市西虢镇莫沟村,,河南省,,,非A,乡村旅游重点村,unknown,pending,第二批全国乡村旅游重点村,https://www.mct.gov.cn/tourism/#/list,API目录ID-37/2026-09-04,,,尚未映射到可回跳的知识库景点卡,,,1,CN-POOL-20260904-r0,MCT内容ID=13797；来源文件=content_37.json
CN-P-001306,5f0f551bee21835c97e7bfa8f60fbc7a0a57615608a03197ca5133b371f27d5a,南阳市淅川县仓房镇磨沟村,,河南省,,,非A,乡村旅游重点村,unknown,pending,第二批全国乡村旅游重点村,https://www.mct.gov.cn/tourism/#/list,API目录ID-37/2026-09-04,,,尚未映射到可回跳的知识库景点卡,,,1,CN-POOL-20260904-r0,MCT内容ID=13798；来源文件=content_37.json
CN-P-001307,53dcfa94c856cc8ad5d989fae6bd30e90bdc47f2c0ce595633b883b502122b00,焦作市修武县云台山镇岸上村,,河南省,,,非A,乡村旅游重点村,unknown,pending,第二批全国乡村旅游重点村,https://www.mct.gov.cn/tourism/#/list,API目录ID-37/2026-09-04,,,尚未映射到可回跳的知识库景点卡,,,1,CN-POOL-20260904-r0,MCT内容ID=13799；来源文件=content_37.json
CN-P-001308,37c532cd0d7b7323efa590525aace3e68880ea51ef629c826075e24efaa1bf9d,三门峡市渑池县段村乡赵沟村,,河南省,,,非A,乡村旅游重点村,unknown,pending,第二批全国乡村旅游重点村,https://www.mct.gov.cn/tourism/#/list,API目录ID-37/2026-09-04,,,尚未映射到可回跳的知识库景点卡,,,1,CN-POOL-20260904-r0,MCT内容ID=13800；来源文件=content_37.json
CN-P-001309,216d1fe343aafffed0546701fb3e67939ffd4f90725c0533b7e6414a2c6c896c,洛阳市嵩县黄庄乡三合村,,河南省,,,非A,乡村旅游重点村,unknown,pending,第二批全国乡村旅游重点村,https://www.mct.gov.cn/tourism/#/list,API目录ID-37/2026-09-04,,,尚未映射到可回跳的知识库景点卡,,,1,CN-POOL-20260904-r0,MCT内容ID=13801；来源文件=content_37.json
CN-P-001310,f051afb9590f4cdff7c222dbc7a546358fdb03252d7fb3a51a450fd31590ebc4,洛阳市栾川县陶湾镇协心村,,河南省,,,非A,乡村旅游重点村,unknown,pending,第二批全国乡村旅游重点村,https://www.mct.gov.cn/tourism/#/list,API目录ID-37/2026-09-04,,,尚未映射到可回跳的知识库景点卡,,,1,CN-POOL-20260904-r0,MCT内容ID=13802；来源文件=content_37.json
CN-P-001311,1d54f0a98ea224d1ad71048132b0a26e63a18ef9445f9ebcaee8b2d729a7672c,信阳市新县周河乡西河村,,河南省,,,非A,乡村旅游重点村,unknown,pending,第二批全国乡村旅游重点村,https://www.mct.gov.cn/tourism/#/list,API目录ID-37/2026-09-04,,,尚未映射到可回跳的知识库景点卡,,,1,CN-POOL-20260904-r0,MCT内容ID=13803；来源文件=content_37.json
CN-P-001312,4f16ac7307b4efdf92f9a708c24d9c10bd083ebfb4c97c613b97b1c0ed41cbad,宜昌市夷陵区太平溪镇许家冲村,,湖北省,,,非A,乡村旅游重点村,unknown,pending,第二批全国乡村旅游重点村,https://www.mct.gov.cn/tourism/#/list,API目录ID-37/2026-09-04,,,尚未映射到可回跳的知识库景点卡,,,1,CN-POOL-20260904-r0,MCT内容ID=13804；来源文件=content_37.json
CN-P-001313,86741457260a545feddf9a8b24a09e289a325fdde9692fd3c6a4d52406497700,武汉市黄陂区姚家集街道杜堂村,,湖北省,,,非A,乡村旅游重点村,unknown,pending,第二批全国乡村旅游重点村,https://www.mct.gov.cn/tourism/#/list,API目录ID-37/2026-09-04,,,尚未映射到可回跳的知识库景点卡,,,1,CN-POOL-20260904-r0,MCT内容ID=13805；来源文件=content_37.json
CN-P-001314,1aa5f12427532967de6446806bae34e43912427a2d263e0b118d106c547313ca,鄂州市梁子湖区涂家垴镇万秀村,,湖北省,,,非A,乡村旅游重点村,unknown,pending,第二批全国乡村旅游重点村,https://www.mct.gov.cn/tourism/#/list,API目录ID-37/2026-09-04,,,尚未映射到可回跳的知识库景点卡,,,1,CN-POOL-20260904-r0,MCT内容ID=13806；来源文件=content_37.json
CN-P-001315,7062522df0c477cc574b28b54306dd84208e756fd9d7e1f84fed1ff3a872ca26,武汉市蔡甸区大集镇天星村,,湖北省,,,非A,乡村旅游重点村,unknown,pending,第二批全国乡村旅游重点村,https://www.mct.gov.cn/tourism/#/list,API目录ID-37/2026-09-04,,,尚未映射到可回跳的知识库景点卡,,,1,CN-POOL-20260904-r0,MCT内容ID=13807；来源文件=content_37.json
CN-P-001316,9287773c3e2e93d880cd94fd5d110a8c01a095843047e16df7b9df1cc87f4140,十堰市郧西县上津镇津城村,,湖北省,,,非A,乡村旅游重点村,unknown,pending,第二批全国乡村旅游重点村,https://www.mct.gov.cn/tourism/#/list,API目录ID-37/2026-09-04,,,尚未映射到可回跳的知识库景点卡,,,1,CN-POOL-20260904-r0,MCT内容ID=13808；来源文件=content_37.json
CN-P-001317,17c6aa93297aba2ff3e8a18b539466a34cc70091c0b59debf58856b159c1ece1,武汉市黄陂区木兰乡双泉村,,湖北省,,,非A,乡村旅游重点村,unknown,pending,第二批全国乡村旅游重点村,https://www.mct.gov.cn/tourism/#/list,API目录ID-37/2026-09-04,,,尚未映射到可回跳的知识库景点卡,,,1,CN-POOL-20260904-r0,MCT内容ID=13809；来源文件=content_37.json
CN-P-001318,2a2a7d25d2f70f16ab2e73ae15ce1ff098f7e172ce6be75135d7b1bb81e435dd,襄阳市谷城县五山镇堰河村,,湖北省,,,非A,乡村旅游重点村,unknown,pending,第二批全国乡村旅游重点村,https://www.mct.gov.cn/tourism/#/list,API目录ID-37/2026-09-04,,,尚未映射到可回跳的知识库景点卡,,,1,CN-POOL-20260904-r0,MCT内容ID=13810；来源文件=content_37.json
CN-P-001319,12b5c95debba8ff5e8b7ed7a3edc401b96aca9f97b2c53f679dac22def42377a,宜昌市长阳县龙舟坪镇郑家榜村,,湖北省,,,非A,乡村旅游重点村,unknown,pending,第二批全国乡村旅游重点村,https://www.mct.gov.cn/tourism/#/list,API目录ID-37/2026-09-04,,,尚未映射到可回跳的知识库景点卡,,,1,CN-POOL-20260904-r0,MCT内容ID=13811；来源文件=content_37.json
CN-P-001320,c68765d1f9b30c16ec98e8206f0c5ac1fd555e88d2a46d2bf94411a99329c4d2,宜昌市秭归县屈原镇西陵峡村,,湖北省,,,非A,乡村旅游重点村,unknown,pending,第二批全国乡村旅游重点村,https://www.mct.gov.cn/tourism/#/list,API目录ID-37/2026-09-04,,,尚未映射到可回跳的知识库景点卡,,,1,CN-POOL-20260904-r0,MCT内容ID=13812；来源文件=content_37.json
CN-P-001321,b8ff6291900f48f9d3ae3296104a215f53d4193a0fd020c1f926245ff4253e5f,襄阳市老河口市仙人渡镇李家染坊村,,湖北省,,,非A,乡村旅游重点村,unknown,pending,第二批全国乡村旅游重点村,https://www.mct.gov.cn/tourism/#/list,API目录ID-37/2026-09-04,,,尚未映射到可回跳的知识库景点卡,,,1,CN-POOL-20260904-r0,MCT内容ID=13813；来源文件=content_37.json
CN-P-001322,a401901535a5a04e1093eb4d9a211045ae70d8106bbf4fe42f887e8b753e3dbc,宜昌市宜都市高坝洲镇青林寺村,,湖北省,,,非A,乡村旅游重点村,unknown,pending,第二批全国乡村旅游重点村,https://www.mct.gov.cn/tourism/#/list,API目录ID-37/2026-09-04,,,尚未映射到可回跳的知识库景点卡,,,1,CN-POOL-20260904-r0,MCT内容ID=13814；来源文件=content_37.json
CN-P-001323,e8bfa9e21671aa8293845d201df94feb13aa8b3a661afbcbfd7a4b15150b1dce,武汉市江夏区五里界街道童周岭村,,湖北省,,,非A,乡村旅游重点村,unknown,pending,第二批全国乡村旅游重点村,https://www.mct.gov.cn/tourism/#/list,API目录ID-37/2026-09-04,,,尚未映射到可回跳的知识库景点卡,,,1,CN-POOL-20260904-r0,MCT内容ID=13815；来源文件=content_37.json
CN-P-001324,82b0997899d681a105cf42d0fec150de51222f2d709f6705360d636b2e25f929,鄂州市华容区段店镇武圣村,,湖北省,,,非A,乡村旅游重点村,unknown,pending,第二批全国乡村旅游重点村,https://www.mct.gov.cn/tourism/#/list,API目录ID-37/2026-09-04,,,尚未映射到可回跳的知识库景点卡,,,1,CN-POOL-20260904-r0,MCT内容ID=13816；来源文件=content_37.json
CN-P-001325,3d56b62372c3d8d61572586af120931bc3018f08249fcdc207961b01068f73c0,宜昌市夷陵区龙泉镇青龙村,,湖北省,,,非A,乡村旅游重点村,unknown,pending,第二批全国乡村旅游重点村,https://www.mct.gov.cn/tourism/#/list,API目录ID-37/2026-09-04,,,尚未映射到可回跳的知识库景点卡,,,1,CN-POOL-20260904-r0,MCT内容ID=13817；来源文件=content_37.json
CN-P-001326,47f96e41a9a0d5d42876ee1c811ae28cf340a8cb5c47e6a1530d6e62d3170264,十堰市郧阳区柳陂镇龙韵村,,湖北省,,,非A,乡村旅游重点村,unknown,pending,第二批全国乡村旅游重点村,https://www.mct.gov.cn/tourism/#/list,API目录ID-37/2026-09-04,,,尚未映射到可回跳的知识库景点卡,,,1,CN-POOL-20260904-r0,MCT内容ID=13818；来源文件=content_37.json
CN-P-001327,436e39c75523f550b5c67e676527313f71cab5103bd51afb9ba01953ec427bac,荆门市钟祥市客店镇马湾村,,湖北省,,,非A,乡村旅游重点村,unknown,pending,第二批全国乡村旅游重点村,https://www.mct.gov.cn/tourism/#/list,API目录ID-37/2026-09-04,,,尚未映射到可回跳的知识库景点卡,,,1,CN-POOL-20260904-r0,MCT内容ID=13819；来源文件=content_37.json
CN-P-001328,2c80f2d491e8ce9a46d781339627e293b12b5668e7d396d376710de599d4a56b,十堰市郧阳区茶店镇樱桃沟村,,湖北省,,,非A,乡村旅游重点村,unknown,pending,第二批全国乡村旅游重点村,https://www.mct.gov.cn/tourism/#/list,API目录ID-37/2026-09-04,,,尚未映射到可回跳的知识库景点卡,,,1,CN-POOL-20260904-r0,MCT内容ID=13820；来源文件=content_37.json
CN-P-001329,50894c182a793055bcd657f2758a78aa51e52b6745e46ade89c5498634218ac1,荆州市洪湖市老湾回族乡珂里村,,湖北省,,,非A,乡村旅游重点村,unknown,pending,第二批全国乡村旅游重点村,https://www.mct.gov.cn/tourism/#/list,API目录ID-37/2026-09-04,,,尚未映射到可回跳的知识库景点卡,,,1,CN-POOL-20260904-r0,MCT内容ID=13821；来源文件=content_37.json
CN-P-001330,1ebe2fd2ba8efc7edf124266c20a36a7651086f1bf6a142fd4c269071e243c34,荆州市石首市团山寺镇过脉岭村,,湖北省,,,非A,乡村旅游重点村,unknown,pending,第二批全国乡村旅游重点村,https://www.mct.gov.cn/tourism/#/list,API目录ID-37/2026-09-04,,,尚未映射到可回跳的知识库景点卡,,,1,CN-POOL-20260904-r0,MCT内容ID=13822；来源文件=content_37.json
CN-P-001331,d4e521f3e011a9e143cda41c66ec4ab6bdcdcded526c24a59a284b7ec2cbb809,孝感市安陆市烟店镇碧山村,,湖北省,,,非A,乡村旅游重点村,unknown,pending,第二批全国乡村旅游重点村,https://www.mct.gov.cn/tourism/#/list,API目录ID-37/2026-09-04,,,尚未映射到可回跳的知识库景点卡,,,1,CN-POOL-20260904-r0,MCT内容ID=13823；来源文件=content_37.json
CN-P-001332,ba8af6d6d8e282bb4206d4312685be3d6a94ce4076e0ddde80df906f9394d888,襄阳市保康县店垭镇格栏坪村,,湖北省,,,非A,乡村旅游重点村,unknown,pending,第二批全国乡村旅游重点村,https://www.mct.gov.cn/tourism/#/list,API目录ID-37/2026-09-04,,,尚未映射到可回跳的知识库景点卡,,,1,CN-POOL-20260904-r0,MCT内容ID=13824；来源文件=content_37.json
CN-P-001333,573dc91f195d4cbf57b4150bf01a3261bacb2d47fcbfe57554da9ceb0131ad64,黄石市阳新县兴国镇南市村,,湖北省,,,非A,乡村旅游重点村,unknown,pending,第二批全国乡村旅游重点村,https://www.mct.gov.cn/tourism/#/list,API目录ID-37/2026-09-04,,,尚未映射到可回跳的知识库景点卡,,,1,CN-POOL-20260904-r0,MCT内容ID=13825；来源文件=content_37.json
CN-P-001334,9fe13b65874db255fab0f6a5cec803616f0985ce8b3b4651ef57c8f29938e63e,宜昌市五峰县长乐坪镇白岩坪村,,湖北省,,,非A,乡村旅游重点村,unknown,pending,第二批全国乡村旅游重点村,https://www.mct.gov.cn/tourism/#/list,API目录ID-37/2026-09-04,,,尚未映射到可回跳的知识库景点卡,,,1,CN-POOL-20260904-r0,MCT内容ID=13826；来源文件=content_37.json
CN-P-001335,25ea08805a826be3e547760f16bad59942ff531b05024a668ebe084ddb9af5e3,黄石市大冶市保安镇沼山村,,湖北省,,,非A,乡村旅游重点村,unknown,pending,第二批全国乡村旅游重点村,https://www.mct.gov.cn/tourism/#/list,API目录ID-37/2026-09-04,,,尚未映射到可回跳的知识库景点卡,,,1,CN-POOL-20260904-r0,MCT内容ID=13827；来源文件=content_37.json
CN-P-001336,3486c3bff6ebae9f372c9a98067520d760cbf500a04a7a96fcc171d741d7cee1,十堰市郧西县涧池乡下营村,,湖北省,,,非A,乡村旅游重点村,unknown,pending,第二批全国乡村旅游重点村,https://www.mct.gov.cn/tourism/#/list,API目录ID-37/2026-09-04,,,尚未映射到可回跳的知识库景点卡,,,1,CN-POOL-20260904-r0,MCT内容ID=13828；来源文件=content_37.json
CN-P-001337,9dc39fc9a61d5de14fb547b37fd0ea021cd81eae7f164093986ff536f48ccc10,恩施土家族苗族自治州恩施市盛家坝镇二官寨村,,湖北省,,,非A,乡村旅游重点村,unknown,pending,第二批全国乡村旅游重点村,https://www.mct.gov.cn/tourism/#/list,API目录ID-37/2026-09-04,,,尚未映射到可回跳的知识库景点卡,,,1,CN-POOL-20260904-r0,MCT内容ID=13829；来源文件=content_37.json
CN-P-001338,1bff0d6dcb0a145142c7005f25d6eb7d1b4ac4a86214bea892dd1a6f979eb0bd,宜昌市宜都市枝城镇全心贩村,,湖北省,,,非A,乡村旅游重点村,unknown,pending,第二批全国乡村旅游重点村,https://www.mct.gov.cn/tourism/#/list,API目录ID-37/2026-09-04,,,尚未映射到可回跳的知识库景点卡,,,1,CN-POOL-20260904-r0,MCT内容ID=13830；来源文件=content_37.json
CN-P-001339,ed91f88fc38389af673779774dfd35897f9149f6ae85c5fdc6f21fb954b0e6f1,永州市宁远县湾井镇下灌村,,湖南省,,,非A,乡村旅游重点村,unknown,pending,第二批全国乡村旅游重点村,https://www.mct.gov.cn/tourism/#/list,API目录ID-37/2026-09-04,,,尚未映射到可回跳的知识库景点卡,,,1,CN-POOL-20260904-r0,MCT内容ID=13831；来源文件=content_37.json
CN-P-001340,ede9667c3ca47d5b058dc9825542062fb15582dc15cbeafbc22aead36dbd70f8,怀化市通道侗族自治县坪坦乡皇都村,,湖南省,,,非A,乡村旅游重点村,unknown,pending,第二批全国乡村旅游重点村,https://www.mct.gov.cn/tourism/#/list,API目录ID-37/2026-09-04,,,尚未映射到可回跳的知识库景点卡,,,1,CN-POOL-20260904-r0,MCT内容ID=13832；来源文件=content_37.json
CN-P-001341,99d2d1a9bc2b482985b0683a1e64cdf49d56481860655df048cce58be85a64f8,常德市桃源县枫树维回乡维回新村,,湖南省,,,非A,乡村旅游重点村,unknown,pending,第二批全国乡村旅游重点村,https://www.mct.gov.cn/tourism/#/list,API目录ID-37/2026-09-04,,,尚未映射到可回跳的知识库景点卡,,,1,CN-POOL-20260904-r0,MCT内容ID=13833；来源文件=content_37.json
CN-P-001342,cfe8741def4a2889deeda9fa2d76e46e39fd3ebbf5716510e0ec29d76052cc04,株洲市攸县酒埠江镇酒仙湖村,,湖南省,,,非A,乡村旅游重点村,unknown,pending,第二批全国乡村旅游重点村,https://www.mct.gov.cn/tourism/#/list,API目录ID-37/2026-09-04,,,尚未映射到可回跳的知识库景点卡,,,1,CN-POOL-20260904-r0,MCT内容ID=13834；来源文件=content_37.json
CN-P-001343,3bbef3062bb5ac2cbba05abbd04f31535103aab13c28bf9575e799d49f78bb47,永州市双牌县茶林镇桐子坳村,,湖南省,,,非A,乡村旅游重点村,unknown,pending,第二批全国乡村旅游重点村,https://www.mct.gov.cn/tourism/#/list,API目录ID-37/2026-09-04,,,尚未映射到可回跳的知识库景点卡,,,1,CN-POOL-20260904-r0,MCT内容ID=13835；来源文件=content_37.json
CN-P-001344,8ebf124e51cbe57f4bf0e61cb74efc07e8610424794aef50bfbc0708abb674f1,益阳市桃江县大栗港镇刘家村,,湖南省,,,非A,乡村旅游重点村,unknown,pending,第二批全国乡村旅游重点村,https://www.mct.gov.cn/tourism/#/list,API目录ID-37/2026-09-04,,,尚未映射到可回跳的知识库景点卡,,,1,CN-POOL-20260904-r0,MCT内容ID=13836；来源文件=content_37.json
CN-P-001345,306b5287347554fbbd6fbed7f38e76a6b6a3fb5a0d0cdbd5639b57cd03a89e7f,衡阳市南岳区南岳镇红星村,,湖南省,,,非A,乡村旅游重点村,unknown,pending,第二批全国乡村旅游重点村,https://www.mct.gov.cn/tourism/#/list,API目录ID-37/2026-09-04,,,尚未映射到可回跳的知识库景点卡,,,1,CN-POOL-20260904-r0,MCT内容ID=13837；来源文件=content_37.json
CN-P-001346,7a0f4eae5f975783001e24debb5acee0d1430d7c2b56395dfe970261e555aa4e,株洲市炎陵县十都镇密花村,,湖南省,,,非A,乡村旅游重点村,unknown,pending,第二批全国乡村旅游重点村,https://www.mct.gov.cn/tourism/#/list,API目录ID-37/2026-09-04,,,尚未映射到可回跳的知识库景点卡,,,1,CN-POOL-20260904-r0,MCT内容ID=13838；来源文件=content_37.json
CN-P-001347,2d9b6b5b45e857b0355de46343331f9874f044d9e362b2190c59b7ab27e853bd,岳阳市屈原区河市镇三和村,,湖南省,,,非A,乡村旅游重点村,unknown,pending,第二批全国乡村旅游重点村,https://www.mct.gov.cn/tourism/#/list,API目录ID-37/2026-09-04,,,尚未映射到可回跳的知识库景点卡,,,1,CN-POOL-20260904-r0,MCT内容ID=13839；来源文件=content_37.json
CN-P-001348,b712b8fd0bca15dc6b95de03c682b5d642146111e23bd90b8564fd25860c98cd,常德市津市市毛里湖镇青苗社区,,湖南省,,,非A,乡村旅游重点村,unknown,pending,第二批全国乡村旅游重点村,https://www.mct.gov.cn/tourism/#/list,API目录ID-37/2026-09-04,,,尚未映射到可回跳的知识库景点卡,,,1,CN-POOL-20260904-r0,MCT内容ID=13840；来源文件=content_37.json
CN-P-001349,9e5bbfd90b19320d7fc70141455f61397bdb826dd1f303959f5fb5641890a8a7,湘西土家族苗族自治州永顺县灵溪镇司城村,,湖南省,,,非A,乡村旅游重点村,unknown,pending,第二批全国乡村旅游重点村,https://www.mct.gov.cn/tourism/#/list,API目录ID-37/2026-09-04,,,尚未映射到可回跳的知识库景点卡,,,1,CN-POOL-20260904-r0,MCT内容ID=13841；来源文件=content_37.json
CN-P-001350,2da4c3b52d36ac380cf9f385b05f46e2b640a146394deaec516be35a9dd58078,长沙市长沙县开慧镇锡福村,,湖南省,,,非A,乡村旅游重点村,unknown,pending,第二批全国乡村旅游重点村,https://www.mct.gov.cn/tourism/#/list,API目录ID-37/2026-09-04,,,尚未映射到可回跳的知识库景点卡,,,1,CN-POOL-20260904-r0,MCT内容ID=13842；来源文件=content_37.json
CN-P-001351,b2b1ad8fa58b746ed554dd9d70660b14fc053cf7b33df9a7c5c3f0e08f0f2fd4,益阳市资阳区长春镇紫薇村,,湖南省,,,非A,乡村旅游重点村,unknown,pending,第二批全国乡村旅游重点村,https://www.mct.gov.cn/tourism/#/list,API目录ID-37/2026-09-04,,,尚未映射到可回跳的知识库景点卡,,,1,CN-POOL-20260904-r0,MCT内容ID=13843；来源文件=content_37.json
CN-P-001352,d6c6f0c31368d2d0b60865410fb6f9a0e4ccdc36ed3a218f0a81bf92ecfa161d,邵阳市新宁县崀山镇石田村,,湖南省,,,非A,乡村旅游重点村,unknown,pending,第二批全国乡村旅游重点村,https://www.mct.gov.cn/tourism/#/list,API目录ID-37/2026-09-04,,,尚未映射到可回跳的知识库景点卡,,,1,CN-POOL-20260904-r0,MCT内容ID=13844；来源文件=content_37.json
CN-P-001353,079eca0681cc53dce3b1522744f25417f1274fec07c6d2dc62c757e39375d5a1,湘潭市韶山市韶山乡韶山村,,湖南省,,,非A,乡村旅游重点村,unknown,pending,第二批全国乡村旅游重点村,https://www.mct.gov.cn/tourism/#/list,API目录ID-37/2026-09-04,,,尚未映射到可回跳的知识库景点卡,,,1,CN-POOL-20260904-r0,MCT内容ID=13845；来源文件=content_37.json
CN-P-001354,612ddd9919a0627c4e55b37edd8e25428e9aaf35caa2794a4eff0215a7f8143f,岳阳市临湘市羊楼司镇龙窖山村,,湖南省,,,非A,乡村旅游重点村,unknown,pending,第二批全国乡村旅游重点村,https://www.mct.gov.cn/tourism/#/list,API目录ID-37/2026-09-04,,,尚未映射到可回跳的知识库景点卡,,,1,CN-POOL-20260904-r0,MCT内容ID=13846；来源文件=content_37.json
CN-P-001355,4dcd48a154c140551cef35a529c6395a86a705f315dbcf9fa95c43ce9c25501e,郴州市安仁县永乐江镇山塘村,,湖南省,,,非A,乡村旅游重点村,unknown,pending,第二批全国乡村旅游重点村,https://www.mct.gov.cn/tourism/#/list,API目录ID-37/2026-09-04,,,尚未映射到可回跳的知识库景点卡,,,1,CN-POOL-20260904-r0,MCT内容ID=13847；来源文件=content_37.json
CN-P-001356,19166d374f40c4fba80cbd12323acad7e6614b436b3f33aada5f03d9f6470fa5,永州市祁阳县茅竹镇三家村,,湖南省,,,非A,乡村旅游重点村,unknown,pending,第二批全国乡村旅游重点村,https://www.mct.gov.cn/tourism/#/list,API目录ID-37/2026-09-04,,,尚未映射到可回跳的知识库景点卡,,,1,CN-POOL-20260904-r0,MCT内容ID=13848；来源文件=content_37.json
CN-P-001357,4661f2e31c7195dfe2a3a62d60704776a1a8388eccd1b61368bacda8f65164c7,长沙市浏阳市张坊镇田溪村,,湖南省,,,非A,乡村旅游重点村,unknown,pending,第二批全国乡村旅游重点村,https://www.mct.gov.cn/tourism/#/list,API目录ID-37/2026-09-04,,,尚未映射到可回跳的知识库景点卡,,,1,CN-POOL-20260904-r0,MCT内容ID=13849；来源文件=content_37.json
CN-P-001358,c4eed807890c598914f079746a18d4035e72476e0f7917aaf49b8c714f25aa1b,怀化市鹤城区黄岩区大坪村,,湖南省,,,非A,乡村旅游重点村,unknown,pending,第二批全国乡村旅游重点村,https://www.mct.gov.cn/tourism/#/list,API目录ID-37/2026-09-04,,,尚未映射到可回跳的知识库景点卡,,,1,CN-POOL-20260904-r0,MCT内容ID=13850；来源文件=content_37.json
CN-P-001359,c20009de21ccdac82884041d1741c3e601f93fd504ad9e29f92d1cf8b1dfa227,张家界市永定区尹家溪镇马儿山村,,湖南省,,,非A,乡村旅游重点村,unknown,pending,第二批全国乡村旅游重点村,https://www.mct.gov.cn/tourism/#/list,API目录ID-37/2026-09-04,,,尚未映射到可回跳的知识库景点卡,,,1,CN-POOL-20260904-r0,MCT内容ID=13851；来源文件=content_37.json
CN-P-001360,ee6128fdd8942f0791e3665a07804433b16f907292b8a99097318b117719ed77,张家界市武陵源区协合乡龙尾巴村,,湖南省,,,非A,乡村旅游重点村,unknown,pending,第二批全国乡村旅游重点村,https://www.mct.gov.cn/tourism/#/list,API目录ID-37/2026-09-04,,,尚未映射到可回跳的知识库景点卡,,,1,CN-POOL-20260904-r0,MCT内容ID=13852；来源文件=content_37.json
CN-P-001361,e827112ace8ed48480700dbad409f4aa80655d699816543bc34fe416705d1f67,张家界市武陵源区天子山街道泗南峪社区,,湖南省,,,非A,乡村旅游重点村,unknown,pending,第二批全国乡村旅游重点村,https://www.mct.gov.cn/tourism/#/list,API目录ID-37/2026-09-04,,,尚未映射到可回跳的知识库景点卡,,,1,CN-POOL-20260904-r0,MCT内容ID=13853；来源文件=content_37.json
CN-P-001362,e6303358e15b7faca1ae7f4fe0cca1159317ce61bc476ad42034a34c58b03b8c,珠海市斗门区斗门镇南门村,,广东省,,,非A,乡村旅游重点村,unknown,pending,第二批全国乡村旅游重点村,https://www.mct.gov.cn/tourism/#/list,API目录ID-37/2026-09-04,,,尚未映射到可回跳的知识库景点卡,,,1,CN-POOL-20260904-r0,MCT内容ID=13854；来源文件=content_37.json
CN-P-001363,4d3c61b1980e61b66a8dd3ce07359055f1de00d0dfb2798f7897f84f382d6dac,梅州市梅县区雁洋镇长教村,,广东省,,,非A,乡村旅游重点村,unknown,pending,第二批全国乡村旅游重点村,https://www.mct.gov.cn/tourism/#/list,API目录ID-37/2026-09-04,,,尚未映射到可回跳的知识库景点卡,,,1,CN-POOL-20260904-r0,MCT内容ID=13855；来源文件=content_37.json
CN-P-001364,f9b512737d41f9c994257a44541a55e65b6572ac30db3a382bc8a1cd12f1e6f9,梅州市平远县泗水镇梅畲村,,广东省,,,非A,乡村旅游重点村,unknown,pending,第二批全国乡村旅游重点村,https://www.mct.gov.cn/tourism/#/list,API目录ID-37/2026-09-04,,,尚未映射到可回跳的知识库景点卡,,,1,CN-POOL-20260904-r0,MCT内容ID=13856；来源文件=content_37.json
CN-P-001365,3ef3a7687c85ccefd495adc84de8022fb12ad85e4499dfac6795412096096953,东莞市寮步镇陈家埔村,,广东省,,,非A,乡村旅游重点村,unknown,pending,第二批全国乡村旅游重点村,https://www.mct.gov.cn/tourism/#/list,API目录ID-37/2026-09-04,,,尚未映射到可回跳的知识库景点卡,,,1,CN-POOL-20260904-r0,MCT内容ID=13857；来源文件=content_37.json
CN-P-001366,5be589142cfe9b90f8c93ab11b7b780a85c1e6a3bdf73c5d0a7720731f6e5911,清远市英德市九龙镇河头村,,广东省,,,非A,乡村旅游重点村,unknown,pending,第二批全国乡村旅游重点村,https://www.mct.gov.cn/tourism/#/list,API目录ID-37/2026-09-04,,,尚未映射到可回跳的知识库景点卡,,,1,CN-POOL-20260904-r0,MCT内容ID=13858；来源文件=content_37.json
CN-P-001367,535b14b8389609ed290a3955b93ea2821120c97cc8f476e2ff46ba2a21f888e2,惠州市博罗县横河镇上良村,,广东省,,,非A,乡村旅游重点村,unknown,pending,第二批全国乡村旅游重点村,https://www.mct.gov.cn/tourism/#/list,API目录ID-37/2026-09-04,,,尚未映射到可回跳的知识库景点卡,,,1,CN-POOL-20260904-r0,MCT内容ID=13859；来源文件=content_37.json
CN-P-001368,8f75657ba142cf747a7d188db10b3dbb1ca163698caebe77ddc51bbbe071d102,揭阳市揭西县金和镇山湖村,,广东省,,,非A,乡村旅游重点村,unknown,pending,第二批全国乡村旅游重点村,https://www.mct.gov.cn/tourism/#/list,API目录ID-37/2026-09-04,,,尚未映射到可回跳的知识库景点卡,,,1,CN-POOL-20260904-r0,MCT内容ID=13860；来源文件=content_37.json
CN-P-001369,d5b109bcb6888d8610cf50fa572451d5c3c8d171dd1165700e7f21f718c7fbcf,湛江市雷州市龙门镇足荣村,,广东省,,,非A,乡村旅游重点村,unknown,pending,第二批全国乡村旅游重点村,https://www.mct.gov.cn/tourism/#/list,API目录ID-37/2026-09-04,,,尚未映射到可回跳的知识库景点卡,,,1,CN-POOL-20260904-r0,MCT内容ID=13861；来源文件=content_37.json
CN-P-001370,0894ab02c87462cc8cc1369b8f348dbd5bcbfba37af719dafeb5cfd08b1ca777,广州市从化区温泉镇南平村,,广东省,,,非A,乡村旅游重点村,unknown,pending,第二批全国乡村旅游重点村,https://www.mct.gov.cn/tourism/#/list,API目录ID-37/2026-09-04,,,尚未映射到可回跳的知识库景点卡,,,1,CN-POOL-20260904-r0,MCT内容ID=13862；来源文件=content_37.json
CN-P-001371,1e33d1da2b72e743044f75a64c424b4326f11bfa683f988656ada79a4d0d9dbd,肇庆市德庆县官圩镇金林村,,广东省,,,非A,乡村旅游重点村,unknown,pending,第二批全国乡村旅游重点村,https://www.mct.gov.cn/tourism/#/list,API目录ID-37/2026-09-04,,,尚未映射到可回跳的知识库景点卡,,,1,CN-POOL-20260904-r0,MCT内容ID=13863；来源文件=content_37.json
CN-P-001372,da2ca6a9c2531c85d65f02206f58b44b21a6980e275654d87edf2ecc0d023589,江门市台山市海宴镇五丰村,,广东省,,,非A,乡村旅游重点村,unknown,pending,第二批全国乡村旅游重点村,https://www.mct.gov.cn/tourism/#/list,API目录ID-37/2026-09-04,,,尚未映射到可回跳的知识库景点卡,,,1,CN-POOL-20260904-r0,MCT内容ID=13864；来源文件=content_37.json
CN-P-001373,6a285bfed6df89953365fa92275b9d33c3e9f44c04e6b8b6af38e2bfb26e1e4e,广州市从化区吕田镇莲麻村,,广东省,,,非A,乡村旅游重点村,unknown,pending,第二批全国乡村旅游重点村,https://www.mct.gov.cn/tourism/#/list,API目录ID-37/2026-09-04,,,尚未映射到可回跳的知识库景点卡,,,1,CN-POOL-20260904-r0,MCT内容ID=13865；来源文件=content_37.json
CN-P-001374,308f10d5474fc3edd9edcc44f98f22c391e62802a1407fa1065268de4ba373be,阳江市阳东区东平镇大澳渔村,,广东省,,,非A,乡村旅游重点村,unknown,pending,第二批全国乡村旅游重点村,https://www.mct.gov.cn/tourism/#/list,API目录ID-37/2026-09-04,,,尚未映射到可回跳的知识库景点卡,,,1,CN-POOL-20260904-r0,MCT内容ID=13866；来源文件=content_37.json
CN-P-001375,9c5c376fe23c6cd960e08d9d9418feffac7fc10f562da38a43f7e5423d0b8d57,汕头市澄海区隆都镇前美村,,广东省,,,非A,乡村旅游重点村,unknown,pending,第二批全国乡村旅游重点村,https://www.mct.gov.cn/tourism/#/list,API目录ID-37/2026-09-04,,,尚未映射到可回跳的知识库景点卡,,,1,CN-POOL-20260904-r0,MCT内容ID=13867；来源文件=content_37.json
CN-P-001376,bc33254d4f7ab93a8cf0a99067a8b0cbdca0bd1c864270e04f2ae1d8a2eef6df,韶关市南雄市珠玑镇灵潭村,,广东省,,,非A,乡村旅游重点村,unknown,pending,第二批全国乡村旅游重点村,https://www.mct.gov.cn/tourism/#/list,API目录ID-37/2026-09-04,,,尚未映射到可回跳的知识库景点卡,,,1,CN-POOL-20260904-r0,MCT内容ID=13868；来源文件=content_37.json
CN-P-001377,b0003fbcd518aa1e4d2fe556a43b7f36188b6f3aab50ab8c05786e43b858e38c,佛山市南海区西樵镇上金瓯村松塘村,,广东省,,,非A,乡村旅游重点村,unknown,pending,第二批全国乡村旅游重点村,https://www.mct.gov.cn/tourism/#/list,API目录ID-37/2026-09-04,,,尚未映射到可回跳的知识库景点卡,,,1,CN-POOL-20260904-r0,MCT内容ID=13869；来源文件=content_37.json
CN-P-001378,1fea121ecc7d509c180267bfd6f67713113ead2c5372c865205f6f41994c27a8,肇庆市四会市江谷镇老泗塘村,,广东省,,,非A,乡村旅游重点村,unknown,pending,第二批全国乡村旅游重点村,https://www.mct.gov.cn/tourism/#/list,API目录ID-37/2026-09-04,,,尚未映射到可回跳的知识库景点卡,,,1,CN-POOL-20260904-r0,MCT内容ID=13870；来源文件=content_37.json
CN-P-001379,e3feae71087c40cba774c1372420486da1dcb395cdb2f5d94bc14b32b9bed7a4,广州市番禺区石楼镇大岭村,,广东省,,,非A,乡村旅游重点村,unknown,pending,第二批全国乡村旅游重点村,https://www.mct.gov.cn/tourism/#/list,API目录ID-37/2026-09-04,,,尚未映射到可回跳的知识库景点卡,,,1,CN-POOL-20260904-r0,MCT内容ID=13871；来源文件=content_37.json
CN-P-001380,bfe599bea566de225d93a0dd1c47f8d633d6db4045ccdf6fc183edf2de64cf6a,江门市开平市塘口镇强亚村,,广东省,,,非A,乡村旅游重点村,unknown,pending,第二批全国乡村旅游重点村,https://www.mct.gov.cn/tourism/#/list,API目录ID-37/2026-09-04,,,尚未映射到可回跳的知识库景点卡,,,1,CN-POOL-20260904-r0,MCT内容ID=13872；来源文件=content_37.json
CN-P-001381,7db6a98304da8e0eb9623eb413a2f43a27b28e5042533d200ba6437e52c88700,茂名市高州市根子镇柏桥村,,广东省,,,非A,乡村旅游重点村,unknown,pending,第二批全国乡村旅游重点村,https://www.mct.gov.cn/tourism/#/list,API目录ID-37/2026-09-04,,,尚未映射到可回跳的知识库景点卡,,,1,CN-POOL-20260904-r0,MCT内容ID=13873；来源文件=content_37.json
CN-P-001382,7520f06a4723e6264f63a0ecece46c7a8e54343b375c5d3504906d0fe16eef45,河源市东源县康禾镇仙坑村,,广东省,,,非A,乡村旅游重点村,unknown,pending,第二批全国乡村旅游重点村,https://www.mct.gov.cn/tourism/#/list,API目录ID-37/2026-09-04,,,尚未映射到可回跳的知识库景点卡,,,1,CN-POOL-20260904-r0,MCT内容ID=13874；来源文件=content_37.json
CN-P-001383,67f6ec0bd4cb1bf2ed1ec79f4b8271c1c2a68e950d0b9b2dc617f85f87926ea9,江门市台山市水步镇草坪村,,广东省,,,非A,乡村旅游重点村,unknown,pending,第二批全国乡村旅游重点村,https://www.mct.gov.cn/tourism/#/list,API目录ID-37/2026-09-04,,,尚未映射到可回跳的知识库景点卡,,,1,CN-POOL-20260904-r0,MCT内容ID=13875；来源文件=content_37.json
CN-P-001384,e27226e16db9f4cb002a8c74311496f63ef149a5654872cff93f8a5966504cb9,柳州市融水苗族自治县融水镇新国村,,广西壮族自治区,,,非A,乡村旅游重点村,unknown,pending,第二批全国乡村旅游重点村,https://www.mct.gov.cn/tourism/#/list,API目录ID-37/2026-09-04,,,尚未映射到可回跳的知识库景点卡,,,1,CN-POOL-20260904-r0,MCT内容ID=13876；来源文件=content_37.json
CN-P-001385,69912b4e0ef936a154ea48a7faf5c00da6f1086ea045f107904b9d0d7d7798c2,南宁市西乡塘区石埠街道忠良村,,广西壮族自治区,,,非A,乡村旅游重点村,unknown,pending,第二批全国乡村旅游重点村,https://www.mct.gov.cn/tourism/#/list,API目录ID-37/2026-09-04,,,尚未映射到可回跳的知识库景点卡,,,1,CN-POOL-20260904-r0,MCT内容ID=13877；来源文件=content_37.json
CN-P-001386,40ebd86fb3353f421c871fb8b73b498c557e674975a8f083c5a8b56159d272dc,崇左市宁明县城中镇耀达村,,广西壮族自治区,,,非A,乡村旅游重点村,unknown,pending,第二批全国乡村旅游重点村,https://www.mct.gov.cn/tourism/#/list,API目录ID-37/2026-09-04,,,尚未映射到可回跳的知识库景点卡,,,1,CN-POOL-20260904-r0,MCT内容ID=13878；来源文件=content_37.json
CN-P-001387,503d215a4f2d6c9451b6ee129d3b1c501026cb68659d7ce9970b937866ca6987,百色市田东县祥周镇模范村,,广西壮族自治区,,,非A,乡村旅游重点村,unknown,pending,第二批全国乡村旅游重点村,https://www.mct.gov.cn/tourism/#/list,API目录ID-37/2026-09-04,,,尚未映射到可回跳的知识库景点卡,,,1,CN-POOL-20260904-r0,MCT内容ID=13879；来源文件=content_37.json
CN-P-001388,de4875ebfb72c5631b142ae23e7f1344cd2ed5b64f0791405bf777c0d747a874,桂林市恭城瑶族自治县莲花镇红岩村,,广西壮族自治区,,,非A,乡村旅游重点村,unknown,pending,第二批全国乡村旅游重点村,https://www.mct.gov.cn/tourism/#/list,API目录ID-37/2026-09-04,,,尚未映射到可回跳的知识库景点卡,,,1,CN-POOL-20260904-r0,MCT内容ID=13880；来源文件=content_37.json
CN-P-001389,28ec945f384d32feb3732a6eaddc58c0672cf19b0d1ae8f3e09b99bf6c12ccff,崇左市江州区新和镇卜花村,,广西壮族自治区,,,非A,乡村旅游重点村,unknown,pending,第二批全国乡村旅游重点村,https://www.mct.gov.cn/tourism/#/list,API目录ID-37/2026-09-04,,,尚未映射到可回跳的知识库景点卡,,,1,CN-POOL-20260904-r0,MCT内容ID=13881；来源文件=content_37.json
CN-P-001390,6bed5d19caa7a9963bf1e4816119bba97f6f7d5e8e1ad0a788e1b279b31047cd,桂林市灌阳县新街镇江口村,,广西壮族自治区,,,非A,乡村旅游重点村,unknown,pending,第二批全国乡村旅游重点村,https://www.mct.gov.cn/tourism/#/list,API目录ID-37/2026-09-04,,,尚未映射到可回跳的知识库景点卡,,,1,CN-POOL-20260904-r0,MCT内容ID=13882；来源文件=content_37.json
CN-P-001391,2a4f9527c9741fb79cad894a19e9b0340d104c92b188f581a0856cdc925ef1b4,柳州市三江侗族自治县丹洲镇丹洲村,,广西壮族自治区,,,非A,乡村旅游重点村,unknown,pending,第二批全国乡村旅游重点村,https://www.mct.gov.cn/tourism/#/list,API目录ID-37/2026-09-04,,,尚未映射到可回跳的知识库景点卡,,,1,CN-POOL-20260904-r0,MCT内容ID=13883；来源文件=content_37.json
CN-P-001392,c6e7b28805db4d6070f13dca016f17bb9df61e2a2044311947a91addd6a0727b,南宁市马山县古零镇羊山村三甲屯,,广西壮族自治区,,,非A,乡村旅游重点村,unknown,pending,第二批全国乡村旅游重点村,https://www.mct.gov.cn/tourism/#/list,API目录ID-37/2026-09-04,,,尚未映射到可回跳的知识库景点卡,,,1,CN-POOL-20260904-r0,MCT内容ID=13884；来源文件=content_37.json
CN-P-001393,4d8703bc95b273d18f08ab6011c666df1ea6ea15816c7afd2d0092f334324c67,来宾市金秀瑶族自治县长垌乡平道村,,广西壮族自治区,,,非A,乡村旅游重点村,unknown,pending,第二批全国乡村旅游重点村,https://www.mct.gov.cn/tourism/#/list,API目录ID-37/2026-09-04,,,尚未映射到可回跳的知识库景点卡,,,1,CN-POOL-20260904-r0,MCT内容ID=13885；来源文件=content_37.json
CN-P-001394,33ec9c8b25335214b2481ce6fb173e635de6f9427f92862696509ea8088c788b,梧州市藤县象棋镇道家村,,广西壮族自治区,,,非A,乡村旅游重点村,unknown,pending,第二批全国乡村旅游重点村,https://www.mct.gov.cn/tourism/#/list,API目录ID-37/2026-09-04,,,尚未映射到可回跳的知识库景点卡,,,1,CN-POOL-20260904-r0,MCT内容ID=13886；来源文件=content_37.json
CN-P-001395,4e5e89561abdd1936aaaca9a1847aaf3ba733794a45d4424aa32a9a9734e9974,桂林市阳朔县阳朔镇骥马村,,广西壮族自治区,,,非A,乡村旅游重点村,unknown,pending,第二批全国乡村旅游重点村,https://www.mct.gov.cn/tourism/#/list,API目录ID-37/2026-09-04,,,尚未映射到可回跳的知识库景点卡,,,1,CN-POOL-20260904-r0,MCT内容ID=13887；来源文件=content_37.json
CN-P-001396,d47bd947189ba78b02c1f7dc2a2777b2762af3e4f0c880919d1ad157ef6c16b9,柳州市鹿寨县中渡镇大兆村,,广西壮族自治区,,,非A,乡村旅游重点村,unknown,pending,第二批全国乡村旅游重点村,https://www.mct.gov.cn/tourism/#/list,API目录ID-37/2026-09-04,,,尚未映射到可回跳的知识库景点卡,,,1,CN-POOL-20260904-r0,MCT内容ID=13888；来源文件=content_37.json
CN-P-001397,95b5a430fd08c8bd855653cda619c70b21e7c25245a5fd39b70b5b73bc925b68,梧州市蒙山县新圩镇古定村,,广西壮族自治区,,,非A,乡村旅游重点村,unknown,pending,第二批全国乡村旅游重点村,https://www.mct.gov.cn/tourism/#/list,API目录ID-37/2026-09-04,,,尚未映射到可回跳的知识库景点卡,,,1,CN-POOL-20260904-r0,MCT内容ID=13889；来源文件=content_37.json
CN-P-001398,07793263092da48304487b1c5cb9a4d3f564ffa1b8bb3b1a5e451c4f0b271b92,桂林市阳朔县阳朔镇鸡窝渡村,,广西壮族自治区,,,非A,乡村旅游重点村,unknown,pending,第二批全国乡村旅游重点村,https://www.mct.gov.cn/tourism/#/list,API目录ID-37/2026-09-04,,,尚未映射到可回跳的知识库景点卡,,,1,CN-POOL-20260904-r0,MCT内容ID=13890；来源文件=content_37.json
CN-P-001399,cb6b0084927b11431dcf8d15373871e39349d0d280bca1f92a7593cc46cb8690,来宾市金秀瑶族自治县长垌乡滴水村,,广西壮族自治区,,,非A,乡村旅游重点村,unknown,pending,第二批全国乡村旅游重点村,https://www.mct.gov.cn/tourism/#/list,API目录ID-37/2026-09-04,,,尚未映射到可回跳的知识库景点卡,,,1,CN-POOL-20260904-r0,MCT内容ID=13891；来源文件=content_37.json
CN-P-001400,11da8488c0dc8001081ecb55fcdd737e1aad97f94ec2e96c0bc79bb7af658f2a,百色市靖西市新靖镇旧州村,,广西壮族自治区,,,非A,乡村旅游重点村,unknown,pending,第二批全国乡村旅游重点村,https://www.mct.gov.cn/tourism/#/list,API目录ID-37/2026-09-04,,,尚未映射到可回跳的知识库景点卡,,,1,CN-POOL-20260904-r0,MCT内容ID=13892；来源文件=content_37.json
CN-P-001401,3ada3fbb2c290362953ce92d938e9fb31d4dfe343937c7ac4aaa1810ede31403,北海市海城区地角街道新营社区流下村,,广西壮族自治区,,,非A,乡村旅游重点村,unknown,pending,第二批全国乡村旅游重点村,https://www.mct.gov.cn/tourism/#/list,API目录ID-37/2026-09-04,,,尚未映射到可回跳的知识库景点卡,,,1,CN-POOL-20260904-r0,MCT内容ID=13893；来源文件=content_37.json
CN-P-001402,78b198076b0d2ece108ee46ce19e9c88c345cf35d192416837320e0a8b4506d8,百色市德保县城关镇那温村,,广西壮族自治区,,,非A,乡村旅游重点村,unknown,pending,第二批全国乡村旅游重点村,https://www.mct.gov.cn/tourism/#/list,API目录ID-37/2026-09-04,,,尚未映射到可回跳的知识库景点卡,,,1,CN-POOL-20260904-r0,MCT内容ID=13894；来源文件=content_37.json
CN-P-001403,1a38bf96adcdd2e99da4d5232da82967e38de8de4d5408f389df22e2cc6311f0,玉林市陆川县沙坡镇高庆村,,广西壮族自治区,,,非A,乡村旅游重点村,unknown,pending,第二批全国乡村旅游重点村,https://www.mct.gov.cn/tourism/#/list,API目录ID-37/2026-09-04,,,尚未映射到可回跳的知识库景点卡,,,1,CN-POOL-20260904-r0,MCT内容ID=13895；来源文件=content_37.json
CN-P-001404,93e372500bc24f74d06c9233948b1a9156db3a2bbc222a36a3aef18b57bb1000,防城港市东兴市江平镇交东村,,广西壮族自治区,,,非A,乡村旅游重点村,unknown,pending,第二批全国乡村旅游重点村,https://www.mct.gov.cn/tourism/#/list,API目录ID-37/2026-09-04,,,尚未映射到可回跳的知识库景点卡,,,1,CN-POOL-20260904-r0,MCT内容ID=13896；来源文件=content_37.json
CN-P-001405,4d95ac8aeea20e44cb4a4aa71a9b79914ed5e7cd0b4c0a44da5c8d0100c1db62,贺州市平桂区沙田镇龙井村,,广西壮族自治区,,,非A,乡村旅游重点村,unknown,pending,第二批全国乡村旅游重点村,https://www.mct.gov.cn/tourism/#/list,API目录ID-37/2026-09-04,,,尚未映射到可回跳的知识库景点卡,,,1,CN-POOL-20260904-r0,MCT内容ID=13897；来源文件=content_37.json
CN-P-001406,7b4c194e9fd4ececa4fd744730cd411d646604e9228e7651b0d9b42ea2682fe5,三亚市吉阳区博后村,,海南省,,,非A,乡村旅游重点村,unknown,pending,第二批全国乡村旅游重点村,https://www.mct.gov.cn/tourism/#/list,API目录ID-37/2026-09-04,,,尚未映射到可回跳的知识库景点卡,,,1,CN-POOL-20260904-r0,MCT内容ID=13898；来源文件=content_37.json
CN-P-001407,2cd72be72dd367091a9e4b2039b609f583974e00a313d489e66be6e975db09bb,三亚市吉阳区大茅村,,海南省,,,非A,乡村旅游重点村,unknown,pending,第二批全国乡村旅游重点村,https://www.mct.gov.cn/tourism/#/list,API目录ID-37/2026-09-04,,,尚未映射到可回跳的知识库景点卡,,,1,CN-POOL-20260904-r0,MCT内容ID=13899；来源文件=content_37.json
CN-P-001408,970fe655c1b18de90791f94382ae726d6b9d5f48e1b494d3d57da737db63e344,琼海市嘉积镇官塘村北仍村,,海南省,,,非A,乡村旅游重点村,unknown,pending,第二批全国乡村旅游重点村,https://www.mct.gov.cn/tourism/#/list,API目录ID-37/2026-09-04,,,尚未映射到可回跳的知识库景点卡,,,1,CN-POOL-20260904-r0,MCT内容ID=13900；来源文件=content_37.json
CN-P-001409,59f223c9e3008afe7fe10b0c2c2638b4530d581c7f1a27c6ea847b94822bd5b9,三亚市海棠区湾坡村,,海南省,,,非A,乡村旅游重点村,unknown,pending,第二批全国乡村旅游重点村,https://www.mct.gov.cn/tourism/#/list,API目录ID-37/2026-09-04,,,尚未映射到可回跳的知识库景点卡,,,1,CN-POOL-20260904-r0,MCT内容ID=13901；来源文件=content_37.json
CN-P-001410,60d0774e4388c63885dddd1b2944c5d89dd851c5f4673183ba5c103401852b69,琼海市博鳌镇沙美村,,海南省,,,非A,乡村旅游重点村,unknown,pending,第二批全国乡村旅游重点村,https://www.mct.gov.cn/tourism/#/list,API目录ID-37/2026-09-04,,,尚未映射到可回跳的知识库景点卡,,,1,CN-POOL-20260904-r0,MCT内容ID=13902；来源文件=content_37.json
CN-P-001411,e8072cf4774dc2af795eaefb7f81fc26a0024a4e29f5d3e9cb2f9d8932383a7e,儋州市那大镇石屋村,,海南省,,,非A,乡村旅游重点村,unknown,pending,第二批全国乡村旅游重点村,https://www.mct.gov.cn/tourism/#/list,API目录ID-37/2026-09-04,,,尚未映射到可回跳的知识库景点卡,,,1,CN-POOL-20260904-r0,MCT内容ID=13903；来源文件=content_37.json
CN-P-001412,fc8a2be18d341a5e1a078a4896e5e5024e11a247d49b0c0e9a26a56c0967374e,琼海市博鳌镇朝烈村南强村,,海南省,,,非A,乡村旅游重点村,unknown,pending,第二批全国乡村旅游重点村,https://www.mct.gov.cn/tourism/#/list,API目录ID-37/2026-09-04,,,尚未映射到可回跳的知识库景点卡,,,1,CN-POOL-20260904-r0,MCT内容ID=13904；来源文件=content_37.json
CN-P-001413,247137e5e2c94e631579a642588a7e68201f031ec7671202ad5bab7eb16e4a3e,海口市秀英区石山镇施茶村,,海南省,,,非A,乡村旅游重点村,unknown,pending,第二批全国乡村旅游重点村,https://www.mct.gov.cn/tourism/#/list,API目录ID-37/2026-09-04,,,尚未映射到可回跳的知识库景点卡,,,1,CN-POOL-20260904-r0,MCT内容ID=13905；来源文件=content_37.json
CN-P-001414,72099ddb0f2e830a011ae003545c99dfb32d92b42ca0645fc42c006d20d747eb,文昌市龙楼镇好圣村,,海南省,,,非A,乡村旅游重点村,unknown,pending,第二批全国乡村旅游重点村,https://www.mct.gov.cn/tourism/#/list,API目录ID-37/2026-09-04,,,尚未映射到可回跳的知识库景点卡,,,1,CN-POOL-20260904-r0,MCT内容ID=13906；来源文件=content_37.json
CN-P-001415,04c8007ef24a857e60391bba84daed8fd807cd4c3bd7238eb8a3fd8bd3bd55d5,儋州市那大镇屋基村,,海南省,,,非A,乡村旅游重点村,unknown,pending,第二批全国乡村旅游重点村,https://www.mct.gov.cn/tourism/#/list,API目录ID-37/2026-09-04,,,尚未映射到可回跳的知识库景点卡,,,1,CN-POOL-20260904-r0,MCT内容ID=13907；来源文件=content_37.json
CN-P-001416,1c41fc6d74f2bb44df74d4f0df701843003e37c6735fd18eeeadc47ab4de3644,澄迈县大丰镇大丰村,,海南省,,,非A,乡村旅游重点村,unknown,pending,第二批全国乡村旅游重点村,https://www.mct.gov.cn/tourism/#/list,API目录ID-37/2026-09-04,,,尚未映射到可回跳的知识库景点卡,,,1,CN-POOL-20260904-r0,MCT内容ID=13908；来源文件=content_37.json
CN-P-001417,6f3155ffbf5d7b52230cdb5f2fe0d7973eb16d743803d0eafcaef1b30f52233d,陵水黎族自治县本号镇小妹村,,海南省,,,非A,乡村旅游重点村,unknown,pending,第二批全国乡村旅游重点村,https://www.mct.gov.cn/tourism/#/list,API目录ID-37/2026-09-04,,,尚未映射到可回跳的知识库景点卡,,,1,CN-POOL-20260904-r0,MCT内容ID=13909；来源文件=content_37.json
CN-P-001418,bbdddeea21ca5212ba6f29f4a6adf3d9556ce281349c3ba7df33d7c27a36d123,文昌市东路镇葫芦村,,海南省,,,非A,乡村旅游重点村,unknown,pending,第二批全国乡村旅游重点村,https://www.mct.gov.cn/tourism/#/list,API目录ID-37/2026-09-04,,,尚未映射到可回跳的知识库景点卡,,,1,CN-POOL-20260904-r0,MCT内容ID=13910；来源文件=content_37.json
CN-P-001419,c711c5ddcc774b93af4a02071f52dea66dfa148706e8d0b05ebc6a11ff7d02dc,三亚市天涯区文门村,,海南省,,,非A,乡村旅游重点村,unknown,pending,第二批全国乡村旅游重点村,https://www.mct.gov.cn/tourism/#/list,API目录ID-37/2026-09-04,,,尚未映射到可回跳的知识库景点卡,,,1,CN-POOL-20260904-r0,MCT内容ID=13911；来源文件=content_37.json
CN-P-001420,c0b19e9a37d1ea6aadcf5bed56be671c28bab72af594ea3ff19bad3be3558822,海口市龙华区新坡镇仁里村,,海南省,,,非A,乡村旅游重点村,unknown,pending,第二批全国乡村旅游重点村,https://www.mct.gov.cn/tourism/#/list,API目录ID-37/2026-09-04,,,尚未映射到可回跳的知识库景点卡,,,1,CN-POOL-20260904-r0,MCT内容ID=13912；来源文件=content_37.json
CN-P-001421,8282a0bc025ab0346892a26a46d339f2a866ff966809e710a0f5f48f5ab2afdc,海口市琼山区红旗镇苏寻三村泮边村,,海南省,,,非A,乡村旅游重点村,unknown,pending,第二批全国乡村旅游重点村,https://www.mct.gov.cn/tourism/#/list,API目录ID-37/2026-09-04,,,尚未映射到可回跳的知识库景点卡,,,1,CN-POOL-20260904-r0,MCT内容ID=13913；来源文件=content_37.json
CN-P-001422,d8385a8fa4aa9aacf3bb138567520f120d2fc1609bacae43f8da805f3ec8d8a6,武隆区后坪苗族土家族乡文凤村,,重庆市,,,非A,乡村旅游重点村,unknown,pending,第二批全国乡村旅游重点村,https://www.mct.gov.cn/tourism/#/list,API目录ID-37/2026-09-04,,,尚未映射到可回跳的知识库景点卡,,,1,CN-POOL-20260904-r0,MCT内容ID=13914；来源文件=content_37.json
CN-P-001423,3f0d48ba8d5d28605a61758684006700e480cc1d854f8b3fb9746728c87dcc3c,武隆区芙蓉街道堰塘村,,重庆市,,,非A,乡村旅游重点村,unknown,pending,第二批全国乡村旅游重点村,https://www.mct.gov.cn/tourism/#/list,API目录ID-37/2026-09-04,,,尚未映射到可回跳的知识库景点卡,,,1,CN-POOL-20260904-r0,MCT内容ID=13915；来源文件=content_37.json
CN-P-001424,a252aeffa5077cfccfcd72e236ccc4c9643ff5a12d272e5ed92b5ccd870fe391,石柱土家族自治县中益乡华溪村,,重庆市,,,非A,乡村旅游重点村,unknown,pending,第二批全国乡村旅游重点村,https://www.mct.gov.cn/tourism/#/list,API目录ID-37/2026-09-04,,,尚未映射到可回跳的知识库景点卡,,,1,CN-POOL-20260904-r0,MCT内容ID=13916；来源文件=content_37.json
CN-P-001425,5285e27cb7496a5d1962c6f51cae0033e69b8620da6a9dd48dc020f9914f8b57,铜梁区土桥镇六赢村,,重庆市,,,非A,乡村旅游重点村,unknown,pending,第二批全国乡村旅游重点村,https://www.mct.gov.cn/tourism/#/list,API目录ID-37/2026-09-04,,,尚未映射到可回跳的知识库景点卡,,,1,CN-POOL-20260904-r0,MCT内容ID=13917；来源文件=content_37.json
CN-P-001426,f87a174e4dfc71764d047545a85ca135255904383438636dfbd844a2b5f63a58,巴南区二圣镇集体村,,重庆市,,,非A,乡村旅游重点村,unknown,pending,第二批全国乡村旅游重点村,https://www.mct.gov.cn/tourism/#/list,API目录ID-37/2026-09-04,,,尚未映射到可回跳的知识库景点卡,,,1,CN-POOL-20260904-r0,MCT内容ID=13918；来源文件=content_37.json
CN-P-001427,b97515d2c39ba07e0d3481535c1f005b90dd0deaffb2efd70ab10f8dd73c29cb,巫溪县红池坝镇茶山村,,重庆市,,,非A,乡村旅游重点村,unknown,pending,第二批全国乡村旅游重点村,https://www.mct.gov.cn/tourism/#/list,API目录ID-37/2026-09-04,,,尚未映射到可回跳的知识库景点卡,,,1,CN-POOL-20260904-r0,MCT内容ID=13919；来源文件=content_37.json
CN-P-001428,5af1298c92208821b3cda3ebb4af2d8975cda16168fc12c0985ede91e10bcbb2,梁平区竹山镇猎神村,,重庆市,,,非A,乡村旅游重点村,unknown,pending,第二批全国乡村旅游重点村,https://www.mct.gov.cn/tourism/#/list,API目录ID-37/2026-09-04,,,尚未映射到可回跳的知识库景点卡,,,1,CN-POOL-20260904-r0,MCT内容ID=13920；来源文件=content_37.json
CN-P-001429,7837b2da0573691123bf6d2c497ceb62b9ae7c835a8e8e40465f567481e51d63,丰都县双路镇莲花洞村,,重庆市,,,非A,乡村旅游重点村,unknown,pending,第二批全国乡村旅游重点村,https://www.mct.gov.cn/tourism/#/list,API目录ID-37/2026-09-04,,,尚未映射到可回跳的知识库景点卡,,,1,CN-POOL-20260904-r0,MCT内容ID=13921；来源文件=content_37.json
CN-P-001430,17cb6e08e69b8b5dd9580d03797b98bab40ca32411a1db334704ec7cd3d9fcee,綦江区永城镇中华村,,重庆市,,,非A,乡村旅游重点村,unknown,pending,第二批全国乡村旅游重点村,https://www.mct.gov.cn/tourism/#/list,API目录ID-37/2026-09-04,,,尚未映射到可回跳的知识库景点卡,,,1,CN-POOL-20260904-r0,MCT内容ID=13922；来源文件=content_37.json
CN-P-001431,125edce192b9ac1bbe9d4dbccd8b5698defc4edbc8e3d3e7405371781e563228,涪陵区大木乡迎新社区,,重庆市,,,非A,乡村旅游重点村,unknown,pending,第二批全国乡村旅游重点村,https://www.mct.gov.cn/tourism/#/list,API目录ID-37/2026-09-04,,,尚未映射到可回跳的知识库景点卡,,,1,CN-POOL-20260904-r0,MCT内容ID=13923；来源文件=content_37.json
CN-P-001432,52d3d2920bbc145173382c8a74a82afe95c3cbb81f51f0661b5e97a54f4a591e,酉阳土家族苗族自治县板溪镇扎营村,,重庆市,,,非A,乡村旅游重点村,unknown,pending,第二批全国乡村旅游重点村,https://www.mct.gov.cn/tourism/#/list,API目录ID-37/2026-09-04,,,尚未映射到可回跳的知识库景点卡,,,1,CN-POOL-20260904-r0,MCT内容ID=13924；来源文件=content_37.json
CN-P-001433,c844306c4778c59ecf6bb9b1099771dfb6f86b8ef69fd9b7bb178f0ca0135d7f,黔江区小南海镇新建村,,重庆市,,,非A,乡村旅游重点村,unknown,pending,第二批全国乡村旅游重点村,https://www.mct.gov.cn/tourism/#/list,API目录ID-37/2026-09-04,,,尚未映射到可回跳的知识库景点卡,,,1,CN-POOL-20260904-r0,MCT内容ID=13925；来源文件=content_37.json
CN-P-001434,7567d7a4d88feaf9cf0a0ce5f9ad33e650cb132c8c9643bfded94a679ed5f733,南川区木凉镇汉场坝村,,重庆市,,,非A,乡村旅游重点村,unknown,pending,第二批全国乡村旅游重点村,https://www.mct.gov.cn/tourism/#/list,API目录ID-37/2026-09-04,,,尚未映射到可回跳的知识库景点卡,,,1,CN-POOL-20260904-r0,MCT内容ID=13926；来源文件=content_37.json
CN-P-001435,fe37c7da076bfcc00f3da382c295497eaf3d2fdb1a7be808a21669e3370826fb,南岸区南山街道放牛村,,重庆市,,,非A,乡村旅游重点村,unknown,pending,第二批全国乡村旅游重点村,https://www.mct.gov.cn/tourism/#/list,API目录ID-37/2026-09-04,,,尚未映射到可回跳的知识库景点卡,,,1,CN-POOL-20260904-r0,MCT内容ID=13927；来源文件=content_37.json
CN-P-001436,37bae97346f272eb0773d10b22691d1b6e4f9ff843770ae12d6d51dd36cee810,荣昌区仁义镇瑶山社区,,重庆市,,,非A,乡村旅游重点村,unknown,pending,第二批全国乡村旅游重点村,https://www.mct.gov.cn/tourism/#/list,API目录ID-37/2026-09-04,,,尚未映射到可回跳的知识库景点卡,,,1,CN-POOL-20260904-r0,MCT内容ID=13928；来源文件=content_37.json
CN-P-001437,a252bfad9fbd2023774ec84dc92c793d07df352bd88ef38b68e4d32be2d67ae7,彭水苗族土家族自治县润溪乡樱桃井村,,重庆市,,,非A,乡村旅游重点村,unknown,pending,第二批全国乡村旅游重点村,https://www.mct.gov.cn/tourism/#/list,API目录ID-37/2026-09-04,,,尚未映射到可回跳的知识库景点卡,,,1,CN-POOL-20260904-r0,MCT内容ID=13929；来源文件=content_37.json
CN-P-001438,1bc500b0f9bffdaa6db99f8c63f0a943b120f9d7c407caa635aaa128568c4139,巫山县两坪乡朝元村,,重庆市,,,非A,乡村旅游重点村,unknown,pending,第二批全国乡村旅游重点村,https://www.mct.gov.cn/tourism/#/list,API目录ID-37/2026-09-04,,,尚未映射到可回跳的知识库景点卡,,,1,CN-POOL-20260904-r0,MCT内容ID=13930；来源文件=content_37.json
CN-P-001439,8ef2513140d1ce3aa6f97a07e070e90bcf2b476e8a57006f4cc5dd688186a9b4,长寿区龙河镇保合村,,重庆市,,,非A,乡村旅游重点村,unknown,pending,第二批全国乡村旅游重点村,https://www.mct.gov.cn/tourism/#/list,API目录ID-37/2026-09-04,,,尚未映射到可回跳的知识库景点卡,,,1,CN-POOL-20260904-r0,MCT内容ID=13931；来源文件=content_37.json
CN-P-001440,f688072c3c2612f00900017cebacc97cb4a771b7408684449db2032fd11eb599,北碚区东阳街道西山坪村,,重庆市,,,非A,乡村旅游重点村,unknown,pending,第二批全国乡村旅游重点村,https://www.mct.gov.cn/tourism/#/list,API目录ID-37/2026-09-04,,,尚未映射到可回跳的知识库景点卡,,,1,CN-POOL-20260904-r0,MCT内容ID=13932；来源文件=content_37.json
CN-P-001441,4b67ae29ae7f5d7e7dd6a27f6a6f45b2f948603bb88477f26f70efbf814d5dbb,巫山县曲尺乡柑园村,,重庆市,,,非A,乡村旅游重点村,unknown,pending,第二批全国乡村旅游重点村,https://www.mct.gov.cn/tourism/#/list,API目录ID-37/2026-09-04,,,尚未映射到可回跳的知识库景点卡,,,1,CN-POOL-20260904-r0,MCT内容ID=13933；来源文件=content_37.json
CN-P-001442,2c4ae681ea7855d7a05c5fe3415acfc8b44991a16dd0baf089701c116936f285,成都市崇州市白头镇五星村,,四川省,,,非A,乡村旅游重点村,unknown,pending,第二批全国乡村旅游重点村,https://www.mct.gov.cn/tourism/#/list,API目录ID-37/2026-09-04,,,尚未映射到可回跳的知识库景点卡,,,1,CN-POOL-20260904-r0,MCT内容ID=13934；来源文件=content_37.json
CN-P-001443,5939a6538d5063092d2cddf0d66baea266313bce4b683822f238654601529ce4,阿坝藏族羌族自治州黑水县沙石多乡羊茸村,,四川省,,,非A,乡村旅游重点村,unknown,pending,第二批全国乡村旅游重点村,https://www.mct.gov.cn/tourism/#/list,API目录ID-37/2026-09-04,,,尚未映射到可回跳的知识库景点卡,,,1,CN-POOL-20260904-r0,MCT内容ID=13935；来源文件=content_37.json
CN-P-001444,f3ad9c96af2fa62e4836c1bdb996548c0a83d263489a41cd8e892ec75768c45a,泸州市纳溪区大渡口镇凤凰湖村,,四川省,,,非A,乡村旅游重点村,unknown,pending,第二批全国乡村旅游重点村,https://www.mct.gov.cn/tourism/#/list,API目录ID-37/2026-09-04,,,尚未映射到可回跳的知识库景点卡,,,1,CN-POOL-20260904-r0,MCT内容ID=13936；来源文件=content_37.json
CN-P-001445,8550d33f4ebf1253c43ef1666345f90b80652e6800d73ccfef15ade0c9b3d0f9,广元市利州区白朝乡月坝村,,四川省,,,非A,乡村旅游重点村,unknown,pending,第二批全国乡村旅游重点村,https://www.mct.gov.cn/tourism/#/list,API目录ID-37/2026-09-04,,,尚未映射到可回跳的知识库景点卡,,,1,CN-POOL-20260904-r0,MCT内容ID=13937；来源文件=content_37.json
CN-P-001446,5fccb39bedffbe110baf35d002238c5fefe6df917c233c1ded3e40d25142b2ab,成都市龙泉驿区山泉镇桃源村,,四川省,,,非A,乡村旅游重点村,unknown,pending,第二批全国乡村旅游重点村,https://www.mct.gov.cn/tourism/#/list,API目录ID-37/2026-09-04,,,尚未映射到可回跳的知识库景点卡,,,1,CN-POOL-20260904-r0,MCT内容ID=13938；来源文件=content_37.json
CN-P-001447,b0268a943f1aebd5dabe7c86d1c0af4e8eec2f7a69a8f0ee67dac4c867fa1e5e,阿坝藏族羌族自治州理县桃坪镇桃坪村,,四川省,,,非A,乡村旅游重点村,unknown,pending,第二批全国乡村旅游重点村,https://www.mct.gov.cn/tourism/#/list,API目录ID-37/2026-09-04,,,尚未映射到可回跳的知识库景点卡,,,1,CN-POOL-20260904-r0,MCT内容ID=13939；来源文件=content_37.json
CN-P-001448,6fb9d65d809d57735a4f392bc26883b90ce22e024c202817d51396f64511a957,成都市彭州市桂花镇蟠龙村,,四川省,,,非A,乡村旅游重点村,unknown,pending,第二批全国乡村旅游重点村,https://www.mct.gov.cn/tourism/#/list,API目录ID-37/2026-09-04,,,尚未映射到可回跳的知识库景点卡,,,1,CN-POOL-20260904-r0,MCT内容ID=13940；来源文件=content_37.json
CN-P-001449,e582dce56200f1b402768a8e1564d8748fda9f3fa32d4e5f3284ac863e43b255,攀枝花市米易县新山傈僳族乡新山村,,四川省,,,非A,乡村旅游重点村,unknown,pending,第二批全国乡村旅游重点村,https://www.mct.gov.cn/tourism/#/list,API目录ID-37/2026-09-04,,,尚未映射到可回跳的知识库景点卡,,,1,CN-POOL-20260904-r0,MCT内容ID=13941；来源文件=content_37.json
CN-P-001450,bf9646558cc0eb3b061233da357ed1b2e7eb839e670cc92b71ff4b92c90c8582,凉山彝族自治州德昌县德州镇角半村,,四川省,,,非A,乡村旅游重点村,unknown,pending,第二批全国乡村旅游重点村,https://www.mct.gov.cn/tourism/#/list,API目录ID-37/2026-09-04,,,尚未映射到可回跳的知识库景点卡,,,1,CN-POOL-20260904-r0,MCT内容ID=13942；来源文件=content_37.json
CN-P-001451,4325b9129f4cf57a3e46e1f7e27800c1fc475d88e363f59d0ab44c070605c112,甘孜藏族自治州丹巴县墨尔多山镇基卡依村,,四川省,,,非A,乡村旅游重点村,unknown,pending,第二批全国乡村旅游重点村,https://www.mct.gov.cn/tourism/#/list,API目录ID-37/2026-09-04,,,尚未映射到可回跳的知识库景点卡,,,1,CN-POOL-20260904-r0,MCT内容ID=13943；来源文件=content_37.json
CN-P-001452,baf5b9c7934b61419f3c4e2c8841ac2f5dd6002e8bb32708cfcf208b9aa1f220,资阳市乐至县劳动镇旧居村,,四川省,,,非A,乡村旅游重点村,unknown,pending,第二批全国乡村旅游重点村,https://www.mct.gov.cn/tourism/#/list,API目录ID-37/2026-09-04,,,尚未映射到可回跳的知识库景点卡,,,1,CN-POOL-20260904-r0,MCT内容ID=13944；来源文件=content_37.json
CN-P-001453,8dc89a92416f7cfe36134be1bbd5da52885e5796bd43c938195ee5b37d782431,广安市武胜县飞龙镇高洞村,,四川省,,,非A,乡村旅游重点村,unknown,pending,第二批全国乡村旅游重点村,https://www.mct.gov.cn/tourism/#/list,API目录ID-37/2026-09-04,,,尚未映射到可回跳的知识库景点卡,,,1,CN-POOL-20260904-r0,MCT内容ID=13945；来源文件=content_37.json
CN-P-001454,2274df4448574ea181a1e494eda5c9d33a52b85abf97bdcf25f3be91c054a950,广元市青川县青溪镇阴平村,,四川省,,,非A,乡村旅游重点村,unknown,pending,第二批全国乡村旅游重点村,https://www.mct.gov.cn/tourism/#/list,API目录ID-37/2026-09-04,,,尚未映射到可回跳的知识库景点卡,,,1,CN-POOL-20260904-r0,MCT内容ID=13946；来源文件=content_37.json
CN-P-001455,d1acbfbafe6b54136d93cfa4cdf4fd739b1c6f3735d11430ebb62dc7c3ee75d2,宜宾市筠连县腾达镇春风村,,四川省,,,非A,乡村旅游重点村,unknown,pending,第二批全国乡村旅游重点村,https://www.mct.gov.cn/tourism/#/list,API目录ID-37/2026-09-04,,,尚未映射到可回跳的知识库景点卡,,,1,CN-POOL-20260904-r0,MCT内容ID=13947；来源文件=content_37.json
CN-P-001456,b84cc5d58c5f33c91f6d6e40a4c40682792d7e27cd782a7574e88f5b81c16a9c,广安市广安区协兴镇牌坊社区,,四川省,,,非A,乡村旅游重点村,unknown,pending,第二批全国乡村旅游重点村,https://www.mct.gov.cn/tourism/#/list,API目录ID-37/2026-09-04,,,尚未映射到可回跳的知识库景点卡,,,1,CN-POOL-20260904-r0,MCT内容ID=13948；来源文件=content_37.json
CN-P-001457,31bfb78cc05fbb8c5f45cdf414fd676c82302fb6626b807b538b26590880a0ba,成都市都江堰市龙池镇飞虹社区,,四川省,,,非A,乡村旅游重点村,unknown,pending,第二批全国乡村旅游重点村,https://www.mct.gov.cn/tourism/#/list,API目录ID-37/2026-09-04,,,尚未映射到可回跳的知识库景点卡,,,1,CN-POOL-20260904-r0,MCT内容ID=13949；来源文件=content_37.json
CN-P-001458,2fc74d3688d927aa6fdee288c00565e495a31ebdb76944ac65c32ab2e28a0409,绵阳市涪城区杨家镇杨家社区,,四川省,,,非A,乡村旅游重点村,unknown,pending,第二批全国乡村旅游重点村,https://www.mct.gov.cn/tourism/#/list,API目录ID-37/2026-09-04,,,尚未映射到可回跳的知识库景点卡,,,1,CN-POOL-20260904-r0,MCT内容ID=13950；来源文件=content_37.json
CN-P-001459,59dc8c439a4f82bad4d46728e48271685a5c9eca90aa575bd844f8d908e6d8eb,南充市蓬安县相如街道油房沟社区,,四川省,,,非A,乡村旅游重点村,unknown,pending,第二批全国乡村旅游重点村,https://www.mct.gov.cn/tourism/#/list,API目录ID-37/2026-09-04,,,尚未映射到可回跳的知识库景点卡,,,1,CN-POOL-20260904-r0,MCT内容ID=13951；来源文件=content_37.json
CN-P-001460,566793fee336181c435de28f655263686c7e4bccf5307a5ad956f673ab8b88b9,遂宁市大英县卓筒井镇为干屏村,,四川省,,,非A,乡村旅游重点村,unknown,pending,第二批全国乡村旅游重点村,https://www.mct.gov.cn/tourism/#/list,API目录ID-37/2026-09-04,,,尚未映射到可回跳的知识库景点卡,,,1,CN-POOL-20260904-r0,MCT内容ID=13952；来源文件=content_37.json
CN-P-001461,3fae9606a1664ced83afa675512d18395ce335bcdd05e50a6fe1c7bdc670800f,乐山市峨眉山市胜利街道月南村,,四川省,,,非A,乡村旅游重点村,unknown,pending,第二批全国乡村旅游重点村,https://www.mct.gov.cn/tourism/#/list,API目录ID-37/2026-09-04,,,尚未映射到可回跳的知识库景点卡,,,1,CN-POOL-20260904-r0,MCT内容ID=13953；来源文件=content_37.json
CN-P-001462,32ff0dd8d2472ca3a3cb53b5f9a481e152c3e86dc9bbd139be8a925818ffb777,德阳市绵竹市九龙镇新龙村,,四川省,,,非A,乡村旅游重点村,unknown,pending,第二批全国乡村旅游重点村,https://www.mct.gov.cn/tourism/#/list,API目录ID-37/2026-09-04,,,尚未映射到可回跳的知识库景点卡,,,1,CN-POOL-20260904-r0,MCT内容ID=13954；来源文件=content_37.json
CN-P-001463,28f99d7e80eeddc7a35018de0ba9405e7e7c5b77b36cf4c85899f0fea01457ea,广元市青川县乔庄镇张家村,,四川省,,,非A,乡村旅游重点村,unknown,pending,第二批全国乡村旅游重点村,https://www.mct.gov.cn/tourism/#/list,API目录ID-37/2026-09-04,,,尚未映射到可回跳的知识库景点卡,,,1,CN-POOL-20260904-r0,MCT内容ID=13955；来源文件=content_37.json
CN-P-001464,d7c8d9eb62e9923b43ab063fd3decd39f477d57355ede492afd879a6aa8b4a4e,成都市都江堰市青城山镇泰安社区,,四川省,,,非A,乡村旅游重点村,unknown,pending,第二批全国乡村旅游重点村,https://www.mct.gov.cn/tourism/#/list,API目录ID-37/2026-09-04,,,尚未映射到可回跳的知识库景点卡,,,1,CN-POOL-20260904-r0,MCT内容ID=13956；来源文件=content_37.json
CN-P-001465,bcc05363818e13d41666e91909e9d95b78381ec4121444ffee6b685fec98a4a9,六盘水市盘州市普古彝族苗族乡舍烹村,,贵州省,,,非A,乡村旅游重点村,unknown,pending,第二批全国乡村旅游重点村,https://www.mct.gov.cn/tourism/#/list,API目录ID-37/2026-09-04,,,尚未映射到可回跳的知识库景点卡,,,1,CN-POOL-20260904-r0,MCT内容ID=13957；来源文件=content_37.json
CN-P-001466,1f91a921b791b906de22ed0b188cc37ffef3903074db8dff8cfb59c2a7e4d2e0,黔东南苗族侗族自治州黎平县肇兴镇肇兴村,,贵州省,,,非A,乡村旅游重点村,unknown,pending,第二批全国乡村旅游重点村,https://www.mct.gov.cn/tourism/#/list,API目录ID-37/2026-09-04,,,尚未映射到可回跳的知识库景点卡,,,1,CN-POOL-20260904-r0,MCT内容ID=13958；来源文件=content_37.json
CN-P-001467,3668289873c7982974e99ae8384bbfd4223e94476f1f1b07bf13b7788ff3ddef,贵阳市乌当区偏坡布依族乡偏坡村,,贵州省,,,非A,乡村旅游重点村,unknown,pending,第二批全国乡村旅游重点村,https://www.mct.gov.cn/tourism/#/list,API目录ID-37/2026-09-04,,,尚未映射到可回跳的知识库景点卡,,,1,CN-POOL-20260904-r0,MCT内容ID=13959；来源文件=content_37.json
CN-P-001468,ef6988398f79c2de81508ce426cca01cc472f77d2087e4769e10d729141b7a10,黔东南苗族侗族自治州榕江县平阳乡丹江村,,贵州省,,,非A,乡村旅游重点村,unknown,pending,第二批全国乡村旅游重点村,https://www.mct.gov.cn/tourism/#/list,API目录ID-37/2026-09-04,,,尚未映射到可回跳的知识库景点卡,,,1,CN-POOL-20260904-r0,MCT内容ID=13960；来源文件=content_37.json
CN-P-001469,7199f425dd23cc826b4eda02d93fd62486713b0a0ef635aedc0d226e24cca982,铜仁市玉屏侗族自治县田坪镇田坪村,,贵州省,,,非A,乡村旅游重点村,unknown,pending,第二批全国乡村旅游重点村,https://www.mct.gov.cn/tourism/#/list,API目录ID-37/2026-09-04,,,尚未映射到可回跳的知识库景点卡,,,1,CN-POOL-20260904-r0,MCT内容ID=13961；来源文件=content_37.json
CN-P-001470,0e422b80671323ad7d8f9bf5fdfb809cbf7b5c7e26f0733e45af86312b5acd64,六盘水市水城县营盘苗族彝族白族乡高峰村,,贵州省,,,非A,乡村旅游重点村,unknown,pending,第二批全国乡村旅游重点村,https://www.mct.gov.cn/tourism/#/list,API目录ID-37/2026-09-04,,,尚未映射到可回跳的知识库景点卡,,,1,CN-POOL-20260904-r0,MCT内容ID=13962；来源文件=content_37.json
CN-P-001471,ea178f3200d16ea3170743fa3c2b5f754b8f08d606e57eb6a79305b6594bf697,黔南布依族苗族自治州贵定县盘江镇音寨村,,贵州省,,,非A,乡村旅游重点村,unknown,pending,第二批全国乡村旅游重点村,https://www.mct.gov.cn/tourism/#/list,API目录ID-37/2026-09-04,,,尚未映射到可回跳的知识库景点卡,,,1,CN-POOL-20260904-r0,MCT内容ID=13963；来源文件=content_37.json
CN-P-001472,b28698ca3172103194f61e26d2b7e47b6f970d2d68f3a9a31085027c1b5ba474,六盘水市六枝特区落别布依族彝族乡牛角村,,贵州省,,,非A,乡村旅游重点村,unknown,pending,第二批全国乡村旅游重点村,https://www.mct.gov.cn/tourism/#/list,API目录ID-37/2026-09-04,,,尚未映射到可回跳的知识库景点卡,,,1,CN-POOL-20260904-r0,MCT内容ID=13964；来源文件=content_37.json
CN-P-001473,d83abfb33dfc54bc6104eab062767e3b16a48a49c21e814e6a468b57b930b896,遵义市赤水市复兴镇凯旋村,,贵州省,,,非A,乡村旅游重点村,unknown,pending,第二批全国乡村旅游重点村,https://www.mct.gov.cn/tourism/#/list,API目录ID-37/2026-09-04,,,尚未映射到可回跳的知识库景点卡,,,1,CN-POOL-20260904-r0,MCT内容ID=13965；来源文件=content_37.json
CN-P-001474,073f899b448a53c7f5149b9fa359a9716fafc6eb263c0619f2b8d8f72bbe201f,黔西南布依族苗族自治州贞丰县者相镇纳孔村,,贵州省,,,非A,乡村旅游重点村,unknown,pending,第二批全国乡村旅游重点村,https://www.mct.gov.cn/tourism/#/list,API目录ID-37/2026-09-04,,,尚未映射到可回跳的知识库景点卡,,,1,CN-POOL-20260904-r0,MCT内容ID=13966；来源文件=content_37.json
CN-P-001475,3998b27591b5f218335452f2e432a443069ea3b1239eb45f7e6c52ebd83cf9a0,遵义市凤冈县永安镇田坝村,,贵州省,,,非A,乡村旅游重点村,unknown,pending,第二批全国乡村旅游重点村,https://www.mct.gov.cn/tourism/#/list,API目录ID-37/2026-09-04,,,尚未映射到可回跳的知识库景点卡,,,1,CN-POOL-20260904-r0,MCT内容ID=13967；来源文件=content_37.json
CN-P-001476,cd86ec1bff68afdd82b5dd70cae9b03c43d423147f41bf61a34f4cce2cf91a9b,铜仁市石阡县坪山仡佬族侗族乡佛顶山村,,贵州省,,,非A,乡村旅游重点村,unknown,pending,第二批全国乡村旅游重点村,https://www.mct.gov.cn/tourism/#/list,API目录ID-37/2026-09-04,,,尚未映射到可回跳的知识库景点卡,,,1,CN-POOL-20260904-r0,MCT内容ID=13968；来源文件=content_37.json
CN-P-001477,8f8bd7682e85293db7dc4063037c97d7617b34e5e55f9d201db408ed9d735ca2,六盘水市盘州市两河街道岩脚村,,贵州省,,,非A,乡村旅游重点村,unknown,pending,第二批全国乡村旅游重点村,https://www.mct.gov.cn/tourism/#/list,API目录ID-37/2026-09-04,,,尚未映射到可回跳的知识库景点卡,,,1,CN-POOL-20260904-r0,MCT内容ID=13969；来源文件=content_37.json
CN-P-001478,15ff7bc27b6243661643ae808acad5a6ecf41a642b88c4042498ed78bc14924d,黔南布依族苗族自治州都匀市毛尖镇坪阳村,,贵州省,,,非A,乡村旅游重点村,unknown,pending,第二批全国乡村旅游重点村,https://www.mct.gov.cn/tourism/#/list,API目录ID-37/2026-09-04,,,尚未映射到可回跳的知识库景点卡,,,1,CN-POOL-20260904-r0,MCT内容ID=13970；来源文件=content_37.json
CN-P-001479,3a3a0caab1104c27e861b8ca88917320c1a6b339d7f486eddab1c900dba72f9e,铜仁市松桃苗族自治县正大镇薅菜村,,贵州省,,,非A,乡村旅游重点村,unknown,pending,第二批全国乡村旅游重点村,https://www.mct.gov.cn/tourism/#/list,API目录ID-37/2026-09-04,,,尚未映射到可回跳的知识库景点卡,,,1,CN-POOL-20260904-r0,MCT内容ID=13971；来源文件=content_37.json
CN-P-001480,e0fa92f8558e8aba39d2ed9f16c898c24cb4eede0259ffd4b93f81a2da349159,黔西南布依族苗族自治州兴仁市屯脚镇鲤鱼村,,贵州省,,,非A,乡村旅游重点村,unknown,pending,第二批全国乡村旅游重点村,https://www.mct.gov.cn/tourism/#/list,API目录ID-37/2026-09-04,,,尚未映射到可回跳的知识库景点卡,,,1,CN-POOL-20260904-r0,MCT内容ID=13972；来源文件=content_37.json
CN-P-001481,711a3ecdabb994f6c61fe691a15072067d1959ea23cbc36451e31d103aa3130f,遵义市湄潭县兴隆镇龙凤村,,贵州省,,,非A,乡村旅游重点村,unknown,pending,第二批全国乡村旅游重点村,https://www.mct.gov.cn/tourism/#/list,API目录ID-37/2026-09-04,,,尚未映射到可回跳的知识库景点卡,,,1,CN-POOL-20260904-r0,MCT内容ID=13973；来源文件=content_37.json
CN-P-001482,137b455ef6a5e0a4dc4b431c94425fd831d22910a5c59a6479ceaf2b865013a7,毕节市织金县官寨苗族乡屯上村,,贵州省,,,非A,乡村旅游重点村,unknown,pending,第二批全国乡村旅游重点村,https://www.mct.gov.cn/tourism/#/list,API目录ID-37/2026-09-04,,,尚未映射到可回跳的知识库景点卡,,,1,CN-POOL-20260904-r0,MCT内容ID=13974；来源文件=content_37.json
CN-P-001483,f30a373485a4bcca7462a02a33f55c136aad7425e818d1cee5d433bb9ece12f6,贵阳市花溪区青岩镇龙井村,,贵州省,,,非A,乡村旅游重点村,unknown,pending,第二批全国乡村旅游重点村,https://www.mct.gov.cn/tourism/#/list,API目录ID-37/2026-09-04,,,尚未映射到可回跳的知识库景点卡,,,1,CN-POOL-20260904-r0,MCT内容ID=13975；来源文件=content_37.json
CN-P-001484,1574a64f42361d1b7c79747d674c57d765d5cc70c9ca698af4eebf9f52c684ce,黔东南苗族侗族自治州从江县丙妹镇岜沙村,,贵州省,,,非A,乡村旅游重点村,unknown,pending,第二批全国乡村旅游重点村,https://www.mct.gov.cn/tourism/#/list,API目录ID-37/2026-09-04,,,尚未映射到可回跳的知识库景点卡,,,1,CN-POOL-20260904-r0,MCT内容ID=13976；来源文件=content_37.json
CN-P-001485,8fc377cb81d893d95e18e73cbf6db11c0c6de3a6f57213124b55b3578918dda0,安顺市镇宁布依族苗族自治县宁西街道高荡村,,贵州省,,,非A,乡村旅游重点村,unknown,pending,第二批全国乡村旅游重点村,https://www.mct.gov.cn/tourism/#/list,API目录ID-37/2026-09-04,,,尚未映射到可回跳的知识库景点卡,,,1,CN-POOL-20260904-r0,MCT内容ID=13977；来源文件=content_37.json
CN-P-001486,7461d376c6e96cd7d607c64ec95b0130e68ce1b1698717d01ff92484ea144f07,毕节市金海湖新区响水白族彝族仡佬族乡青山村,,贵州省,,,非A,乡村旅游重点村,unknown,pending,第二批全国乡村旅游重点村,https://www.mct.gov.cn/tourism/#/list,API目录ID-37/2026-09-04,,,尚未映射到可回跳的知识库景点卡,,,1,CN-POOL-20260904-r0,MCT内容ID=13978；来源文件=content_37.json
CN-P-001487,4ce5e8999f5ed8518542579f56a2fafdf1b4a3043c97de4f525ef6e7ab99914c,黔西南布依族苗族自治州兴义市万峰林街道下纳灰村,,贵州省,,,非A,乡村旅游重点村,unknown,pending,第二批全国乡村旅游重点村,https://www.mct.gov.cn/tourism/#/list,API目录ID-37/2026-09-04,,,尚未映射到可回跳的知识库景点卡,,,1,CN-POOL-20260904-r0,MCT内容ID=13979；来源文件=content_37.json
CN-P-001488,45a0eba2b3e4ad001d16424122a19ef6b5099fb9cbe0f231af1eae5b7f091fdf,贵阳市花溪区高坡苗族乡扰绕村,,贵州省,,,非A,乡村旅游重点村,unknown,pending,第二批全国乡村旅游重点村,https://www.mct.gov.cn/tourism/#/list,API目录ID-37/2026-09-04,,,尚未映射到可回跳的知识库景点卡,,,1,CN-POOL-20260904-r0,MCT内容ID=13980；来源文件=content_37.json
CN-P-001489,12f4defd18392bd5cf4fbfffee09a2d08a31d13a2ce8d72f5e7916f49159c84e,遵义市赤水市天台镇凤凰村,,贵州省,,,非A,乡村旅游重点村,unknown,pending,第二批全国乡村旅游重点村,https://www.mct.gov.cn/tourism/#/list,API目录ID-37/2026-09-04,,,尚未映射到可回跳的知识库景点卡,,,1,CN-POOL-20260904-r0,MCT内容ID=13981；来源文件=content_37.json
CN-P-001490,ae59210d2329d4e0fc4c5e1611a8947b5811160f9263efba76ed1e45bd3b2944,安顺市西秀区双堡镇大坝村,,贵州省,,,非A,乡村旅游重点村,unknown,pending,第二批全国乡村旅游重点村,https://www.mct.gov.cn/tourism/#/list,API目录ID-37/2026-09-04,,,尚未映射到可回跳的知识库景点卡,,,1,CN-POOL-20260904-r0,MCT内容ID=13982；来源文件=content_37.json
CN-P-001491,75d3610529fccd56729ca115f3f7ea8ff8474c1da64c0a7601474cbd90e1e11c,丽江市玉龙纳西族自治县拉市镇美泉村,,云南省,,,非A,乡村旅游重点村,unknown,pending,第二批全国乡村旅游重点村,https://www.mct.gov.cn/tourism/#/list,API目录ID-37/2026-09-04,,,尚未映射到可回跳的知识库景点卡,,,1,CN-POOL-20260904-r0,MCT内容ID=13983；来源文件=content_37.json
CN-P-001492,de0ff0e29f55499b2cd15fea51bbe6c3baabec6f745cbf638981aca3dbc5a108,红河哈尼族彝族自治州弥勒市西三镇可邑村,,云南省,,,非A,乡村旅游重点村,unknown,pending,第二批全国乡村旅游重点村,https://www.mct.gov.cn/tourism/#/list,API目录ID-37/2026-09-04,,,尚未映射到可回跳的知识库景点卡,,,1,CN-POOL-20260904-r0,MCT内容ID=13984；来源文件=content_37.json
CN-P-001493,713323537cdd9a5c6b037c70c0a23c421aff2a387207b811f277eb7fc6f69b03,临沧市沧源佤族自治县勐角乡翁丁村,,云南省,,,非A,乡村旅游重点村,unknown,pending,第二批全国乡村旅游重点村,https://www.mct.gov.cn/tourism/#/list,API目录ID-37/2026-09-04,,,尚未映射到可回跳的知识库景点卡,,,1,CN-POOL-20260904-r0,MCT内容ID=13985；来源文件=content_37.json
CN-P-001494,67fbb5fec8725e978620c2e01dcc6461f15bdfb0bb861c35ef1bfc19a15c7629,保山市腾冲市清水乡中寨司莫拉佤族村,,云南省,,,非A,乡村旅游重点村,unknown,pending,第二批全国乡村旅游重点村,https://www.mct.gov.cn/tourism/#/list,API目录ID-37/2026-09-04,,,尚未映射到可回跳的知识库景点卡,,,1,CN-POOL-20260904-r0,MCT内容ID=13986；来源文件=content_37.json
CN-P-001495,6ac2c26430cbb0190f6545e5844936a985e44376a43d408fcd7fce3b3f154af6,昆明市石林彝族自治县圭山镇大糯黑村,,云南省,,,非A,乡村旅游重点村,unknown,pending,第二批全国乡村旅游重点村,https://www.mct.gov.cn/tourism/#/list,API目录ID-37/2026-09-04,,,尚未映射到可回跳的知识库景点卡,,,1,CN-POOL-20260904-r0,MCT内容ID=13987；来源文件=content_37.json
CN-P-001496,bf0d8b3fd0b6b2619090a68af6772fae3186ab757278f5df2e3b980e7930f51c,丽江市玉龙纳西族自治县白沙镇玉湖村,,云南省,,,非A,乡村旅游重点村,unknown,pending,第二批全国乡村旅游重点村,https://www.mct.gov.cn/tourism/#/list,API目录ID-37/2026-09-04,,,尚未映射到可回跳的知识库景点卡,,,1,CN-POOL-20260904-r0,MCT内容ID=13988；来源文件=content_37.json
CN-P-001497,37d53b4f7560bd0b34f0359861c2506f6e13c58c181523f2d7e9aa9d876246a6,保山市腾冲市固东镇江东社区,,云南省,,,非A,乡村旅游重点村,unknown,pending,第二批全国乡村旅游重点村,https://www.mct.gov.cn/tourism/#/list,API目录ID-37/2026-09-04,,,尚未映射到可回跳的知识库景点卡,,,1,CN-POOL-20260904-r0,MCT内容ID=13989；来源文件=content_37.json
CN-P-001498,00ceb9cfd8b281413d58ae075970237fdf85db9d4c0b7c536b45fb9f3a4cc37c,西双版纳傣族自治州景洪市基诺乡巴亚村巴坡村,,云南省,,,非A,乡村旅游重点村,unknown,pending,第二批全国乡村旅游重点村,https://www.mct.gov.cn/tourism/#/list,API目录ID-37/2026-09-04,,,尚未映射到可回跳的知识库景点卡,,,1,CN-POOL-20260904-r0,MCT内容ID=13990；来源文件=content_37.json
CN-P-001499,1158995dba4ac2f45b406f49dafac02cc7a8d69ea640d6752052dd5f582427bb,昭通市彝良县小草坝镇小草坝村,,云南省,,,非A,乡村旅游重点村,unknown,pending,第二批全国乡村旅游重点村,https://www.mct.gov.cn/tourism/#/list,API目录ID-37/2026-09-04,,,尚未映射到可回跳的知识库景点卡,,,1,CN-POOL-20260904-r0,MCT内容ID=13991；来源文件=content_37.json
CN-P-001500,9dc32be4b1ba1211ef3b11958853249b895737f5a52aca247cca7c263a4813ed,玉溪市澄江市右所镇小湾村,,云南省,,,非A,乡村旅游重点村,unknown,pending,第二批全国乡村旅游重点村,https://www.mct.gov.cn/tourism/#/list,API目录ID-37/2026-09-04,,,尚未映射到可回跳的知识库景点卡,,,1,CN-POOL-20260904-r0,MCT内容ID=13992；来源文件=content_37.json
CN-P-001501,3df2a224d9224e820977275eddf93e004ba0e17437c961cfb63fa8a4069a1edf,曲靖市师宗县五龙乡狗街村,,云南省,,,非A,乡村旅游重点村,unknown,pending,第二批全国乡村旅游重点村,https://www.mct.gov.cn/tourism/#/list,API目录ID-37/2026-09-04,,,尚未映射到可回跳的知识库景点卡,,,1,CN-POOL-20260904-r0,MCT内容ID=13993；来源文件=content_37.json
CN-P-001502,a1e7fcb7bb9a2c04a12283989a732c8f28c2521f3ce48df221005dbd394d3522,大理白族自治州洱源县凤羽镇江登村佛堂村,,云南省,,,非A,乡村旅游重点村,unknown,pending,第二批全国乡村旅游重点村,https://www.mct.gov.cn/tourism/#/list,API目录ID-37/2026-09-04,,,尚未映射到可回跳的知识库景点卡,,,1,CN-POOL-20260904-r0,MCT内容ID=13994；来源文件=content_37.json
CN-P-001503,4ae942398f01f7fbb744ff41a048cb866db2b403dc13e64c2013dc2538bdc825,楚雄彝族自治州南华县龙川镇岔河村,,云南省,,,非A,乡村旅游重点村,unknown,pending,第二批全国乡村旅游重点村,https://www.mct.gov.cn/tourism/#/list,API目录ID-37/2026-09-04,,,尚未映射到可回跳的知识库景点卡,,,1,CN-POOL-20260904-r0,MCT内容ID=13995；来源文件=content_37.json
CN-P-001504,744a290bf5e019c0b5cd08d7a6a344eda0801e9c6c534ae8d42d20fea978125d,曲靖市会泽县娜姑镇白雾村,,云南省,,,非A,乡村旅游重点村,unknown,pending,第二批全国乡村旅游重点村,https://www.mct.gov.cn/tourism/#/list,API目录ID-37/2026-09-04,,,尚未映射到可回跳的知识库景点卡,,,1,CN-POOL-20260904-r0,MCT内容ID=13996；来源文件=content_37.json
CN-P-001505,79ed9c31bff7172e2ba6769e58778f5c7c48a4de2d4a5781018c63fdd5d79271,临沧市凤庆县凤山镇安石村,,云南省,,,非A,乡村旅游重点村,unknown,pending,第二批全国乡村旅游重点村,https://www.mct.gov.cn/tourism/#/list,API目录ID-37/2026-09-04,,,尚未映射到可回跳的知识库景点卡,,,1,CN-POOL-20260904-r0,MCT内容ID=13997；来源文件=content_37.json
CN-P-001506,ac2da555e1723e50bb8d3e41dfb2126553961533f2953dbd785e2ec293d5af58,德宏傣族景颇族自治州芒市芒市镇回贤村,,云南省,,,非A,乡村旅游重点村,unknown,pending,第二批全国乡村旅游重点村,https://www.mct.gov.cn/tourism/#/list,API目录ID-37/2026-09-04,,,尚未映射到可回跳的知识库景点卡,,,1,CN-POOL-20260904-r0,MCT内容ID=13998；来源文件=content_37.json
CN-P-001507,399ee742e35c103ce762b5cfced72ff751e1c80ae626bf73096e2ed6ec824446,红河哈尼族彝族自治州元阳县新街镇阿者科村,,云南省,,,非A,乡村旅游重点村,unknown,pending,第二批全国乡村旅游重点村,https://www.mct.gov.cn/tourism/#/list,API目录ID-37/2026-09-04,,,尚未映射到可回跳的知识库景点卡,,,1,CN-POOL-20260904-r0,MCT内容ID=13999；来源文件=content_37.json
CN-P-001508,d5a6b772782542e87811ccfdf8aaa76e754e0ac88cc90eb677bcc23818d0c65b,怒江傈僳族自治州贡山县丙中洛镇秋那桶村,,云南省,,,非A,乡村旅游重点村,unknown,pending,第二批全国乡村旅游重点村,https://www.mct.gov.cn/tourism/#/list,API目录ID-37/2026-09-04,,,尚未映射到可回跳的知识库景点卡,,,1,CN-POOL-20260904-r0,MCT内容ID=14000；来源文件=content_37.json
CN-P-001509,ab7bfb9eba990614edb4f5d093bab76dcee713ba8acf853b2cca787f0c820749,昆明市宜良县九乡彝族回族乡麦地冲村,,云南省,,,非A,乡村旅游重点村,unknown,pending,第二批全国乡村旅游重点村,https://www.mct.gov.cn/tourism/#/list,API目录ID-37/2026-09-04,,,尚未映射到可回跳的知识库景点卡,,,1,CN-POOL-20260904-r0,MCT内容ID=14001；来源文件=content_37.json
CN-P-001510,2ce170f685d9c06b65c042c641985a378f414cbd53f72e000748dea4f509d81c,普洱市澜沧拉祜族自治县酒井哈尼族乡勐根村老达保村,,云南省,,,非A,乡村旅游重点村,unknown,pending,第二批全国乡村旅游重点村,https://www.mct.gov.cn/tourism/#/list,API目录ID-37/2026-09-04,,,尚未映射到可回跳的知识库景点卡,,,1,CN-POOL-20260904-r0,MCT内容ID=14002；来源文件=content_37.json
CN-P-001511,66eec3c7cc96b49289da08ecd19252c8352ba1d52be231f3364c11aef78de57c,普洱市西盟佤族自治县勐卡镇马散村永俄寨,,云南省,,,非A,乡村旅游重点村,unknown,pending,第二批全国乡村旅游重点村,https://www.mct.gov.cn/tourism/#/list,API目录ID-37/2026-09-04,,,尚未映射到可回跳的知识库景点卡,,,1,CN-POOL-20260904-r0,MCT内容ID=14003；来源文件=content_37.json
CN-P-001512,05d3a4e1aa481575a4994f88c029b5483c28cb9d9b01ddf2e90a5d76f8cedb50,迪庆藏族自治州香格里拉市尼西乡汤堆村,,云南省,,,非A,乡村旅游重点村,unknown,pending,第二批全国乡村旅游重点村,https://www.mct.gov.cn/tourism/#/list,API目录ID-37/2026-09-04,,,尚未映射到可回跳的知识库景点卡,,,1,CN-POOL-20260904-r0,MCT内容ID=14004；来源文件=content_37.json
CN-P-001513,f56898ff4cdcd9cef18ce9d02de9c67eec0a72d19cba69868b1d10b4e12a2c63,迪庆藏族自治州维西傈僳族自治县塔城镇启别村,,云南省,,,非A,乡村旅游重点村,unknown,pending,第二批全国乡村旅游重点村,https://www.mct.gov.cn/tourism/#/list,API目录ID-37/2026-09-04,,,尚未映射到可回跳的知识库景点卡,,,1,CN-POOL-20260904-r0,MCT内容ID=14005；来源文件=content_37.json
CN-P-001514,6f6c71030a2efa667deb3762d9bc307bd5f2c3d47bd67b43f12b06c4ed911367,拉萨市达孜区邦堆乡叶巴村,,西藏自治区,,,非A,乡村旅游重点村,unknown,pending,第二批全国乡村旅游重点村,https://www.mct.gov.cn/tourism/#/list,API目录ID-37/2026-09-04,,,尚未映射到可回跳的知识库景点卡,,,1,CN-POOL-20260904-r0,MCT内容ID=14006；来源文件=content_37.json
CN-P-001515,d3c6bf70363437693bd8757ac830c028cd51b801cbde12f398739c842e8c710c,拉萨市堆龙德庆区乃琼镇波玛村,,西藏自治区,,,非A,乡村旅游重点村,unknown,pending,第二批全国乡村旅游重点村,https://www.mct.gov.cn/tourism/#/list,API目录ID-37/2026-09-04,,,尚未映射到可回跳的知识库景点卡,,,1,CN-POOL-20260904-r0,MCT内容ID=14007；来源文件=content_37.json
CN-P-001516,03c73c6bc1611838a941c2c61e4e46918391d79ee096c6a8aa64dc4ebcbaff59,林芝市巴宜区鲁朗镇东巴才村,,西藏自治区,,,非A,乡村旅游重点村,unknown,pending,第二批全国乡村旅游重点村,https://www.mct.gov.cn/tourism/#/list,API目录ID-37/2026-09-04,,,尚未映射到可回跳的知识库景点卡,,,1,CN-POOL-20260904-r0,MCT内容ID=14008；来源文件=content_37.json
CN-P-001517,d42c958cecdc25f9872cc7906d686d2207b3f931f6fe5343fccde1dd51d03d17,拉萨市尼木县吞巴乡吞达村,,西藏自治区,,,非A,乡村旅游重点村,unknown,pending,第二批全国乡村旅游重点村,https://www.mct.gov.cn/tourism/#/list,API目录ID-37/2026-09-04,,,尚未映射到可回跳的知识库景点卡,,,1,CN-POOL-20260904-r0,MCT内容ID=14009；来源文件=content_37.json
CN-P-001518,abad961b9190736b0f733d312e7f0c24e528483710b15d5e76a2362927f29cf3,林芝市工布江达县错高乡错高村,,西藏自治区,,,非A,乡村旅游重点村,unknown,pending,第二批全国乡村旅游重点村,https://www.mct.gov.cn/tourism/#/list,API目录ID-37/2026-09-04,,,尚未映射到可回跳的知识库景点卡,,,1,CN-POOL-20260904-r0,MCT内容ID=14010；来源文件=content_37.json
CN-P-001519,85895ce6ebefc01307b93cd3382324e0ee4e4b1ca499a8e8282c780f5f05918d,日喀则市亚东县康布乡上康布村,,西藏自治区,,,非A,乡村旅游重点村,unknown,pending,第二批全国乡村旅游重点村,https://www.mct.gov.cn/tourism/#/list,API目录ID-37/2026-09-04,,,尚未映射到可回跳的知识库景点卡,,,1,CN-POOL-20260904-r0,MCT内容ID=14011；来源文件=content_37.json
CN-P-001520,6e9b5991cc5a23a70984cc2fddb0a2673b75f48efb1a5f37e166e9a0a6211eae,拉萨市城关区柳梧新区达东村,,西藏自治区,,,非A,乡村旅游重点村,unknown,pending,第二批全国乡村旅游重点村,https://www.mct.gov.cn/tourism/#/list,API目录ID-37/2026-09-04,,,尚未映射到可回跳的知识库景点卡,,,1,CN-POOL-20260904-r0,MCT内容ID=14012；来源文件=content_37.json
CN-P-001521,1587f6087d5717e04f9eca7c46f9868e775b9ca59006704e74184eea9e8d6140,那曲市班戈县青龙乡东嘎村,,西藏自治区,,,非A,乡村旅游重点村,unknown,pending,第二批全国乡村旅游重点村,https://www.mct.gov.cn/tourism/#/list,API目录ID-37/2026-09-04,,,尚未映射到可回跳的知识库景点卡,,,1,CN-POOL-20260904-r0,MCT内容ID=14013；来源文件=content_37.json
CN-P-001522,eaca05eff622436fe5f0e51c395f4aae6a4561c1f9298f61e4bb1f38a1aae2f9,拉萨市城关区夺底乡维巴村,,西藏自治区,,,非A,乡村旅游重点村,unknown,pending,第二批全国乡村旅游重点村,https://www.mct.gov.cn/tourism/#/list,API目录ID-37/2026-09-04,,,尚未映射到可回跳的知识库景点卡,,,1,CN-POOL-20260904-r0,MCT内容ID=14014；来源文件=content_37.json
CN-P-001523,4b3ba72289e9ee9fd839270fb05cb42f42bbf4ee462cea972f902d74542d52c3,林芝市巴宜区林芝镇立定村,,西藏自治区,,,非A,乡村旅游重点村,unknown,pending,第二批全国乡村旅游重点村,https://www.mct.gov.cn/tourism/#/list,API目录ID-37/2026-09-04,,,尚未映射到可回跳的知识库景点卡,,,1,CN-POOL-20260904-r0,MCT内容ID=14015；来源文件=content_37.json
CN-P-001524,139bcf84489daa2c932cd096e99fde7b6b8ab578215f65023dc719de2d7ec945,拉萨市曲水县曲水镇俊巴村,,西藏自治区,,,非A,乡村旅游重点村,unknown,pending,第二批全国乡村旅游重点村,https://www.mct.gov.cn/tourism/#/list,API目录ID-37/2026-09-04,,,尚未映射到可回跳的知识库景点卡,,,1,CN-POOL-20260904-r0,MCT内容ID=14016；来源文件=content_37.json
CN-P-001525,8237902aeedbf236bb2694d9b655a47bf93520d20a34e1c5ab373764fb2af57f,昌都市江达县同普乡夏乌村,,西藏自治区,,,非A,乡村旅游重点村,unknown,pending,第二批全国乡村旅游重点村,https://www.mct.gov.cn/tourism/#/list,API目录ID-37/2026-09-04,,,尚未映射到可回跳的知识库景点卡,,,1,CN-POOL-20260904-r0,MCT内容ID=14017；来源文件=content_37.json
CN-P-001526,bf3927e505e394dd6bfb9c4c43f8250d0371377c2e803e98d52e01d368de586b,拉萨市城关区娘热乡加尔西村,,西藏自治区,,,非A,乡村旅游重点村,unknown,pending,第二批全国乡村旅游重点村,https://www.mct.gov.cn/tourism/#/list,API目录ID-37/2026-09-04,,,尚未映射到可回跳的知识库景点卡,,,1,CN-POOL-20260904-r0,MCT内容ID=14018；来源文件=content_37.json
CN-P-001527,8b78245d1e59fb1bf596d86fbde46c13cb619a703a1e215bff31c691ca4c4838,阿里地区普兰县普兰镇科迦村,,西藏自治区,,,非A,乡村旅游重点村,unknown,pending,第二批全国乡村旅游重点村,https://www.mct.gov.cn/tourism/#/list,API目录ID-37/2026-09-04,,,尚未映射到可回跳的知识库景点卡,,,1,CN-POOL-20260904-r0,MCT内容ID=14019；来源文件=content_37.json
CN-P-001528,f119c847020b2b7374bb427b7cd6e2c04b661addd6cc14932a339db46d60db24,山南市桑日县增期乡雪巴村,,西藏自治区,,,非A,乡村旅游重点村,unknown,pending,第二批全国乡村旅游重点村,https://www.mct.gov.cn/tourism/#/list,API目录ID-37/2026-09-04,,,尚未映射到可回跳的知识库景点卡,,,1,CN-POOL-20260904-r0,MCT内容ID=14020；来源文件=content_37.json
CN-P-001529,8a7309fcdaf9c2fb99e3f22ba3b1875485a9efb434d8a104cf40d8124c8d6b55,日喀则市亚东县下亚东乡夏日村,,西藏自治区,,,非A,乡村旅游重点村,unknown,pending,第二批全国乡村旅游重点村,https://www.mct.gov.cn/tourism/#/list,API目录ID-37/2026-09-04,,,尚未映射到可回跳的知识库景点卡,,,1,CN-POOL-20260904-r0,MCT内容ID=14021；来源文件=content_37.json
CN-P-001530,4a2af1cb784546a208f9748d4d98bccc55dada132a2dffc9255e09a6c056f554,昌都市芒康县纳西民族乡觉龙村,,西藏自治区,,,非A,乡村旅游重点村,unknown,pending,第二批全国乡村旅游重点村,https://www.mct.gov.cn/tourism/#/list,API目录ID-37/2026-09-04,,,尚未映射到可回跳的知识库景点卡,,,1,CN-POOL-20260904-r0,MCT内容ID=14022；来源文件=content_37.json
CN-P-001531,0189ff99c9e45957e64b7175fafa0ff33756086adb7e56b172d3bbe262da3b5f,阿里地区札达县托林镇扎布让村,,西藏自治区,,,非A,乡村旅游重点村,unknown,pending,第二批全国乡村旅游重点村,https://www.mct.gov.cn/tourism/#/list,API目录ID-37/2026-09-04,,,尚未映射到可回跳的知识库景点卡,,,1,CN-POOL-20260904-r0,MCT内容ID=14023；来源文件=content_37.json
CN-P-001532,8d3db0cac0ed802b3a08ba75f7a009d62b5ba208d7b5652a63c033694eaf7ef3,山南市错那县勒布乡勒村,,西藏自治区,,,非A,乡村旅游重点村,unknown,pending,第二批全国乡村旅游重点村,https://www.mct.gov.cn/tourism/#/list,API目录ID-37/2026-09-04,,,尚未映射到可回跳的知识库景点卡,,,1,CN-POOL-20260904-r0,MCT内容ID=14024；来源文件=content_37.json
CN-P-001533,ee36b783a5385f79a78a3f5cace8df271f798e3a3148ea5df964c9ea0d426886,日喀则市仁布县切瓦乡嘎布久嘎村,,西藏自治区,,,非A,乡村旅游重点村,unknown,pending,第二批全国乡村旅游重点村,https://www.mct.gov.cn/tourism/#/list,API目录ID-37/2026-09-04,,,尚未映射到可回跳的知识库景点卡,,,1,CN-POOL-20260904-r0,MCT内容ID=14025；来源文件=content_37.json
CN-P-001534,c0654a044c8eba59582b88ba84412f694102a9adb606a9983d31f9b1501ba9d6,山南市乃东区昌珠镇扎西曲登社区,,西藏自治区,,,非A,乡村旅游重点村,unknown,pending,第二批全国乡村旅游重点村,https://www.mct.gov.cn/tourism/#/list,API目录ID-37/2026-09-04,,,尚未映射到可回跳的知识库景点卡,,,1,CN-POOL-20260904-r0,MCT内容ID=14026；来源文件=content_37.json
CN-P-001535,83d1bbb1a522fdd6760428997f11c06f125313304df5d47f530f060328b450f1,西安市长安区王曲街道南堡寨村,,陕西省,,,非A,乡村旅游重点村,unknown,pending,第二批全国乡村旅游重点村,https://www.mct.gov.cn/tourism/#/list,API目录ID-37/2026-09-04,,,尚未映射到可回跳的知识库景点卡,,,1,CN-POOL-20260904-r0,MCT内容ID=14027；来源文件=content_37.json
CN-P-001536,5730902e05209fa69bf5a01b3105a93b5de70175f28e54dec25a3730fe93787a,宝鸡市眉县汤峪镇汤峪村,,陕西省,,,非A,乡村旅游重点村,unknown,pending,第二批全国乡村旅游重点村,https://www.mct.gov.cn/tourism/#/list,API目录ID-37/2026-09-04,,,尚未映射到可回跳的知识库景点卡,,,1,CN-POOL-20260904-r0,MCT内容ID=14028；来源文件=content_37.json
CN-P-001537,d7cadba0d7a6b5a76b0a4b4afc0c4ecaf9eb95252eb39dfc4627b7ab68402d13,延安市延川县文安驿镇梁家河村,,陕西省,,,非A,乡村旅游重点村,unknown,pending,第二批全国乡村旅游重点村,https://www.mct.gov.cn/tourism/#/list,API目录ID-37/2026-09-04,,,尚未映射到可回跳的知识库景点卡,,,1,CN-POOL-20260904-r0,MCT内容ID=14029；来源文件=content_37.json
CN-P-001538,0f047261c23b331a268d034cb42ba431d2af201576c3e4b5d7846048047b8bc2,咸阳市泾阳县安吴镇龙源村,,陕西省,,,非A,乡村旅游重点村,unknown,pending,第二批全国乡村旅游重点村,https://www.mct.gov.cn/tourism/#/list,API目录ID-37/2026-09-04,,,尚未映射到可回跳的知识库景点卡,,,1,CN-POOL-20260904-r0,MCT内容ID=14030；来源文件=content_37.json
CN-P-001539,cb1a0ba5ce42dd3a0325345c16875a6409f806491714f6a67772ca74e8bcbae2,安康市石泉县后柳镇中坝村,,陕西省,,,非A,乡村旅游重点村,unknown,pending,第二批全国乡村旅游重点村,https://www.mct.gov.cn/tourism/#/list,API目录ID-37/2026-09-04,,,尚未映射到可回跳的知识库景点卡,,,1,CN-POOL-20260904-r0,MCT内容ID=14031；来源文件=content_37.json
CN-P-001540,38a2013194d6c3471d9f5f83c992d1eb1ae2fef2bfc7e282994661685add6caf,商洛市丹凤县棣花镇棣花社区,,陕西省,,,非A,乡村旅游重点村,unknown,pending,第二批全国乡村旅游重点村,https://www.mct.gov.cn/tourism/#/list,API目录ID-37/2026-09-04,,,尚未映射到可回跳的知识库景点卡,,,1,CN-POOL-20260904-r0,MCT内容ID=14032；来源文件=content_37.json
CN-P-001541,9e03e0c18c5242746c8d52537dfa6621332308c63c6b7f0c6d424fb0dc58356d,铜川市印台区金锁关镇何家坊村,,陕西省,,,非A,乡村旅游重点村,unknown,pending,第二批全国乡村旅游重点村,https://www.mct.gov.cn/tourism/#/list,API目录ID-37/2026-09-04,,,尚未映射到可回跳的知识库景点卡,,,1,CN-POOL-20260904-r0,MCT内容ID=14033；来源文件=content_37.json
CN-P-001542,e98d90c3c74be91a9ccc912209a9f80eb04fe9dd4d40ba5bb4c9173df9b468c8,渭南市潼关县太要镇秦王寨社区,,陕西省,,,非A,乡村旅游重点村,unknown,pending,第二批全国乡村旅游重点村,https://www.mct.gov.cn/tourism/#/list,API目录ID-37/2026-09-04,,,尚未映射到可回跳的知识库景点卡,,,1,CN-POOL-20260904-r0,MCT内容ID=14034；来源文件=content_37.json
CN-P-001543,128ca36e8ac5dc1345d2a94dbca2798d33e0feb5d6046ee274316d52548681db,渭南市临渭区桥南镇天刘村,,陕西省,,,非A,乡村旅游重点村,unknown,pending,第二批全国乡村旅游重点村,https://www.mct.gov.cn/tourism/#/list,API目录ID-37/2026-09-04,,,尚未映射到可回跳的知识库景点卡,,,1,CN-POOL-20260904-r0,MCT内容ID=14035；来源文件=content_37.json
CN-P-001544,185a072064667719ea8928ec13773131e9976a458870bf1da6af8140cda5e85a,咸阳市旬邑县张洪镇西头村,,陕西省,,,非A,乡村旅游重点村,unknown,pending,第二批全国乡村旅游重点村,https://www.mct.gov.cn/tourism/#/list,API目录ID-37/2026-09-04,,,尚未映射到可回跳的知识库景点卡,,,1,CN-POOL-20260904-r0,MCT内容ID=14036；来源文件=content_37.json
CN-P-001545,3f27feee9fdb831bcaeaa6a0908e78db037fa609ef246f47a79446d5a7de5f80,汉中市佛坪县长角坝镇沙窝村,,陕西省,,,非A,乡村旅游重点村,unknown,pending,第二批全国乡村旅游重点村,https://www.mct.gov.cn/tourism/#/list,API目录ID-37/2026-09-04,,,尚未映射到可回跳的知识库景点卡,,,1,CN-POOL-20260904-r0,MCT内容ID=14037；来源文件=content_37.json
CN-P-001546,7003bcdc2ff588c4fa28db31899e44dd847ea1cb2be8e94b6e6c369e05e0552c,汉中市汉台区河东店镇花果村,,陕西省,,,非A,乡村旅游重点村,unknown,pending,第二批全国乡村旅游重点村,https://www.mct.gov.cn/tourism/#/list,API目录ID-37/2026-09-04,,,尚未映射到可回跳的知识库景点卡,,,1,CN-POOL-20260904-r0,MCT内容ID=14038；来源文件=content_37.json
CN-P-001547,0ad02664814706c1945171771fa1fe9c42e3c76da2fb17786f5d2da9fddbb58b,安康市宁陕县筒车湾镇七里村,,陕西省,,,非A,乡村旅游重点村,unknown,pending,第二批全国乡村旅游重点村,https://www.mct.gov.cn/tourism/#/list,API目录ID-37/2026-09-04,,,尚未映射到可回跳的知识库景点卡,,,1,CN-POOL-20260904-r0,MCT内容ID=14039；来源文件=content_37.json
CN-P-001548,aab69207fa6a666b54d9d7073fe954d9e22019207f74d3d4ba27f6ded3a7d8c0,铜川市宜君县哭泉镇淌泥河村,,陕西省,,,非A,乡村旅游重点村,unknown,pending,第二批全国乡村旅游重点村,https://www.mct.gov.cn/tourism/#/list,API目录ID-37/2026-09-04,,,尚未映射到可回跳的知识库景点卡,,,1,CN-POOL-20260904-r0,MCT内容ID=14040；来源文件=content_37.json
CN-P-001549,6210122ddd9380b85cd287ff69b8755b1703b72d39da87bfbd4c6169376ca89f,宝鸡市凤县红花铺镇永生村,,陕西省,,,非A,乡村旅游重点村,unknown,pending,第二批全国乡村旅游重点村,https://www.mct.gov.cn/tourism/#/list,API目录ID-37/2026-09-04,,,尚未映射到可回跳的知识库景点卡,,,1,CN-POOL-20260904-r0,MCT内容ID=14041；来源文件=content_37.json
CN-P-001550,7572f7337c6f6bb5aeb77230e0d3697055af1bb96c53934d0d959c19dc7c009f,渭南市华阴市孟塬镇司家村,,陕西省,,,非A,乡村旅游重点村,unknown,pending,第二批全国乡村旅游重点村,https://www.mct.gov.cn/tourism/#/list,API目录ID-37/2026-09-04,,,尚未映射到可回跳的知识库景点卡,,,1,CN-POOL-20260904-r0,MCT内容ID=14042；来源文件=content_37.json
CN-P-001551,cc4a52e1cc3737c1adc657e228cbf832b81a0f395c336867fe7a00e7006cf039,汉中市勉县勉阳街道天荡山社区,,陕西省,,,非A,乡村旅游重点村,unknown,pending,第二批全国乡村旅游重点村,https://www.mct.gov.cn/tourism/#/list,API目录ID-37/2026-09-04,,,尚未映射到可回跳的知识库景点卡,,,1,CN-POOL-20260904-r0,MCT内容ID=14043；来源文件=content_37.json
CN-P-001552,df5b9d2e6cd85095f3d7502fc7d76e1a574f615c7082bd6c05efbf2532094783,商洛市洛南县四皓街道南沟社区,,陕西省,,,非A,乡村旅游重点村,unknown,pending,第二批全国乡村旅游重点村,https://www.mct.gov.cn/tourism/#/list,API目录ID-37/2026-09-04,,,尚未映射到可回跳的知识库景点卡,,,1,CN-POOL-20260904-r0,MCT内容ID=14044；来源文件=content_37.json
CN-P-001553,d0b51316f42b385603f295a44829984e69a71f6279a3e30d7f34beffb9230935,杨凌示范区杨陵区五泉镇王上村,,陕西省,,,非A,乡村旅游重点村,unknown,pending,第二批全国乡村旅游重点村,https://www.mct.gov.cn/tourism/#/list,API目录ID-37/2026-09-04,,,尚未映射到可回跳的知识库景点卡,,,1,CN-POOL-20260904-r0,MCT内容ID=14045；来源文件=content_37.json
CN-P-001554,3ee67e2ba03b4415bc0e6be37bbea3b10497e536aaae816ea76ca98255977480,渭南市华阴市华山镇仙峪口村,,陕西省,,,非A,乡村旅游重点村,unknown,pending,第二批全国乡村旅游重点村,https://www.mct.gov.cn/tourism/#/list,API目录ID-37/2026-09-04,,,尚未映射到可回跳的知识库景点卡,,,1,CN-POOL-20260904-r0,MCT内容ID=14046；来源文件=content_37.json
CN-P-001555,3f8f43331fa1074ec6da48ea76a8e0064129e15fed6cc8d4f463ac2c28c1a165,榆林市绥德县满堂川镇郭家沟村,,陕西省,,,非A,乡村旅游重点村,unknown,pending,第二批全国乡村旅游重点村,https://www.mct.gov.cn/tourism/#/list,API目录ID-37/2026-09-04,,,尚未映射到可回跳的知识库景点卡,,,1,CN-POOL-20260904-r0,MCT内容ID=14047；来源文件=content_37.json
CN-P-001556,2df997b4e866b45dd6d5d2996a25749d89f5dc76403c4946380a7aacf77ad08f,韩城市板桥镇王村,,陕西省,,,非A,乡村旅游重点村,unknown,pending,第二批全国乡村旅游重点村,https://www.mct.gov.cn/tourism/#/list,API目录ID-37/2026-09-04,,,尚未映射到可回跳的知识库景点卡,,,1,CN-POOL-20260904-r0,MCT内容ID=14048；来源文件=content_37.json
CN-P-001557,3f93af164ba40ade2689b55ded2a64dad2967dbdffa93021773454cf0ee6aec4,商洛市柞水县小岭镇金米村,,陕西省,,,非A,乡村旅游重点村,unknown,pending,第二批全国乡村旅游重点村,https://www.mct.gov.cn/tourism/#/list,API目录ID-37/2026-09-04,,,尚未映射到可回跳的知识库景点卡,,,1,CN-POOL-20260904-r0,MCT内容ID=14049；来源文件=content_37.json
CN-P-001558,a918b0b896175775dfcc6990148e26fa0c776f431d41002a6c042014388655e3,临夏回族自治州临夏市南龙镇马家庄村,,甘肃省,,,非A,乡村旅游重点村,unknown,pending,第二批全国乡村旅游重点村,https://www.mct.gov.cn/tourism/#/list,API目录ID-37/2026-09-04,,,尚未映射到可回跳的知识库景点卡,,,1,CN-POOL-20260904-r0,MCT内容ID=14050；来源文件=content_37.json
CN-P-001559,d12f13768f84320c647a5912d3c4bade928862feef9b6193d03f49580787cc45,陇南市康县王坝镇何家庄村,,甘肃省,,,非A,乡村旅游重点村,unknown,pending,第二批全国乡村旅游重点村,https://www.mct.gov.cn/tourism/#/list,API目录ID-37/2026-09-04,,,尚未映射到可回跳的知识库景点卡,,,1,CN-POOL-20260904-r0,MCT内容ID=14051；来源文件=content_37.json
CN-P-001560,e4f920a6a282bec532416d7242521159847ef0c89f434c2aa4c42cad0d5b5567,平凉市泾川县汭丰镇郑家沟村,,甘肃省,,,非A,乡村旅游重点村,unknown,pending,第二批全国乡村旅游重点村,https://www.mct.gov.cn/tourism/#/list,API目录ID-37/2026-09-04,,,尚未映射到可回跳的知识库景点卡,,,1,CN-POOL-20260904-r0,MCT内容ID=14052；来源文件=content_37.json
CN-P-001561,895ab7ba61b3d07c901a38caa84eaa97c7460e9ee34450e4a55d5c60650280af,陇南市康县岸门口镇街道村（朱家沟）,,甘肃省,,,非A,乡村旅游重点村,unknown,pending,第二批全国乡村旅游重点村,https://www.mct.gov.cn/tourism/#/list,API目录ID-37/2026-09-04,,,尚未映射到可回跳的知识库景点卡,,,1,CN-POOL-20260904-r0,MCT内容ID=14053；来源文件=content_37.json
CN-P-001562,dd7eeb80a5cc8ab2cc0119aa29cd223312d1dd200a34df1d22827ec9010713e6,兰州市皋兰县什川镇上车村,,甘肃省,,,非A,乡村旅游重点村,unknown,pending,第二批全国乡村旅游重点村,https://www.mct.gov.cn/tourism/#/list,API目录ID-37/2026-09-04,,,尚未映射到可回跳的知识库景点卡,,,1,CN-POOL-20260904-r0,MCT内容ID=14054；来源文件=content_37.json
CN-P-001563,87230f3a761e78bc186a71437dda88cd3cde24c4a6dd71046ed08a2da884e44d,张掖市肃南裕固族自治县康乐镇榆木庄村,,甘肃省,,,非A,乡村旅游重点村,unknown,pending,第二批全国乡村旅游重点村,https://www.mct.gov.cn/tourism/#/list,API目录ID-37/2026-09-04,,,尚未映射到可回跳的知识库景点卡,,,1,CN-POOL-20260904-r0,MCT内容ID=14055；来源文件=content_37.json
CN-P-001564,466c21dfc6de0b1513fb3a5d232271b2ca0e22a5d7a7d395e1ef2671c351af16,临夏回族自治州临夏县北塬镇钱家村,,甘肃省,,,非A,乡村旅游重点村,unknown,pending,第二批全国乡村旅游重点村,https://www.mct.gov.cn/tourism/#/list,API目录ID-37/2026-09-04,,,尚未映射到可回跳的知识库景点卡,,,1,CN-POOL-20260904-r0,MCT内容ID=14056；来源文件=content_37.json
CN-P-001565,e6357411dfb5dd2abd76753acb58348fde24aa4ae21e076f0ba07831d1df19f5,敦煌市月牙泉镇杨家桥村,,甘肃省,,,非A,乡村旅游重点村,unknown,pending,第二批全国乡村旅游重点村,https://www.mct.gov.cn/tourism/#/list,API目录ID-37/2026-09-04,,,尚未映射到可回跳的知识库景点卡,,,1,CN-POOL-20260904-r0,MCT内容ID=14057；来源文件=content_37.json
CN-P-001566,70270df128db567ece98d8c138e740727f461529c930d8f246d11d0c534fe2b1,张掖市甘州区长安镇前进村,,甘肃省,,,非A,乡村旅游重点村,unknown,pending,第二批全国乡村旅游重点村,https://www.mct.gov.cn/tourism/#/list,API目录ID-37/2026-09-04,,,尚未映射到可回跳的知识库景点卡,,,1,CN-POOL-20260904-r0,MCT内容ID=14058；来源文件=content_37.json
CN-P-001567,f8402ba618460f5bbb6a595801098a0fe273f55bedb1f1940dbe72212a077aa1,酒泉市肃州区泉湖镇永久村,,甘肃省,,,非A,乡村旅游重点村,unknown,pending,第二批全国乡村旅游重点村,https://www.mct.gov.cn/tourism/#/list,API目录ID-37/2026-09-04,,,尚未映射到可回跳的知识库景点卡,,,1,CN-POOL-20260904-r0,MCT内容ID=14059；来源文件=content_37.json
CN-P-001568,e176440875864c2a42e0e1203fb70cf29598595b19d0e04141da6a2fe3f56ba1,天水市秦州区玉泉镇李官湾村,,甘肃省,,,非A,乡村旅游重点村,unknown,pending,第二批全国乡村旅游重点村,https://www.mct.gov.cn/tourism/#/list,API目录ID-37/2026-09-04,,,尚未映射到可回跳的知识库景点卡,,,1,CN-POOL-20260904-r0,MCT内容ID=14060；来源文件=content_37.json
CN-P-001569,3117c2465583e352b2183b23b160743bd6e39ffe775a92ae80cda792786fb6d3,庆阳市宁县瓦斜乡永吉村,,甘肃省,,,非A,乡村旅游重点村,unknown,pending,第二批全国乡村旅游重点村,https://www.mct.gov.cn/tourism/#/list,API目录ID-37/2026-09-04,,,尚未映射到可回跳的知识库景点卡,,,1,CN-POOL-20260904-r0,MCT内容ID=14061；来源文件=content_37.json
CN-P-001570,8615f9c2a608908b3665bf5ac76f6074bcc6f17c4ab4d8793bfae5b171c8e168,嘉峪关市峪泉镇黄草营村,,甘肃省,,,非A,乡村旅游重点村,unknown,pending,第二批全国乡村旅游重点村,https://www.mct.gov.cn/tourism/#/list,API目录ID-37/2026-09-04,,,尚未映射到可回跳的知识库景点卡,,,1,CN-POOL-20260904-r0,MCT内容ID=14062；来源文件=content_37.json
CN-P-001571,6f77b96e05ce9f4d41ce95e3139569b0632253487ed675f37104d9acf37e6756,甘南藏族自治州迭部县达拉乡高吉村,,甘肃省,,,非A,乡村旅游重点村,unknown,pending,第二批全国乡村旅游重点村,https://www.mct.gov.cn/tourism/#/list,API目录ID-37/2026-09-04,,,尚未映射到可回跳的知识库景点卡,,,1,CN-POOL-20260904-r0,MCT内容ID=14063；来源文件=content_37.json
CN-P-001572,2fbbdb83848d07b57aca0e30b956b25edc3067354345bc92199e8ac0d8b802c5,武威市天祝藏族自治县大红沟镇大红沟村,,甘肃省,,,非A,乡村旅游重点村,unknown,pending,第二批全国乡村旅游重点村,https://www.mct.gov.cn/tourism/#/list,API目录ID-37/2026-09-04,,,尚未映射到可回跳的知识库景点卡,,,1,CN-POOL-20260904-r0,MCT内容ID=14064；来源文件=content_37.json
CN-P-001573,a49bd0bfe67807b6630918c01ac080944df6184a67fa4b9cae8eb2668b2c5734,金昌市金川区宁远堡镇龙景村,,甘肃省,,,非A,乡村旅游重点村,unknown,pending,第二批全国乡村旅游重点村,https://www.mct.gov.cn/tourism/#/list,API目录ID-37/2026-09-04,,,尚未映射到可回跳的知识库景点卡,,,1,CN-POOL-20260904-r0,MCT内容ID=14065；来源文件=content_37.json
CN-P-001574,2924a5845bb8d925375e83244b4faf089aab30bb02b2470b1e0d94052a795f7a,陇南市两当县杨店镇灵官村,,甘肃省,,,非A,乡村旅游重点村,unknown,pending,第二批全国乡村旅游重点村,https://www.mct.gov.cn/tourism/#/list,API目录ID-37/2026-09-04,,,尚未映射到可回跳的知识库景点卡,,,1,CN-POOL-20260904-r0,MCT内容ID=14066；来源文件=content_37.json
CN-P-001575,d7de45953fc95d9d0be6a394fbf644f848d90031b9e83baddc6d057f8c2583b5,甘南藏族自治州迭部县电尕镇谢协村,,甘肃省,,,非A,乡村旅游重点村,unknown,pending,第二批全国乡村旅游重点村,https://www.mct.gov.cn/tourism/#/list,API目录ID-37/2026-09-04,,,尚未映射到可回跳的知识库景点卡,,,1,CN-POOL-20260904-r0,MCT内容ID=14067；来源文件=content_37.json
CN-P-001576,90fa6358dc3557d5d85d3b714c99524403aac72554fdaa19545f7de2d6839119,张掖市山丹县李桥乡高庙村,,甘肃省,,,非A,乡村旅游重点村,unknown,pending,第二批全国乡村旅游重点村,https://www.mct.gov.cn/tourism/#/list,API目录ID-37/2026-09-04,,,尚未映射到可回跳的知识库景点卡,,,1,CN-POOL-20260904-r0,MCT内容ID=14068；来源文件=content_37.json
CN-P-001577,5ecce52cecd00ac65566c554eaa01c62e9758f13e896a5b4089ea51de8f8ccf4,白银市景泰县喜泉镇大水䃎村,,甘肃省,,,非A,乡村旅游重点村,unknown,pending,第二批全国乡村旅游重点村,https://www.mct.gov.cn/tourism/#/list,API目录ID-37/2026-09-04,,,尚未映射到可回跳的知识库景点卡,,,1,CN-POOL-20260904-r0,MCT内容ID=14069；来源文件=content_37.json
CN-P-001578,0f3f70c2bc1c49115a5d86dca5f6de22e4f0eefb9899042f4968e923bec1e543,海东市民和回族土族自治县古鄯镇山庄村,,青海省,,,非A,乡村旅游重点村,unknown,pending,第二批全国乡村旅游重点村,https://www.mct.gov.cn/tourism/#/list,API目录ID-37/2026-09-04,,,尚未映射到可回跳的知识库景点卡,,,1,CN-POOL-20260904-r0,MCT内容ID=14070；来源文件=content_37.json
CN-P-001579,add2be3e78a1a01940bf0c54a5dc42ee94434f1b31bd343dafab03028becb1ab,黄南藏族自治州尖扎县昂拉乡德吉村,,青海省,,,非A,乡村旅游重点村,unknown,pending,第二批全国乡村旅游重点村,https://www.mct.gov.cn/tourism/#/list,API目录ID-37/2026-09-04,,,尚未映射到可回跳的知识库景点卡,,,1,CN-POOL-20260904-r0,MCT内容ID=14071；来源文件=content_37.json
CN-P-001580,1555a30867b57ba8f997b007a4fd3c7e534c31fa5236fb3f412ba17ea7412176,西宁市湟源县和平乡小高陵村,,青海省,,,非A,乡村旅游重点村,unknown,pending,第二批全国乡村旅游重点村,https://www.mct.gov.cn/tourism/#/list,API目录ID-37/2026-09-04,,,尚未映射到可回跳的知识库景点卡,,,1,CN-POOL-20260904-r0,MCT内容ID=14072；来源文件=content_37.json
CN-P-001581,74fbdd92dae67ace9487694cda2e36742a05cbae209ea6052d9b46157d1658b6,海北藏族自治州门源回族自治县仙米乡桥滩村,,青海省,,,非A,乡村旅游重点村,unknown,pending,第二批全国乡村旅游重点村,https://www.mct.gov.cn/tourism/#/list,API目录ID-37/2026-09-04,,,尚未映射到可回跳的知识库景点卡,,,1,CN-POOL-20260904-r0,MCT内容ID=14073；来源文件=content_37.json
CN-P-001582,14b16e0f4b03afd5c04aa902ec9d7aec045b9c9db2d69123ab1d5fd3e081bef3,海东市循化撒拉族自治县查汗都斯乡红光村,,青海省,,,非A,乡村旅游重点村,unknown,pending,第二批全国乡村旅游重点村,https://www.mct.gov.cn/tourism/#/list,API目录ID-37/2026-09-04,,,尚未映射到可回跳的知识库景点卡,,,1,CN-POOL-20260904-r0,MCT内容ID=14074；来源文件=content_37.json
CN-P-001583,88cd82b975e57fcb6c3d4f9328e8254e7fb48b6356d4fd225f49113bdad68ec5,海北藏族自治州门源回族自治县珠固乡东旭村,,青海省,,,非A,乡村旅游重点村,unknown,pending,第二批全国乡村旅游重点村,https://www.mct.gov.cn/tourism/#/list,API目录ID-37/2026-09-04,,,尚未映射到可回跳的知识库景点卡,,,1,CN-POOL-20260904-r0,MCT内容ID=14075；来源文件=content_37.json
CN-P-001584,5eb3d47d0e85ec31c8ba7156b1b721752d19b64a040b13672497a3589727cccf,西宁市湟中区拦隆口镇卡阳村,,青海省,,,非A,乡村旅游重点村,unknown,pending,第二批全国乡村旅游重点村,https://www.mct.gov.cn/tourism/#/list,API目录ID-37/2026-09-04,,,尚未映射到可回跳的知识库景点卡,,,1,CN-POOL-20260904-r0,MCT内容ID=14076；来源文件=content_37.json
CN-P-001585,6710289b5688f3946e69017a03f94b6d67b6214a9bbf04260aed4efcd828a565,海南藏族自治州贵德县尕让乡松巴村,,青海省,,,非A,乡村旅游重点村,unknown,pending,第二批全国乡村旅游重点村,https://www.mct.gov.cn/tourism/#/list,API目录ID-37/2026-09-04,,,尚未映射到可回跳的知识库景点卡,,,1,CN-POOL-20260904-r0,MCT内容ID=14077；来源文件=content_37.json
CN-P-001586,addf21124b4bc02958dce5416a6cba2306d2681603fb3b1384a380d409a292af,西宁市湟中区李家山镇柳树庄村,,青海省,,,非A,乡村旅游重点村,unknown,pending,第二批全国乡村旅游重点村,https://www.mct.gov.cn/tourism/#/list,API目录ID-37/2026-09-04,,,尚未映射到可回跳的知识库景点卡,,,1,CN-POOL-20260904-r0,MCT内容ID=14078；来源文件=content_37.json
CN-P-001587,6df535cdd56467432dd7b7489fc4841fad0edd75eebe337170aaea0d269e65a9,海西蒙古族藏族自治州格尔木市郭勒木德镇红柳村,,青海省,,,非A,乡村旅游重点村,unknown,pending,第二批全国乡村旅游重点村,https://www.mct.gov.cn/tourism/#/list,API目录ID-37/2026-09-04,,,尚未映射到可回跳的知识库景点卡,,,1,CN-POOL-20260904-r0,MCT内容ID=14079；来源文件=content_37.json
CN-P-001588,ff7a0e3701f05d67b77c36385650600ca29ccb6ad7d5328c41f6338649fba46a,海南藏族自治州贵德县河阴镇红柳滩村,,青海省,,,非A,乡村旅游重点村,unknown,pending,第二批全国乡村旅游重点村,https://www.mct.gov.cn/tourism/#/list,API目录ID-37/2026-09-04,,,尚未映射到可回跳的知识库景点卡,,,1,CN-POOL-20260904-r0,MCT内容ID=14080；来源文件=content_37.json
CN-P-001589,fc780029fd713c9c6ebb181a2b252769422ab26905ef01a1b49d99f402bfe3c5,海东市民和回族土族自治县官亭镇喇家村,,青海省,,,非A,乡村旅游重点村,unknown,pending,第二批全国乡村旅游重点村,https://www.mct.gov.cn/tourism/#/list,API目录ID-37/2026-09-04,,,尚未映射到可回跳的知识库景点卡,,,1,CN-POOL-20260904-r0,MCT内容ID=14081；来源文件=content_37.json
CN-P-001590,25135ae9fb7972f19c093ea22469c98563af57ba563887512953066a207f9f0c,海南藏族自治州贵德县尕让乡二连村,,青海省,,,非A,乡村旅游重点村,unknown,pending,第二批全国乡村旅游重点村,https://www.mct.gov.cn/tourism/#/list,API目录ID-37/2026-09-04,,,尚未映射到可回跳的知识库景点卡,,,1,CN-POOL-20260904-r0,MCT内容ID=14082；来源文件=content_37.json
CN-P-001591,fbf8782d1d8058d8e8c75418669e1c7204e48b322829e3ed301130fd69cecade,黄南藏族自治州泽库县和日镇和日村,,青海省,,,非A,乡村旅游重点村,unknown,pending,第二批全国乡村旅游重点村,https://www.mct.gov.cn/tourism/#/list,API目录ID-37/2026-09-04,,,尚未映射到可回跳的知识库景点卡,,,1,CN-POOL-20260904-r0,MCT内容ID=14083；来源文件=content_37.json
CN-P-001592,bbb888454e99507441bf4b15db4b4e684d06edbd025f47eb04d821099b4a3e74,玉树藏族自治州治多县立新乡叶青村,,青海省,,,非A,乡村旅游重点村,unknown,pending,第二批全国乡村旅游重点村,https://www.mct.gov.cn/tourism/#/list,API目录ID-37/2026-09-04,,,尚未映射到可回跳的知识库景点卡,,,1,CN-POOL-20260904-r0,MCT内容ID=14084；来源文件=content_37.json
CN-P-001593,4ecb5a64f8a76c28ac752647366bd3ab28c347441b746c21cc2ffd1e65479a09,海东市互助土族自治县南门峡镇磨尔沟村,,青海省,,,非A,乡村旅游重点村,unknown,pending,第二批全国乡村旅游重点村,https://www.mct.gov.cn/tourism/#/list,API目录ID-37/2026-09-04,,,尚未映射到可回跳的知识库景点卡,,,1,CN-POOL-20260904-r0,MCT内容ID=14085；来源文件=content_37.json
CN-P-001594,35a091167fa5c3625c7e673559b68bcef6773ae83927dc612195b975600b4a05,海北藏族自治州门源回族自治县东川镇麻当村,,青海省,,,非A,乡村旅游重点村,unknown,pending,第二批全国乡村旅游重点村,https://www.mct.gov.cn/tourism/#/list,API目录ID-37/2026-09-04,,,尚未映射到可回跳的知识库景点卡,,,1,CN-POOL-20260904-r0,MCT内容ID=14086；来源文件=content_37.json
CN-P-001595,2ff504441978d3736bb041812847f5add39aecc9242d41d6ca9e107d81510dda,海北藏族自治州祁连县八宝镇白杨沟村,,青海省,,,非A,乡村旅游重点村,unknown,pending,第二批全国乡村旅游重点村,https://www.mct.gov.cn/tourism/#/list,API目录ID-37/2026-09-04,,,尚未映射到可回跳的知识库景点卡,,,1,CN-POOL-20260904-r0,MCT内容ID=14087；来源文件=content_37.json
CN-P-001596,9d8004ef1de580e781c015b5d59e55702a2b6957f4e2b915f460103dbb4facba,海东市互助土族自治县五十镇班彦村,,青海省,,,非A,乡村旅游重点村,unknown,pending,第二批全国乡村旅游重点村,https://www.mct.gov.cn/tourism/#/list,API目录ID-37/2026-09-04,,,尚未映射到可回跳的知识库景点卡,,,1,CN-POOL-20260904-r0,MCT内容ID=14088；来源文件=content_37.json
CN-P-001597,b4bc34ded96c64e815d42be1b9f4af9984824dba11d642a6bbf00cffc5ad38bc,西宁市湟源县申中乡前沟村,,青海省,,,非A,乡村旅游重点村,unknown,pending,第二批全国乡村旅游重点村,https://www.mct.gov.cn/tourism/#/list,API目录ID-37/2026-09-04,,,尚未映射到可回跳的知识库景点卡,,,1,CN-POOL-20260904-r0,MCT内容ID=14089；来源文件=content_37.json
CN-P-001598,1135e8d3343e726d4a69ba91028caf3404f85963cd41657618358a8a6ccaae32,银川市西夏区镇北堡镇华西村,,宁夏回族自治区,,,非A,乡村旅游重点村,unknown,pending,第二批全国乡村旅游重点村,https://www.mct.gov.cn/tourism/#/list,API目录ID-37/2026-09-04,,,尚未映射到可回跳的知识库景点卡,,,1,CN-POOL-20260904-r0,MCT内容ID=14090；来源文件=content_37.json
CN-P-001599,b12c6155f089dd48e20ebb9062b49993f440381174b844ee8e1d8089f39b32fa,固原市泾源县泾河源镇冶家村,,宁夏回族自治区,,,非A,乡村旅游重点村,unknown,pending,第二批全国乡村旅游重点村,https://www.mct.gov.cn/tourism/#/list,API目录ID-37/2026-09-04,,,尚未映射到可回跳的知识库景点卡,,,1,CN-POOL-20260904-r0,MCT内容ID=14091；来源文件=content_37.json
CN-P-001600,0f9f87ffe405beb09bb5c809b955a722f525f13a7f228b76c594d25dc82ec4f0,银川市西夏区镇北堡镇昊苑村,,宁夏回族自治区,,,非A,乡村旅游重点村,unknown,pending,第二批全国乡村旅游重点村,https://www.mct.gov.cn/tourism/#/list,API目录ID-37/2026-09-04,,,尚未映射到可回跳的知识库景点卡,,,1,CN-POOL-20260904-r0,MCT内容ID=14092；来源文件=content_37.json
CN-P-001601,684c5f526cc41cda7aa033f6fafdb041ccbab9bea80d3d26c5afc43778e93a23,固原市隆德县温堡乡新庄村,,宁夏回族自治区,,,非A,乡村旅游重点村,unknown,pending,第二批全国乡村旅游重点村,https://www.mct.gov.cn/tourism/#/list,API目录ID-37/2026-09-04,,,尚未映射到可回跳的知识库景点卡,,,1,CN-POOL-20260904-r0,MCT内容ID=14093；来源文件=content_37.json
CN-P-001602,2a5708cba4b3e5b357b39661c00cdbc1ed9e407df2978d9f8297dbe7e1208d80,吴忠市青铜峡市叶盛镇地三村,,宁夏回族自治区,,,非A,乡村旅游重点村,unknown,pending,第二批全国乡村旅游重点村,https://www.mct.gov.cn/tourism/#/list,API目录ID-37/2026-09-04,,,尚未映射到可回跳的知识库景点卡,,,1,CN-POOL-20260904-r0,MCT内容ID=14094；来源文件=content_37.json
CN-P-001603,82daa87677f950724bf7002f8485dc11e041d11eae77d2043af25b0a1652be88,银川市贺兰县常信乡四十里店村,,宁夏回族自治区,,,非A,乡村旅游重点村,unknown,pending,第二批全国乡村旅游重点村,https://www.mct.gov.cn/tourism/#/list,API目录ID-37/2026-09-04,,,尚未映射到可回跳的知识库景点卡,,,1,CN-POOL-20260904-r0,MCT内容ID=14095；来源文件=content_37.json
CN-P-001604,e7d93a3b19f2fda89ac0f3ead89117f32aaaf78881b35ec336ae64c3499171c3,固原市隆德县神林乡辛平村,,宁夏回族自治区,,,非A,乡村旅游重点村,unknown,pending,第二批全国乡村旅游重点村,https://www.mct.gov.cn/tourism/#/list,API目录ID-37/2026-09-04,,,尚未映射到可回跳的知识库景点卡,,,1,CN-POOL-20260904-r0,MCT内容ID=14096；来源文件=content_37.json
CN-P-001605,084c1c2829c7ae4a8603bb14fe630c0194e5382abca1ff5f35602e33f551e3b8,吴忠市利通区东塔寺乡石佛寺村,,宁夏回族自治区,,,非A,乡村旅游重点村,unknown,pending,第二批全国乡村旅游重点村,https://www.mct.gov.cn/tourism/#/list,API目录ID-37/2026-09-04,,,尚未映射到可回跳的知识库景点卡,,,1,CN-POOL-20260904-r0,MCT内容ID=14097；来源文件=content_37.json
CN-P-001606,1929dabb39918a6eb4a6a6af35959d27e1149ec5aa16be383e5382f35eb2bcc4,中卫市中宁县石空镇倪丁村,,宁夏回族自治区,,,非A,乡村旅游重点村,unknown,pending,第二批全国乡村旅游重点村,https://www.mct.gov.cn/tourism/#/list,API目录ID-37/2026-09-04,,,尚未映射到可回跳的知识库景点卡,,,1,CN-POOL-20260904-r0,MCT内容ID=14098；来源文件=content_37.json
CN-P-001607,05149cab3eec44a93cb31cec988647ca82b65fa87bd091eafd34d2d7c78dd7ba,固原市西吉县将台堡镇毛沟村,,宁夏回族自治区,,,非A,乡村旅游重点村,unknown,pending,第二批全国乡村旅游重点村,https://www.mct.gov.cn/tourism/#/list,API目录ID-37/2026-09-04,,,尚未映射到可回跳的知识库景点卡,,,1,CN-POOL-20260904-r0,MCT内容ID=14099；来源文件=content_37.json
CN-P-001608,563323791f34bc52c99357ad73978abf996b7b40607677b06e7623ca6f2e9030,固原市泾源县大湾乡杨岭村,,宁夏回族自治区,,,非A,乡村旅游重点村,unknown,pending,第二批全国乡村旅游重点村,https://www.mct.gov.cn/tourism/#/list,API目录ID-37/2026-09-04,,,尚未映射到可回跳的知识库景点卡,,,1,CN-POOL-20260904-r0,MCT内容ID=14100；来源文件=content_37.json
CN-P-001609,4d62aeb89dd2275fe4e27d13386aedeb98f0a13f28eb54b3ea254e7c1d1f446b,石嘴山市惠农区礼和乡银河村,,宁夏回族自治区,,,非A,乡村旅游重点村,unknown,pending,第二批全国乡村旅游重点村,https://www.mct.gov.cn/tourism/#/list,API目录ID-37/2026-09-04,,,尚未映射到可回跳的知识库景点卡,,,1,CN-POOL-20260904-r0,MCT内容ID=14101；来源文件=content_37.json
CN-P-001610,d4091e59d0040c18df62854cfef514fe5f457bab062084390a7a4f1494674abe,石嘴山市惠农区红果子镇马家湾村,,宁夏回族自治区,,,非A,乡村旅游重点村,unknown,pending,第二批全国乡村旅游重点村,https://www.mct.gov.cn/tourism/#/list,API目录ID-37/2026-09-04,,,尚未映射到可回跳的知识库景点卡,,,1,CN-POOL-20260904-r0,MCT内容ID=14102；来源文件=content_37.json
CN-P-001611,4fbdca7611cd8756ce90a8799f05a622143f536c9a4b253934b07c17b2c44aa9,固原市彭阳县城阳乡杨坪村,,宁夏回族自治区,,,非A,乡村旅游重点村,unknown,pending,第二批全国乡村旅游重点村,https://www.mct.gov.cn/tourism/#/list,API目录ID-37/2026-09-04,,,尚未映射到可回跳的知识库景点卡,,,1,CN-POOL-20260904-r0,MCT内容ID=14103；来源文件=content_37.json
CN-P-001612,ed03a4d3c7449761d8d0dcc4b0aeb29abe03a92afacc3bf9db4de5b0c0553bf7,固原市原州区河川乡寨洼村,,宁夏回族自治区,,,非A,乡村旅游重点村,unknown,pending,第二批全国乡村旅游重点村,https://www.mct.gov.cn/tourism/#/list,API目录ID-37/2026-09-04,,,尚未映射到可回跳的知识库景点卡,,,1,CN-POOL-20260904-r0,MCT内容ID=14104；来源文件=content_37.json
CN-P-001613,fbbaaea46a8e3044011b532752458ae4dee1b94d05d58eee0958a798623c47c5,吴忠市盐池县花马池镇曹泥洼村,,宁夏回族自治区,,,非A,乡村旅游重点村,unknown,pending,第二批全国乡村旅游重点村,https://www.mct.gov.cn/tourism/#/list,API目录ID-37/2026-09-04,,,尚未映射到可回跳的知识库景点卡,,,1,CN-POOL-20260904-r0,MCT内容ID=14105；来源文件=content_37.json
CN-P-001614,05c804fad7bd28f74e4788872ef43c6aa53db411af02202308c5b6bdac9da82f,中卫市中宁县石空镇太平村,,宁夏回族自治区,,,非A,乡村旅游重点村,unknown,pending,第二批全国乡村旅游重点村,https://www.mct.gov.cn/tourism/#/list,API目录ID-37/2026-09-04,,,尚未映射到可回跳的知识库景点卡,,,1,CN-POOL-20260904-r0,MCT内容ID=14106；来源文件=content_37.json
CN-P-001615,4f60230eb39fd1265be83c9c365e1ad4f861e8f532834627ff31320e6a0f0cd2,固原市隆德县观庄乡前庄村,,宁夏回族自治区,,,非A,乡村旅游重点村,unknown,pending,第二批全国乡村旅游重点村,https://www.mct.gov.cn/tourism/#/list,API目录ID-37/2026-09-04,,,尚未映射到可回跳的知识库景点卡,,,1,CN-POOL-20260904-r0,MCT内容ID=14107；来源文件=content_37.json
CN-P-001616,4870362a8273c72797cf3ef25d1c8e4d7c69ace690a68777065a91e776a57592,石嘴山市平罗县黄渠桥镇黄渠桥村,,宁夏回族自治区,,,非A,乡村旅游重点村,unknown,pending,第二批全国乡村旅游重点村,https://www.mct.gov.cn/tourism/#/list,API目录ID-37/2026-09-04,,,尚未映射到可回跳的知识库景点卡,,,1,CN-POOL-20260904-r0,MCT内容ID=14108；来源文件=content_37.json
CN-P-001617,b1d56dd5826162e2cc9b9ec19be728b006eaacf22a7355e74c7ec2820bb97088,中卫市沙坡头区迎水桥镇北长滩村,,宁夏回族自治区,,,非A,乡村旅游重点村,unknown,pending,第二批全国乡村旅游重点村,https://www.mct.gov.cn/tourism/#/list,API目录ID-37/2026-09-04,,,尚未映射到可回跳的知识库景点卡,,,1,CN-POOL-20260904-r0,MCT内容ID=14109；来源文件=content_37.json
CN-P-001618,e04388f94f62382fee13d336ab7cfb8fd64360534dcea44c029000c317e1a789,阿勒泰地区喀纳斯景区禾木哈纳斯蒙古族乡哈纳斯村,,新疆维吾尔自治区,,,非A,乡村旅游重点村,unknown,pending,第二批全国乡村旅游重点村,https://www.mct.gov.cn/tourism/#/list,API目录ID-37/2026-09-04,,,尚未映射到可回跳的知识库景点卡,,,1,CN-POOL-20260904-r0,MCT内容ID=14110；来源文件=content_37.json
CN-P-001619,df723973c6693e409e45610fc4c710d49073881fb19f0003bb934fc257145aac,伊犁哈萨克自治州新源县那拉提镇阿尔善村,,新疆维吾尔自治区,,,非A,乡村旅游重点村,unknown,pending,第二批全国乡村旅游重点村,https://www.mct.gov.cn/tourism/#/list,API目录ID-37/2026-09-04,,,尚未映射到可回跳的知识库景点卡,,,1,CN-POOL-20260904-r0,MCT内容ID=14111；来源文件=content_37.json
CN-P-001620,79310e6f0650b5a623de4d196bb4434e4e8ff4f406c51aaba32978d0299a21de,巴音郭楞蒙古自治州和静县巴音布鲁克镇巴西里格村,,新疆维吾尔自治区,,,非A,乡村旅游重点村,unknown,pending,第二批全国乡村旅游重点村,https://www.mct.gov.cn/tourism/#/list,API目录ID-37/2026-09-04,,,尚未映射到可回跳的知识库景点卡,,,1,CN-POOL-20260904-r0,MCT内容ID=14112；来源文件=content_37.json
CN-P-001621,466974ea441e321ad966f1fab06e2f2a6c9e14a819359d210fc11b9d15ccc37f,昌吉回族自治州木垒哈萨克自治县英格堡乡月亮地村,,新疆维吾尔自治区,,,非A,乡村旅游重点村,unknown,pending,第二批全国乡村旅游重点村,https://www.mct.gov.cn/tourism/#/list,API目录ID-37/2026-09-04,,,尚未映射到可回跳的知识库景点卡,,,1,CN-POOL-20260904-r0,MCT内容ID=14113；来源文件=content_37.json
CN-P-001622,0636e5680bb71f0bb317f2fc39a0b0e047fd9ff65acd2a61c4d6ac14ed32b2cd,阿克苏地区新和县依其艾日克镇加依村,,新疆维吾尔自治区,,,非A,乡村旅游重点村,unknown,pending,第二批全国乡村旅游重点村,https://www.mct.gov.cn/tourism/#/list,API目录ID-37/2026-09-04,,,尚未映射到可回跳的知识库景点卡,,,1,CN-POOL-20260904-r0,MCT内容ID=14114；来源文件=content_37.json
CN-P-001623,7f7e8ddf865b2b0006e472b1b4fdd5eaffdc3a22c3f38fb002a447c8bc94fa5d,伊犁哈萨克自治州霍城县芦草沟镇四宫村,,新疆维吾尔自治区,,,非A,乡村旅游重点村,unknown,pending,第二批全国乡村旅游重点村,https://www.mct.gov.cn/tourism/#/list,API目录ID-37/2026-09-04,,,尚未映射到可回跳的知识库景点卡,,,1,CN-POOL-20260904-r0,MCT内容ID=14115；来源文件=content_37.json
CN-P-001624,f62a1ff5eba28ed017030a67a74261f20951ebb7e6980ff6cedd95b01a82751b,和田地区洛浦县恰尔巴格乡阔恰艾日克村,,新疆维吾尔自治区,,,非A,乡村旅游重点村,unknown,pending,第二批全国乡村旅游重点村,https://www.mct.gov.cn/tourism/#/list,API目录ID-37/2026-09-04,,,尚未映射到可回跳的知识库景点卡,,,1,CN-POOL-20260904-r0,MCT内容ID=14116；来源文件=content_37.json
CN-P-001625,43cc937fe86b2d9cec0f65ab35752fed8bcb8e849b47d43b4e072970b564ac59,克孜勒苏柯尔克孜自治州阿克陶县奥依塔克镇奥依塔克村,,新疆维吾尔自治区,,,非A,乡村旅游重点村,unknown,pending,第二批全国乡村旅游重点村,https://www.mct.gov.cn/tourism/#/list,API目录ID-37/2026-09-04,,,尚未映射到可回跳的知识库景点卡,,,1,CN-POOL-20260904-r0,MCT内容ID=14117；来源文件=content_37.json
CN-P-001626,c5134eedac95b0c7060fcd1b5b0349a336491a3be994b84bbc8b7ba4c7fbe7ba,巴音郭楞蒙古自治州尉犁县兴平镇达西村,,新疆维吾尔自治区,,,非A,乡村旅游重点村,unknown,pending,第二批全国乡村旅游重点村,https://www.mct.gov.cn/tourism/#/list,API目录ID-37/2026-09-04,,,尚未映射到可回跳的知识库景点卡,,,1,CN-POOL-20260904-r0,MCT内容ID=14118；来源文件=content_37.json
CN-P-001627,9009c72c4ee024f71f7021746017152b6a7e70b4a7129ec7795ebb7f242df320,喀什地区泽普县国营林场长寿村,,新疆维吾尔自治区,,,非A,乡村旅游重点村,unknown,pending,第二批全国乡村旅游重点村,https://www.mct.gov.cn/tourism/#/list,API目录ID-37/2026-09-04,,,尚未映射到可回跳的知识库景点卡,,,1,CN-POOL-20260904-r0,MCT内容ID=14119；来源文件=content_37.json
CN-P-001628,a15faa4825976f29a7a8edc7ad887578ede09924d1b20a2e9f5f1ac57d2b3963,阿克苏地区温宿县柯柯牙镇塔格拉克村,,新疆维吾尔自治区,,,非A,乡村旅游重点村,unknown,pending,第二批全国乡村旅游重点村,https://www.mct.gov.cn/tourism/#/list,API目录ID-37/2026-09-04,,,尚未映射到可回跳的知识库景点卡,,,1,CN-POOL-20260904-r0,MCT内容ID=14120；来源文件=content_37.json
CN-P-001629,2eb35a762f861e09f906181eccc04830d99bc32c62fd1a06b78aa80b6702f4da,阿勒泰地区富蕴县可可托海镇塔拉特村,,新疆维吾尔自治区,,,非A,乡村旅游重点村,unknown,pending,第二批全国乡村旅游重点村,https://www.mct.gov.cn/tourism/#/list,API目录ID-37/2026-09-04,,,尚未映射到可回跳的知识库景点卡,,,1,CN-POOL-20260904-r0,MCT内容ID=14121；来源文件=content_37.json
CN-P-001630,4db938a7e97d8015a445a5633a234d84f1a21c975ef9cdc9faa4287cd088e3a5,和田地区于田县达里雅布依乡达里雅布依村,,新疆维吾尔自治区,,,非A,乡村旅游重点村,unknown,pending,第二批全国乡村旅游重点村,https://www.mct.gov.cn/tourism/#/list,API目录ID-37/2026-09-04,,,尚未映射到可回跳的知识库景点卡,,,1,CN-POOL-20260904-r0,MCT内容ID=14122；来源文件=content_37.json
CN-P-001631,38e8fead8e67af51aef4ac5da3636794d8ef548903ad61f4198b9ec1ad72500e,阿克苏地区拜城县康其乡阿热勒村,,新疆维吾尔自治区,,,非A,乡村旅游重点村,unknown,pending,第二批全国乡村旅游重点村,https://www.mct.gov.cn/tourism/#/list,API目录ID-37/2026-09-04,,,尚未映射到可回跳的知识库景点卡,,,1,CN-POOL-20260904-r0,MCT内容ID=14123；来源文件=content_37.json
CN-P-001632,179a32b2af0ca50599c2ffdf228df3b2811f5fd3ac13010759689914c9e57988,昌吉回族自治州阜康市城关镇山坡中心村,,新疆维吾尔自治区,,,非A,乡村旅游重点村,unknown,pending,第二批全国乡村旅游重点村,https://www.mct.gov.cn/tourism/#/list,API目录ID-37/2026-09-04,,,尚未映射到可回跳的知识库景点卡,,,1,CN-POOL-20260904-r0,MCT内容ID=14124；来源文件=content_37.json
CN-P-001633,b28112c810c0f4dadce4ada3f616c8b290378fe9c38bfdb06287fb7a9d8fcb2e,巴音郭楞蒙古自治州博湖县乌兰再格森乡乌图阿热勒村,,新疆维吾尔自治区,,,非A,乡村旅游重点村,unknown,pending,第二批全国乡村旅游重点村,https://www.mct.gov.cn/tourism/#/list,API目录ID-37/2026-09-04,,,尚未映射到可回跳的知识库景点卡,,,1,CN-POOL-20260904-r0,MCT内容ID=14125；来源文件=content_37.json
CN-P-001634,e115f916fd4af165459fa4411c63af0e866583cba83dbe864a6e867c45553c73,巴音郭楞蒙古自治州博湖县才坎诺尔乡拉罕诺尔村,,新疆维吾尔自治区,,,非A,乡村旅游重点村,unknown,pending,第二批全国乡村旅游重点村,https://www.mct.gov.cn/tourism/#/list,API目录ID-37/2026-09-04,,,尚未映射到可回跳的知识库景点卡,,,1,CN-POOL-20260904-r0,MCT内容ID=14126；来源文件=content_37.json
CN-P-001635,5952d96e01013a8f41773d3e7ed9226b2a716f933f6c24f8a44206088b141614,喀什地区岳普湖县岳普湖乡喀拉玉吉买村,,新疆维吾尔自治区,,,非A,乡村旅游重点村,unknown,pending,第二批全国乡村旅游重点村,https://www.mct.gov.cn/tourism/#/list,API目录ID-37/2026-09-04,,,尚未映射到可回跳的知识库景点卡,,,1,CN-POOL-20260904-r0,MCT内容ID=14127；来源文件=content_37.json
CN-P-001636,f632d2e7b60250897dad267f0b1b3972992377abec6cbecd3324075e5b61014a,和田地区和田市吉亚乡阔恰村,,新疆维吾尔自治区,,,非A,乡村旅游重点村,unknown,pending,第二批全国乡村旅游重点村,https://www.mct.gov.cn/tourism/#/list,API目录ID-37/2026-09-04,,,尚未映射到可回跳的知识库景点卡,,,1,CN-POOL-20260904-r0,MCT内容ID=14128；来源文件=content_37.json
CN-P-001637,3c4ee6098ccfc3cfbbc3f6580f7ba94e0708d8d916f745e5a4099b717a5bf3f1,伊犁哈萨克自治州昭苏县昭苏镇吐格勒勤布拉克村,,新疆维吾尔自治区,,,非A,乡村旅游重点村,unknown,pending,第二批全国乡村旅游重点村,https://www.mct.gov.cn/tourism/#/list,API目录ID-37/2026-09-04,,,尚未映射到可回跳的知识库景点卡,,,1,CN-POOL-20260904-r0,MCT内容ID=14129；来源文件=content_37.json
CN-P-001638,b52c9f4a5e93d426e1a3171bbcd6809929b5657b19ea762b22702eb16179359c,喀什地区莎车县米夏镇夏玛勒巴格村,,新疆维吾尔自治区,,,非A,乡村旅游重点村,unknown,pending,第二批全国乡村旅游重点村,https://www.mct.gov.cn/tourism/#/list,API目录ID-37/2026-09-04,,,尚未映射到可回跳的知识库景点卡,,,1,CN-POOL-20260904-r0,MCT内容ID=14130；来源文件=content_37.json
CN-P-001639,375b34e3c52c3f728d59d208a41ffeb114c2a367b8d094d09a4b20c9b8f2b8bf,昌吉回族自治州吉木萨尔县北庭镇古城村,,新疆维吾尔自治区,,,非A,乡村旅游重点村,unknown,pending,第二批全国乡村旅游重点村,https://www.mct.gov.cn/tourism/#/list,API目录ID-37/2026-09-04,,,尚未映射到可回跳的知识库景点卡,,,1,CN-POOL-20260904-r0,MCT内容ID=14131；来源文件=content_37.json
CN-P-001640,261a9502c250584a88af88dcabd9eef360ad37dcbfba920eb5e226a4ba130441,博尔塔拉蒙古自治州温泉县扎勒木特乡博格达尔村,,新疆维吾尔自治区,,,非A,乡村旅游重点村,unknown,pending,第二批全国乡村旅游重点村,https://www.mct.gov.cn/tourism/#/list,API目录ID-37/2026-09-04,,,尚未映射到可回跳的知识库景点卡,,,1,CN-POOL-20260904-r0,MCT内容ID=14132；来源文件=content_37.json
CN-P-001641,9bcf7765fe19b1af4fa1c51aa760d4ee71c743109b673d5f335def82017dd286,喀什地区喀什市帕哈太克里乡尤喀尔克喀库拉村,,新疆维吾尔自治区,,,非A,乡村旅游重点村,unknown,pending,第二批全国乡村旅游重点村,https://www.mct.gov.cn/tourism/#/list,API目录ID-37/2026-09-04,,,尚未映射到可回跳的知识库景点卡,,,1,CN-POOL-20260904-r0,MCT内容ID=14133；来源文件=content_37.json
CN-P-001642,dfaf509ec48ba557405cb34f3601de9e4f610aa1db0f2576210bd100b26fe50d,第十二师西山农牧场2连（烽火台小镇）,,新疆生产建设兵团,,,非A,乡村旅游重点村,unknown,pending,第二批全国乡村旅游重点村,https://www.mct.gov.cn/tourism/#/list,API目录ID-37/2026-09-04,,,尚未映射到可回跳的知识库景点卡,,,1,CN-POOL-20260904-r0,MCT内容ID=14134；来源文件=content_37.json
CN-P-001643,b182edc195b4ef7aec86250c298187f79a94a898c4ed1b5c7218169ae1cd8dad,第十师185团2连,,新疆生产建设兵团,,,非A,乡村旅游重点村,unknown,pending,第二批全国乡村旅游重点村,https://www.mct.gov.cn/tourism/#/list,API目录ID-37/2026-09-04,,,尚未映射到可回跳的知识库景点卡,,,1,CN-POOL-20260904-r0,MCT内容ID=14135；来源文件=content_37.json
CN-P-001644,48890c011fa3218d01f662a7f87a152de7dc622156d0142f74b0e90e29e0abf4,第十师185团1连,,新疆生产建设兵团,,,非A,乡村旅游重点村,unknown,pending,第二批全国乡村旅游重点村,https://www.mct.gov.cn/tourism/#/list,API目录ID-37/2026-09-04,,,尚未映射到可回跳的知识库景点卡,,,1,CN-POOL-20260904-r0,MCT内容ID=14136；来源文件=content_37.json
CN-P-001645,88d466b8bcbd34a5f02dff59a6901eb186844f31e02376b419fb9c5a40dd2455,第十二师头屯河农场3连,,新疆生产建设兵团,,,非A,乡村旅游重点村,unknown,pending,第二批全国乡村旅游重点村,https://www.mct.gov.cn/tourism/#/list,API目录ID-37/2026-09-04,,,尚未映射到可回跳的知识库景点卡,,,1,CN-POOL-20260904-r0,MCT内容ID=14137；来源文件=content_37.json
CN-P-001646,8a0c68023a1c1b6579172f5b739d418166de734f4ff716b12e48eb1bd733c0ff,第一师10团5连,,新疆生产建设兵团,,,非A,乡村旅游重点村,unknown,pending,第二批全国乡村旅游重点村,https://www.mct.gov.cn/tourism/#/list,API目录ID-37/2026-09-04,,,尚未映射到可回跳的知识库景点卡,,,1,CN-POOL-20260904-r0,MCT内容ID=14138；来源文件=content_37.json
CN-P-001647,2a0b44f9086f4ccb09def5cba7dcb53156e65aee7471e69fd5c210d5c06f6b3e,第八师121团7连,,新疆生产建设兵团,,,非A,乡村旅游重点村,unknown,pending,第二批全国乡村旅游重点村,https://www.mct.gov.cn/tourism/#/list,API目录ID-37/2026-09-04,,,尚未映射到可回跳的知识库景点卡,,,1,CN-POOL-20260904-r0,MCT内容ID=14139；来源文件=content_37.json
CN-P-001648,55cb69d723f32fbbb468e0da21a4a84d3b5f1fa2b7acabf62aeac37c2e9d2013,第九师161团6连,,新疆生产建设兵团,,,非A,乡村旅游重点村,unknown,pending,第二批全国乡村旅游重点村,https://www.mct.gov.cn/tourism/#/list,API目录ID-37/2026-09-04,,,尚未映射到可回跳的知识库景点卡,,,1,CN-POOL-20260904-r0,MCT内容ID=14140；来源文件=content_37.json
CN-P-001649,0bbbdb81c0825ad32bf91ddd00c05cddb5e98942edde781d8c81fba319a552e7,第四师76团1连,,新疆生产建设兵团,,,非A,乡村旅游重点村,unknown,pending,第二批全国乡村旅游重点村,https://www.mct.gov.cn/tourism/#/list,API目录ID-37/2026-09-04,,,尚未映射到可回跳的知识库景点卡,,,1,CN-POOL-20260904-r0,MCT内容ID=14141；来源文件=content_37.json
CN-P-001650,a27956d5e4cff70e48b2031c1643333c7045e1a6aa6e9f5f445616bf4ed565dd,第九师165团4连,,新疆生产建设兵团,,,非A,乡村旅游重点村,unknown,pending,第二批全国乡村旅游重点村,https://www.mct.gov.cn/tourism/#/list,API目录ID-37/2026-09-04,,,尚未映射到可回跳的知识库景点卡,,,1,CN-POOL-20260904-r0,MCT内容ID=14142；来源文件=content_37.json
CN-P-001651,f4f8daaaf08f47218de0041078bb48d77c231e6e99d1fed290657bd380d2e232,第五师83团1连,,新疆生产建设兵团,,,非A,乡村旅游重点村,unknown,pending,第二批全国乡村旅游重点村,https://www.mct.gov.cn/tourism/#/list,API目录ID-37/2026-09-04,,,尚未映射到可回跳的知识库景点卡,,,1,CN-POOL-20260904-r0,MCT内容ID=14143；来源文件=content_37.json
CN-P-001652,72eaf5479f4ff55aae83042d98b8617ede333737716aa44c76038ffed7065831,第四师71团7连,,新疆生产建设兵团,,,非A,乡村旅游重点村,unknown,pending,第二批全国乡村旅游重点村,https://www.mct.gov.cn/tourism/#/list,API目录ID-37/2026-09-04,,,尚未映射到可回跳的知识库景点卡,,,1,CN-POOL-20260904-r0,MCT内容ID=14144；来源文件=content_37.json
CN-P-001653,46d7b25822f5b77f74c2ff2c2b90970a6e478c79cf6d732f34439247e0f22352,第十三师红星一场3连,,新疆生产建设兵团,,,非A,乡村旅游重点村,unknown,pending,第二批全国乡村旅游重点村,https://www.mct.gov.cn/tourism/#/list,API目录ID-37/2026-09-04,,,尚未映射到可回跳的知识库景点卡,,,1,CN-POOL-20260904-r0,MCT内容ID=14145；来源文件=content_37.json
CN-P-001654,9eae044dc650309c041491dfbc49c4d2f6eae614810e80d559dac93a6a979fb7,第十师188团4连,,新疆生产建设兵团,,,非A,乡村旅游重点村,unknown,pending,第二批全国乡村旅游重点村,https://www.mct.gov.cn/tourism/#/list,API目录ID-37/2026-09-04,,,尚未映射到可回跳的知识库景点卡,,,1,CN-POOL-20260904-r0,MCT内容ID=14146；来源文件=content_37.json
CN-P-001655,128d52f6f23c83c1379e22b0da67e93d68173fa5772412affa8a13f26e490492,第五师86团22连,,新疆生产建设兵团,,,非A,乡村旅游重点村,unknown,pending,第二批全国乡村旅游重点村,https://www.mct.gov.cn/tourism/#/list,API目录ID-37/2026-09-04,,,尚未映射到可回跳的知识库景点卡,,,1,CN-POOL-20260904-r0,MCT内容ID=14147；来源文件=content_37.json
CN-P-001656,21cc88f11471d2065568b9145938c7cc0620d3d68bd2f809a681851f9c541ad6,第十三师红星二场3连,,新疆生产建设兵团,,,非A,乡村旅游重点村,unknown,pending,第二批全国乡村旅游重点村,https://www.mct.gov.cn/tourism/#/list,API目录ID-37/2026-09-04,,,尚未映射到可回跳的知识库景点卡,,,1,CN-POOL-20260904-r0,MCT内容ID=14148；来源文件=content_37.json
CN-P-001657,1ad032f03b6b4e107a7afabb3fe6b3f1c8cf0d2023fbf111d8596d733aa8d3a2,第四师62团3连,,新疆生产建设兵团,,,非A,乡村旅游重点村,unknown,pending,第二批全国乡村旅游重点村,https://www.mct.gov.cn/tourism/#/list,API目录ID-37/2026-09-04,,,尚未映射到可回跳的知识库景点卡,,,1,CN-POOL-20260904-r0,MCT内容ID=14149；来源文件=content_37.json
CN-P-001658,6b3e930eb4a995ac2e2dd76f956c5bfb0055de9d460782a3044334db0a6e3da2,第十二师104团畜牧连,,新疆生产建设兵团,,,非A,乡村旅游重点村,unknown,pending,第二批全国乡村旅游重点村,https://www.mct.gov.cn/tourism/#/list,API目录ID-37/2026-09-04,,,尚未映射到可回跳的知识库景点卡,,,1,CN-POOL-20260904-r0,MCT内容ID=14150；来源文件=content_37.json
CN-P-001659,64526f89e64cab87327d7876c098eeb4b30733f6b51fced6e2730a05cef070cd,北京市密云区古北口镇司马台村,,北京市,,,非A,乡村旅游重点村,unknown,pending,第三批全国乡村旅游重点村,https://www.mct.gov.cn/tourism/#/list,API目录ID-38/2026-09-04,,,尚未映射到可回跳的知识库景点卡,,,1,CN-POOL-20260904-r0,MCT内容ID=14151；来源文件=content_38.json
CN-P-001660,913c606ca22725086b8dcd0ee2a4cc5b474339d1b8f448ea2837b65b619d539a,北京市延庆区旧县镇盆窑村,,北京市,,,非A,乡村旅游重点村,unknown,pending,第三批全国乡村旅游重点村,https://www.mct.gov.cn/tourism/#/list,API目录ID-38/2026-09-04,,,尚未映射到可回跳的知识库景点卡,,,1,CN-POOL-20260904-r0,MCT内容ID=14152；来源文件=content_38.json
CN-P-001661,5aa311c63721972287bbe719d01901465f7663bd04f73120abcfa90ba0bc9ee1,北京市平谷区金海湖镇将军关村,,北京市,,,非A,乡村旅游重点村,unknown,pending,第三批全国乡村旅游重点村,https://www.mct.gov.cn/tourism/#/list,API目录ID-38/2026-09-04,,,尚未映射到可回跳的知识库景点卡,,,1,CN-POOL-20260904-r0,MCT内容ID=14153；来源文件=content_38.json
CN-P-001662,1001668157f788f3973e1678cd9800398ccb48ea4bc4be28c3394801db909ea3,北京市房山区大石窝镇王家磨村,,北京市,,,非A,乡村旅游重点村,unknown,pending,第三批全国乡村旅游重点村,https://www.mct.gov.cn/tourism/#/list,API目录ID-38/2026-09-04,,,尚未映射到可回跳的知识库景点卡,,,1,CN-POOL-20260904-r0,MCT内容ID=14154；来源文件=content_38.json
CN-P-001663,a9934f0920a5e275807b062aa719453b690d0ad329c0be45fb44fb337a277798,北京市门头沟区清水镇洪水口村,,北京市,,,非A,乡村旅游重点村,unknown,pending,第三批全国乡村旅游重点村,https://www.mct.gov.cn/tourism/#/list,API目录ID-38/2026-09-04,,,尚未映射到可回跳的知识库景点卡,,,1,CN-POOL-20260904-r0,MCT内容ID=14155；来源文件=content_38.json
CN-P-001664,9f4bf0f14087075aa7251b1bd448a89b6f94d9cef4ec640a4c88b685771c6633,北京市怀柔区汤河口镇庄户沟门村,,北京市,,,非A,乡村旅游重点村,unknown,pending,第三批全国乡村旅游重点村,https://www.mct.gov.cn/tourism/#/list,API目录ID-38/2026-09-04,,,尚未映射到可回跳的知识库景点卡,,,1,CN-POOL-20260904-r0,MCT内容ID=14156；来源文件=content_38.json
CN-P-001665,71a0488ccb0ce6836b3613b29a23a2949f1681189d9008a37a0a8c9d1eb7e3a6,天津市蓟州区穿芳峪镇东水厂村,,天津市,,,非A,乡村旅游重点村,unknown,pending,第三批全国乡村旅游重点村,https://www.mct.gov.cn/tourism/#/list,API目录ID-38/2026-09-04,,,尚未映射到可回跳的知识库景点卡,,,1,CN-POOL-20260904-r0,MCT内容ID=14157；来源文件=content_38.json
CN-P-001666,65a3fa9f9670d92f5ff49370bc58fec70896fb85eda2071b6123bed785e2b69b,天津市蓟州区下营镇前干涧村,,天津市,,,非A,乡村旅游重点村,unknown,pending,第三批全国乡村旅游重点村,https://www.mct.gov.cn/tourism/#/list,API目录ID-38/2026-09-04,,,尚未映射到可回跳的知识库景点卡,,,1,CN-POOL-20260904-r0,MCT内容ID=14158；来源文件=content_38.json
CN-P-001667,ad2458be7b2e1987c5bde3ba4b06368b39e39fdeea7acc16afc4773e364a9ffe,天津市津南区北闸口镇前进村,,天津市,,,非A,乡村旅游重点村,unknown,pending,第三批全国乡村旅游重点村,https://www.mct.gov.cn/tourism/#/list,API目录ID-38/2026-09-04,,,尚未映射到可回跳的知识库景点卡,,,1,CN-POOL-20260904-r0,MCT内容ID=14159；来源文件=content_38.json
CN-P-001668,b8a9aa7cc5c6cdafda848858849431bffe2e7730363435a46fe5c07c401f2cdc,天津市北辰区青光镇韩家墅村,,天津市,,,非A,乡村旅游重点村,unknown,pending,第三批全国乡村旅游重点村,https://www.mct.gov.cn/tourism/#/list,API目录ID-38/2026-09-04,,,尚未映射到可回跳的知识库景点卡,,,1,CN-POOL-20260904-r0,MCT内容ID=14160；来源文件=content_38.json
CN-P-001669,9f461d1a4e8ab7ea00d75051f12eb1afa047bb44af3c0aec79d7b46cd1568fb8,天津市宁河区板桥镇盆罐庄村,,天津市,,,非A,乡村旅游重点村,unknown,pending,第三批全国乡村旅游重点村,https://www.mct.gov.cn/tourism/#/list,API目录ID-38/2026-09-04,,,尚未映射到可回跳的知识库景点卡,,,1,CN-POOL-20260904-r0,MCT内容ID=14161；来源文件=content_38.json
CN-P-001670,270db13b657175043afee4c05bd3b8ffa95f4533b787fe549f18785d20fe2142,河北省邯郸市武安市淑村镇白沙村,,河北省,,,非A,乡村旅游重点村,unknown,pending,第三批全国乡村旅游重点村,https://www.mct.gov.cn/tourism/#/list,API目录ID-38/2026-09-04,,,尚未映射到可回跳的知识库景点卡,,,1,CN-POOL-20260904-r0,MCT内容ID=14162；来源文件=content_38.json
CN-P-001671,1a587479b9aba08f9bfc8e7ea6bfb3e76a6d7000af9ce64cc2ce8a20f5074588,河北省张家口市张北县小二台镇德胜村,,河北省,,,非A,乡村旅游重点村,unknown,pending,第三批全国乡村旅游重点村,https://www.mct.gov.cn/tourism/#/list,API目录ID-38/2026-09-04,,,尚未映射到可回跳的知识库景点卡,,,1,CN-POOL-20260904-r0,MCT内容ID=14163；来源文件=content_38.json
CN-P-001672,b60f8867485428759849249e96f818107e415043b5611173eef1e96ec8649cd6,河北省石家庄市平山县西柏坡镇北庄村,,河北省,,,非A,乡村旅游重点村,unknown,pending,第三批全国乡村旅游重点村,https://www.mct.gov.cn/tourism/#/list,API目录ID-38/2026-09-04,,,尚未映射到可回跳的知识库景点卡,,,1,CN-POOL-20260904-r0,MCT内容ID=14164；来源文件=content_38.json
CN-P-001673,a26537e264ab24dddf136d606d6b966ce85b3d4173a6aaf67edfccbd3159e9aa,河北省衡水市故城县房庄镇吴梧茂村,,河北省,,,非A,乡村旅游重点村,unknown,pending,第三批全国乡村旅游重点村,https://www.mct.gov.cn/tourism/#/list,API目录ID-38/2026-09-04,,,尚未映射到可回跳的知识库景点卡,,,1,CN-POOL-20260904-r0,MCT内容ID=14165；来源文件=content_38.json
CN-P-001674,e351b1b3b2a34e18cfb6a676baf4a5f2ba7c88e9d8d47e4e3dbbbec49aa63926,河北省邢台市内丘县侯家庄乡岗底村,,河北省,,,非A,乡村旅游重点村,unknown,pending,第三批全国乡村旅游重点村,https://www.mct.gov.cn/tourism/#/list,API目录ID-38/2026-09-04,,,尚未映射到可回跳的知识库景点卡,,,1,CN-POOL-20260904-r0,MCT内容ID=14166；来源文件=content_38.json
CN-P-001675,037f5594167c058ef47813ff2a7c73206d22ea471210a46f41008731a5137383,河北省承德市隆化县七家镇温泉村,,河北省,,,非A,乡村旅游重点村,unknown,pending,第三批全国乡村旅游重点村,https://www.mct.gov.cn/tourism/#/list,API目录ID-38/2026-09-04,,,尚未映射到可回跳的知识库景点卡,,,1,CN-POOL-20260904-r0,MCT内容ID=14167；来源文件=content_38.json
CN-P-001676,b383b7ca9a1642f43bf1024a42c66465a9c88ac8754d0e700b35fc8bb2792105,河北省邢台市宁晋县贾家口镇黄儿营西村,,河北省,,,非A,乡村旅游重点村,unknown,pending,第三批全国乡村旅游重点村,https://www.mct.gov.cn/tourism/#/list,API目录ID-38/2026-09-04,,,尚未映射到可回跳的知识库景点卡,,,1,CN-POOL-20260904-r0,MCT内容ID=14168；来源文件=content_38.json
CN-P-001677,486d4fee2e1217ffe8bf4582fae92badd3062fa7e72bf1753d516048353fddb3,山西省太原市娄烦县静游镇峰岭底村,,山西省,,,非A,乡村旅游重点村,unknown,pending,第三批全国乡村旅游重点村,https://www.mct.gov.cn/tourism/#/list,API目录ID-38/2026-09-04,,,尚未映射到可回跳的知识库景点卡,,,1,CN-POOL-20260904-r0,MCT内容ID=14169；来源文件=content_38.json
CN-P-001678,409d4db378c4fd7989ba76935356c13ceebc45b9b895dd25a2a5434cdf63dcd1,山西省忻州市偏关县老牛湾镇老牛湾村,,山西省,,,非A,乡村旅游重点村,unknown,pending,第三批全国乡村旅游重点村,https://www.mct.gov.cn/tourism/#/list,API目录ID-38/2026-09-04,,,尚未映射到可回跳的知识库景点卡,,,1,CN-POOL-20260904-r0,MCT内容ID=14170；来源文件=content_38.json
CN-P-001679,9749cdbedf52addf27635c1c93c5c658c6a92de336d4804d828d0f2b2af590bf,山西省阳泉市盂县孙家庄镇王炭咀村,,山西省,,,非A,乡村旅游重点村,unknown,pending,第三批全国乡村旅游重点村,https://www.mct.gov.cn/tourism/#/list,API目录ID-38/2026-09-04,,,尚未映射到可回跳的知识库景点卡,,,1,CN-POOL-20260904-r0,MCT内容ID=14171；来源文件=content_38.json
CN-P-001680,8be21b2d943d5ede128a3cda4d10b228b8a819e08ec4c4b470594906f360ee11,山西省晋中市寿阳县宗艾镇下洲村,,山西省,,,非A,乡村旅游重点村,unknown,pending,第三批全国乡村旅游重点村,https://www.mct.gov.cn/tourism/#/list,API目录ID-38/2026-09-04,,,尚未映射到可回跳的知识库景点卡,,,1,CN-POOL-20260904-r0,MCT内容ID=14172；来源文件=content_38.json
CN-P-001681,e63273f7538f364f68c03cc3e9e70c9d0f64a075fee353be94d3547f7dece92e,山西省长治市平顺县石城镇岳家寨村,,山西省,,,非A,乡村旅游重点村,unknown,pending,第三批全国乡村旅游重点村,https://www.mct.gov.cn/tourism/#/list,API目录ID-38/2026-09-04,,,尚未映射到可回跳的知识库景点卡,,,1,CN-POOL-20260904-r0,MCT内容ID=14173；来源文件=content_38.json
CN-P-001682,ad00afcbd6ec2e7efc7ae904360966bab3743cef05cc524fb88421b760e30f34,山西省临汾市永和县乾坤湾乡东征村,,山西省,,,非A,乡村旅游重点村,unknown,pending,第三批全国乡村旅游重点村,https://www.mct.gov.cn/tourism/#/list,API目录ID-38/2026-09-04,,,尚未映射到可回跳的知识库景点卡,,,1,CN-POOL-20260904-r0,MCT内容ID=14174；来源文件=content_38.json
CN-P-001683,42cdb7ac389828353ef734399b3284116fb07d244f52190cbf2d17cc3554e5e9,山西省运城市河津市清涧街道龙门村,,山西省,,,非A,乡村旅游重点村,unknown,pending,第三批全国乡村旅游重点村,https://www.mct.gov.cn/tourism/#/list,API目录ID-38/2026-09-04,,,尚未映射到可回跳的知识库景点卡,,,1,CN-POOL-20260904-r0,MCT内容ID=14175；来源文件=content_38.json
CN-P-001684,7046e3204f7c9ece0a6ec1e5d76e9037e5347f1eb4f37fbe4252e331936cd8f5,内蒙古自治区赤峰市松山区大庙镇小庙子村,,内蒙古自治区,,,非A,乡村旅游重点村,unknown,pending,第三批全国乡村旅游重点村,https://www.mct.gov.cn/tourism/#/list,API目录ID-38/2026-09-04,,,尚未映射到可回跳的知识库景点卡,,,1,CN-POOL-20260904-r0,MCT内容ID=14176；来源文件=content_38.json
CN-P-001685,d45488d367493a163b70443d1c10c9092740219e1bb1a320b6c4eed56d97701e,内蒙古自治区呼和浩特市和林格尔县新店子镇胶泥湾村,,内蒙古自治区,,,非A,乡村旅游重点村,unknown,pending,第三批全国乡村旅游重点村,https://www.mct.gov.cn/tourism/#/list,API目录ID-38/2026-09-04,,,尚未映射到可回跳的知识库景点卡,,,1,CN-POOL-20260904-r0,MCT内容ID=14177；来源文件=content_38.json
CN-P-001686,bcf84b80588db56d49beaf565c30ccac7ca51973a342d0e8d191bd1f0d2a3df0,内蒙古自治区兴安盟阿尔山市明水河镇西口村,,内蒙古自治区,,,非A,乡村旅游重点村,unknown,pending,第三批全国乡村旅游重点村,https://www.mct.gov.cn/tourism/#/list,API目录ID-38/2026-09-04,,,尚未映射到可回跳的知识库景点卡,,,1,CN-POOL-20260904-r0,MCT内容ID=14178；来源文件=content_38.json
CN-P-001687,e4668578ef016eef39ed7a2e4a8326590d03a407cacb39fad4816486219961c9,内蒙古自治区呼伦贝尔市鄂温克族自治旗巴彦塔拉达斡尔民族乡伊兰嘎查,,内蒙古自治区,,,非A,乡村旅游重点村,unknown,pending,第三批全国乡村旅游重点村,https://www.mct.gov.cn/tourism/#/list,API目录ID-38/2026-09-04,,,尚未映射到可回跳的知识库景点卡,,,1,CN-POOL-20260904-r0,MCT内容ID=14179；来源文件=content_38.json
CN-P-001688,685249cb3328b22ce4a818d7a860e99e72321a3e6155a9d0af8ec410fd91e5b0,内蒙古自治区乌兰察布市兴和县店子镇卢家营村,,内蒙古自治区,,,非A,乡村旅游重点村,unknown,pending,第三批全国乡村旅游重点村,https://www.mct.gov.cn/tourism/#/list,API目录ID-38/2026-09-04,,,尚未映射到可回跳的知识库景点卡,,,1,CN-POOL-20260904-r0,MCT内容ID=14180；来源文件=content_38.json
CN-P-001689,a75bed2fd4098d0a68bee1c3f4beb38dd5eda5ce25cec04d82d16d96bad0acb0,内蒙古自治区巴彦淖尔市杭锦后旗双庙镇太荣村,,内蒙古自治区,,,非A,乡村旅游重点村,unknown,pending,第三批全国乡村旅游重点村,https://www.mct.gov.cn/tourism/#/list,API目录ID-38/2026-09-04,,,尚未映射到可回跳的知识库景点卡,,,1,CN-POOL-20260904-r0,MCT内容ID=14181；来源文件=content_38.json
CN-P-001690,b667aeb0f3b49433c357b91b51ebe1527e6b5fc707d9e8923f32d4ab4b79347d,辽宁省锦州市凌海市温滴楼镇边墙子村,,辽宁省,,,非A,乡村旅游重点村,unknown,pending,第三批全国乡村旅游重点村,https://www.mct.gov.cn/tourism/#/list,API目录ID-38/2026-09-04,,,尚未映射到可回跳的知识库景点卡,,,1,CN-POOL-20260904-r0,MCT内容ID=14182；来源文件=content_38.json
CN-P-001691,7d98b8858d8520c020725f78ea20fb77d228b6bfffa745d9dd978a9bf0866084,辽宁省朝阳市凌源市大王杖子乡宫家烧锅村,,辽宁省,,,非A,乡村旅游重点村,unknown,pending,第三批全国乡村旅游重点村,https://www.mct.gov.cn/tourism/#/list,API目录ID-38/2026-09-04,,,尚未映射到可回跳的知识库景点卡,,,1,CN-POOL-20260904-r0,MCT内容ID=14183；来源文件=content_38.json
CN-P-001692,2a1eab0bd4dcf333839ffba17f69c27a99bbc21f00c7e15e0574c19ee89f3c41,辽宁省辽阳市辽阳县刘二堡镇前杜村,,辽宁省,,,非A,乡村旅游重点村,unknown,pending,第三批全国乡村旅游重点村,https://www.mct.gov.cn/tourism/#/list,API目录ID-38/2026-09-04,,,尚未映射到可回跳的知识库景点卡,,,1,CN-POOL-20260904-r0,MCT内容ID=14184；来源文件=content_38.json
CN-P-001693,085cc3ffede387f3f1ea2a1af10f1099ab3bf462f1fbc8c1d981291c5112ea1e,辽宁省营口市鲅鱼圈区芦屯镇小望海村,,辽宁省,,,非A,乡村旅游重点村,unknown,pending,第三批全国乡村旅游重点村,https://www.mct.gov.cn/tourism/#/list,API目录ID-38/2026-09-04,,,尚未映射到可回跳的知识库景点卡,,,1,CN-POOL-20260904-r0,MCT内容ID=14185；来源文件=content_38.json
CN-P-001694,b5f895b55af39fd5f7fc9ba3cb3c354b8f7ee41f11664fad5bb095b77232dd0c,辽宁省葫芦岛市兴城市三道沟满族乡头道沟村,,辽宁省,,,非A,乡村旅游重点村,unknown,pending,第三批全国乡村旅游重点村,https://www.mct.gov.cn/tourism/#/list,API目录ID-38/2026-09-04,,,尚未映射到可回跳的知识库景点卡,,,1,CN-POOL-20260904-r0,MCT内容ID=14186；来源文件=content_38.json
CN-P-001695,01a261553edef1cefb494fea17dfb7206d662e960fdaf0e17aaf9ae12b89761d,吉林省长春市双阳区太平镇小石村,,吉林省,,,非A,乡村旅游重点村,unknown,pending,第三批全国乡村旅游重点村,https://www.mct.gov.cn/tourism/#/list,API目录ID-38/2026-09-04,,,尚未映射到可回跳的知识库景点卡,,,1,CN-POOL-20260904-r0,MCT内容ID=14187；来源文件=content_38.json
CN-P-001696,0c7040c45a0d906d69a2fd4a7ae13d85e750be1f4afe172cf5e6187e79f4ff91,吉林省吉林市桦甸市桦郊乡晓光村,,吉林省,,,非A,乡村旅游重点村,unknown,pending,第三批全国乡村旅游重点村,https://www.mct.gov.cn/tourism/#/list,API目录ID-38/2026-09-04,,,尚未映射到可回跳的知识库景点卡,,,1,CN-POOL-20260904-r0,MCT内容ID=14188；来源文件=content_38.json
CN-P-001697,393fff47665b46a873f18647be4aae4b0b784e58db1885ad1dc14eb8e41a03ad,吉林省延边朝鲜族自治州龙井市智新镇明东村,,吉林省,,,非A,乡村旅游重点村,unknown,pending,第三批全国乡村旅游重点村,https://www.mct.gov.cn/tourism/#/list,API目录ID-38/2026-09-04,,,尚未映射到可回跳的知识库景点卡,,,1,CN-POOL-20260904-r0,MCT内容ID=14189；来源文件=content_38.json
CN-P-001698,6e026b69706e231b4f23c90fcafd187ac40cc932aa5e64066c9ad67285e300cf,吉林省白山市长白朝鲜族自治县马鹿沟镇果园民俗村,,吉林省,,,非A,乡村旅游重点村,unknown,pending,第三批全国乡村旅游重点村,https://www.mct.gov.cn/tourism/#/list,API目录ID-38/2026-09-04,,,尚未映射到可回跳的知识库景点卡,,,1,CN-POOL-20260904-r0,MCT内容ID=14190；来源文件=content_38.json
CN-P-001699,e878f83c09b7e9100846642c29cdfbd85703f7756325847bbc47849039ed7a11,吉林省通化市东昌区金厂镇夹皮沟村,,吉林省,,,非A,乡村旅游重点村,unknown,pending,第三批全国乡村旅游重点村,https://www.mct.gov.cn/tourism/#/list,API目录ID-38/2026-09-04,,,尚未映射到可回跳的知识库景点卡,,,1,CN-POOL-20260904-r0,MCT内容ID=14191；来源文件=content_38.json
CN-P-001700,50e2cd81f485a2d11b3aa986e26f43a1861f93b285f8a59810e58cd24cb0bf30,吉林省白城市通榆县向海蒙古族乡向海村,,吉林省,,,非A,乡村旅游重点村,unknown,pending,第三批全国乡村旅游重点村,https://www.mct.gov.cn/tourism/#/list,API目录ID-38/2026-09-04,,,尚未映射到可回跳的知识库景点卡,,,1,CN-POOL-20260904-r0,MCT内容ID=14192；来源文件=content_38.json
CN-P-001701,0fafc112d96be496c39d29b2f787f8e42a5ffd53bb29d46dc2996b2e1d5bffea,黑龙江省齐齐哈尔市梅里斯达斡尔族区雅尔塞镇哈拉新村,,黑龙江省,,,非A,乡村旅游重点村,unknown,pending,第三批全国乡村旅游重点村,https://www.mct.gov.cn/tourism/#/list,API目录ID-38/2026-09-04,,,尚未映射到可回跳的知识库景点卡,,,1,CN-POOL-20260904-r0,MCT内容ID=14193；来源文件=content_38.json
CN-P-001702,3ec980e24caef18ce2a15af4f641f5e9297e04d1b15c3d7c36fd9a7a8924448b,黑龙江省牡丹江市穆棱市下城子镇孤榆树村,,黑龙江省,,,非A,乡村旅游重点村,unknown,pending,第三批全国乡村旅游重点村,https://www.mct.gov.cn/tourism/#/list,API目录ID-38/2026-09-04,,,尚未映射到可回跳的知识库景点卡,,,1,CN-POOL-20260904-r0,MCT内容ID=14194；来源文件=content_38.json
CN-P-001703,7339c984813e46425058555e50417c6745f7f79d99fc908fd23dbfbf853fc0b3,黑龙江省佳木斯市同江市八岔赫哲族乡八岔村,,黑龙江省,,,非A,乡村旅游重点村,unknown,pending,第三批全国乡村旅游重点村,https://www.mct.gov.cn/tourism/#/list,API目录ID-38/2026-09-04,,,尚未映射到可回跳的知识库景点卡,,,1,CN-POOL-20260904-r0,MCT内容ID=14195；来源文件=content_38.json
CN-P-001704,77092658a7b1466d85268a8be2d14b50c7e0ee93cea1a2c8901af389f6469dc9,黑龙江省大庆市林甸县四合乡联合村,,黑龙江省,,,非A,乡村旅游重点村,unknown,pending,第三批全国乡村旅游重点村,https://www.mct.gov.cn/tourism/#/list,API目录ID-38/2026-09-04,,,尚未映射到可回跳的知识库景点卡,,,1,CN-POOL-20260904-r0,MCT内容ID=14196；来源文件=content_38.json
CN-P-001705,71b48da5c051ef93f28a43b5d35407c2ee13a7d50600d6664bb22b70f1b25342,黑龙江省黑河市爱辉区瑷珲镇外三道沟村,,黑龙江省,,,非A,乡村旅游重点村,unknown,pending,第三批全国乡村旅游重点村,https://www.mct.gov.cn/tourism/#/list,API目录ID-38/2026-09-04,,,尚未映射到可回跳的知识库景点卡,,,1,CN-POOL-20260904-r0,MCT内容ID=14197；来源文件=content_38.json
CN-P-001706,9e4ebe456b208ff7ed50b012be5721a3602b374e440ddf463f88540852ffa2e5,黑龙江省伊春市铁力市工农乡北星村,,黑龙江省,,,非A,乡村旅游重点村,unknown,pending,第三批全国乡村旅游重点村,https://www.mct.gov.cn/tourism/#/list,API目录ID-38/2026-09-04,,,尚未映射到可回跳的知识库景点卡,,,1,CN-POOL-20260904-r0,MCT内容ID=14198；来源文件=content_38.json
CN-P-001707,99209f5f17285924f0ea53ca3fc6a535f6c81a50bb36b7826521046f1e59a210,上海市青浦区金泽镇莲湖村,,上海市,,,非A,乡村旅游重点村,unknown,pending,第三批全国乡村旅游重点村,https://www.mct.gov.cn/tourism/#/list,API目录ID-38/2026-09-04,,,尚未映射到可回跳的知识库景点卡,,,1,CN-POOL-20260904-r0,MCT内容ID=14199；来源文件=content_38.json
CN-P-001708,7dfcd3f3adc5e5b34856f42a5e257b6e3ce4c76b67a2fb82b1d7803f5daf3c25,上海市金山区漕泾镇水库村,,上海市,,,非A,乡村旅游重点村,unknown,pending,第三批全国乡村旅游重点村,https://www.mct.gov.cn/tourism/#/list,API目录ID-38/2026-09-04,,,尚未映射到可回跳的知识库景点卡,,,1,CN-POOL-20260904-r0,MCT内容ID=14200；来源文件=content_38.json
CN-P-001709,c698a6758b204b48ed2b5539f68445d913c87127a3bfa73134c3e28a7e325512,上海市嘉定区安亭镇向阳村,,上海市,,,非A,乡村旅游重点村,unknown,pending,第三批全国乡村旅游重点村,https://www.mct.gov.cn/tourism/#/list,API目录ID-38/2026-09-04,,,尚未映射到可回跳的知识库景点卡,,,1,CN-POOL-20260904-r0,MCT内容ID=14201；来源文件=content_38.json
CN-P-001710,65f4b940d9927c616517989a4e252a2474cd587859675f21f4d954a6aceba705,上海市宝山区月浦镇聚源桥村,,上海市,,,非A,乡村旅游重点村,unknown,pending,第三批全国乡村旅游重点村,https://www.mct.gov.cn/tourism/#/list,API目录ID-38/2026-09-04,,,尚未映射到可回跳的知识库景点卡,,,1,CN-POOL-20260904-r0,MCT内容ID=14202；来源文件=content_38.json
CN-P-001711,638a9f37cf2e4b8f72106eeb6d7a3bf7e18c25a639ddbdce18fb76850467e95e,上海市崇明区新河镇井亭村,,上海市,,,非A,乡村旅游重点村,unknown,pending,第三批全国乡村旅游重点村,https://www.mct.gov.cn/tourism/#/list,API目录ID-38/2026-09-04,,,尚未映射到可回跳的知识库景点卡,,,1,CN-POOL-20260904-r0,MCT内容ID=14203；来源文件=content_38.json
CN-P-001712,29eff50d67c3cf49e665c312048b5c4a8eda304e264f5d6961e2b006bd332014,江苏省南京市浦口区永宁街道大埝社区,,江苏省,,,非A,乡村旅游重点村,unknown,pending,第三批全国乡村旅游重点村,https://www.mct.gov.cn/tourism/#/list,API目录ID-38/2026-09-04,,,尚未映射到可回跳的知识库景点卡,,,1,CN-POOL-20260904-r0,MCT内容ID=14204；来源文件=content_38.json
CN-P-001713,52fbe07299a4682a9765dec23049592e4e0cde3ab187e5b1e9df5f61de3595eb,江苏省苏州市吴中区越溪街道旺山村,,江苏省,,,非A,乡村旅游重点村,unknown,pending,第三批全国乡村旅游重点村,https://www.mct.gov.cn/tourism/#/list,API目录ID-38/2026-09-04,,,尚未映射到可回跳的知识库景点卡,,,1,CN-POOL-20260904-r0,MCT内容ID=14205；来源文件=content_38.json
CN-P-001714,a10ead2be7cbe2aa233efd699ce392a93e2c4def11c4d9d08a6fc8d974edd971,江苏省徐州市沛县大屯街道安庄社区,,江苏省,,,非A,乡村旅游重点村,unknown,pending,第三批全国乡村旅游重点村,https://www.mct.gov.cn/tourism/#/list,API目录ID-38/2026-09-04,,,尚未映射到可回跳的知识库景点卡,,,1,CN-POOL-20260904-r0,MCT内容ID=14206；来源文件=content_38.json
CN-P-001715,e88225b9a87c20e3580862f5f76aa5668c9d7c6d45f4b921214c499a1a47b360,江苏省盐城市东台市弶港镇巴斗村,,江苏省,,,非A,乡村旅游重点村,unknown,pending,第三批全国乡村旅游重点村,https://www.mct.gov.cn/tourism/#/list,API目录ID-38/2026-09-04,,,尚未映射到可回跳的知识库景点卡,,,1,CN-POOL-20260904-r0,MCT内容ID=14207；来源文件=content_38.json
CN-P-001716,e8ef3203e83959221226e595fa5186b6e50a32ba29440d24b6ba743a0d2fa13e,江苏省扬州市邗江区方巷镇沿湖村,,江苏省,,,非A,乡村旅游重点村,unknown,pending,第三批全国乡村旅游重点村,https://www.mct.gov.cn/tourism/#/list,API目录ID-38/2026-09-04,,,尚未映射到可回跳的知识库景点卡,,,1,CN-POOL-20260904-r0,MCT内容ID=14208；来源文件=content_38.json
CN-P-001717,5c6ba2d68c9125d1dac035d7bfae041ced625157322a78befde51eb20c4eac17,江苏省泰州市高港区白马镇陈家村,,江苏省,,,非A,乡村旅游重点村,unknown,pending,第三批全国乡村旅游重点村,https://www.mct.gov.cn/tourism/#/list,API目录ID-38/2026-09-04,,,尚未映射到可回跳的知识库景点卡,,,1,CN-POOL-20260904-r0,MCT内容ID=14209；来源文件=content_38.json
CN-P-001718,a2a166ebd5434f87b818c5bd071418335bc024612c4d8e6eac93dadc305ad4db,江苏省宿迁市宿城区耿车镇刘圩村,,江苏省,,,非A,乡村旅游重点村,unknown,pending,第三批全国乡村旅游重点村,https://www.mct.gov.cn/tourism/#/list,API目录ID-38/2026-09-04,,,尚未映射到可回跳的知识库景点卡,,,1,CN-POOL-20260904-r0,MCT内容ID=14210；来源文件=content_38.json
CN-P-001719,3db2f454d1eb042f578ca2069d9566e3d2fa80230b871793dd946c14109f5f41,浙江省杭州市余杭区径山镇小古城村,,浙江省,,,非A,乡村旅游重点村,unknown,pending,第三批全国乡村旅游重点村,https://www.mct.gov.cn/tourism/#/list,API目录ID-38/2026-09-04,,,尚未映射到可回跳的知识库景点卡,,,1,CN-POOL-20260904-r0,MCT内容ID=14211；来源文件=content_38.json
CN-P-001720,a46b90e089d44d84c8114ab82abe22c7e55b0de6940d88278f0494b9fe5430fc,浙江省湖州市吴兴区妙西镇妙山村,,浙江省,,,非A,乡村旅游重点村,unknown,pending,第三批全国乡村旅游重点村,https://www.mct.gov.cn/tourism/#/list,API目录ID-38/2026-09-04,,,尚未映射到可回跳的知识库景点卡,,,1,CN-POOL-20260904-r0,MCT内容ID=14212；来源文件=content_38.json
CN-P-001721,fc0eeb680fc56be9e05e9aa900895ad0988a28645000e10e1606bcaa904aa47e,浙江省绍兴市柯桥区湖塘街道香林村,,浙江省,,,非A,乡村旅游重点村,unknown,pending,第三批全国乡村旅游重点村,https://www.mct.gov.cn/tourism/#/list,API目录ID-38/2026-09-04,,,尚未映射到可回跳的知识库景点卡,,,1,CN-POOL-20260904-r0,MCT内容ID=14213；来源文件=content_38.json
CN-P-001722,d6927bac26101b88bc6f36dbffb15236cf782ebedf1e87bb9310cd216cc1364b,浙江省金华市武义县俞源乡俞源村,,浙江省,,,非A,乡村旅游重点村,unknown,pending,第三批全国乡村旅游重点村,https://www.mct.gov.cn/tourism/#/list,API目录ID-38/2026-09-04,,,尚未映射到可回跳的知识库景点卡,,,1,CN-POOL-20260904-r0,MCT内容ID=14214；来源文件=content_38.json
CN-P-001723,ca2a0e028a7f3ada89f4473b9382868954255ff27b60592420595ca19b6af178,浙江省舟山市定海区马岙街道马岙村,,浙江省,,,非A,乡村旅游重点村,unknown,pending,第三批全国乡村旅游重点村,https://www.mct.gov.cn/tourism/#/list,API目录ID-38/2026-09-04,,,尚未映射到可回跳的知识库景点卡,,,1,CN-POOL-20260904-r0,MCT内容ID=14215；来源文件=content_38.json
CN-P-001724,e9e3528b572456d337a7ffc24b28a112162f533a324b254b67f037f916df266e,浙江省台州市天台县街头镇后岸村,,浙江省,,,非A,乡村旅游重点村,unknown,pending,第三批全国乡村旅游重点村,https://www.mct.gov.cn/tourism/#/list,API目录ID-38/2026-09-04,,,尚未映射到可回跳的知识库景点卡,,,1,CN-POOL-20260904-r0,MCT内容ID=14216；来源文件=content_38.json
CN-P-001725,1839ef384a11fcf784cbc2f12f480af39408d825c7fa66c3ff8eaecf0b5805f6,浙江省丽水市云和县赤石乡赤石村,,浙江省,,,非A,乡村旅游重点村,unknown,pending,第三批全国乡村旅游重点村,https://www.mct.gov.cn/tourism/#/list,API目录ID-38/2026-09-04,,,尚未映射到可回跳的知识库景点卡,,,1,CN-POOL-20260904-r0,MCT内容ID=14217；来源文件=content_38.json
CN-P-001726,7470feb0be3e8bfac1ba3b8f92cfa96c0d29e245150440da36c4c0aa6a39c7f5,安徽省黄山市徽州区潜口镇唐模村,,安徽省,,,非A,乡村旅游重点村,unknown,pending,第三批全国乡村旅游重点村,https://www.mct.gov.cn/tourism/#/list,API目录ID-38/2026-09-04,,,尚未映射到可回跳的知识库景点卡,,,1,CN-POOL-20260904-r0,MCT内容ID=14218；来源文件=content_38.json
CN-P-001727,ce5272f10b0cc77eb0dfa9aa039335e9e656e5be42193e516cc4fff2e28367f4,安徽省滁州市南谯区施集镇井楠村,,安徽省,,,非A,乡村旅游重点村,unknown,pending,第三批全国乡村旅游重点村,https://www.mct.gov.cn/tourism/#/list,API目录ID-38/2026-09-04,,,尚未映射到可回跳的知识库景点卡,,,1,CN-POOL-20260904-r0,MCT内容ID=14219；来源文件=content_38.json
CN-P-001728,d18cebd1f85cb94238ac84979863423dbe7a152e815c2687fa5f92715e85f5be,安徽省芜湖市湾沚区六郎镇官巷村,,安徽省,,,非A,乡村旅游重点村,unknown,pending,第三批全国乡村旅游重点村,https://www.mct.gov.cn/tourism/#/list,API目录ID-38/2026-09-04,,,尚未映射到可回跳的知识库景点卡,,,1,CN-POOL-20260904-r0,MCT内容ID=14220；来源文件=content_38.json
CN-P-001729,453b14e272a15771943087da39e994a3b0ae95de1f458a4b367f5aecd3c54269,安徽省池州市青阳县朱备镇将军村,,安徽省,,,非A,乡村旅游重点村,unknown,pending,第三批全国乡村旅游重点村,https://www.mct.gov.cn/tourism/#/list,API目录ID-38/2026-09-04,,,尚未映射到可回跳的知识库景点卡,,,1,CN-POOL-20260904-r0,MCT内容ID=14221；来源文件=content_38.json
CN-P-001730,74c2b02f74da05b0fada4a17a61d5144f50ec51d58c771835c2edc99504dddf5,安徽省安庆市岳西县河图镇南河村,,安徽省,,,非A,乡村旅游重点村,unknown,pending,第三批全国乡村旅游重点村,https://www.mct.gov.cn/tourism/#/list,API目录ID-38/2026-09-04,,,尚未映射到可回跳的知识库景点卡,,,1,CN-POOL-20260904-r0,MCT内容ID=14222；来源文件=content_38.json
CN-P-001731,a37ea5b1f12a1209d3df201ffccf5cd8b66741b72f6289858e6fb31147a69014,安徽省淮北市杜集区矿山集街道南山村,,安徽省,,,非A,乡村旅游重点村,unknown,pending,第三批全国乡村旅游重点村,https://www.mct.gov.cn/tourism/#/list,API目录ID-38/2026-09-04,,,尚未映射到可回跳的知识库景点卡,,,1,CN-POOL-20260904-r0,MCT内容ID=14223；来源文件=content_38.json
CN-P-001732,2865f26a268547b33e1bab9c67d88df0d3f410325422f6d2b3f92761439de34b,安徽省蚌埠市怀远县龙亢镇龙亢村,,安徽省,,,非A,乡村旅游重点村,unknown,pending,第三批全国乡村旅游重点村,https://www.mct.gov.cn/tourism/#/list,API目录ID-38/2026-09-04,,,尚未映射到可回跳的知识库景点卡,,,1,CN-POOL-20260904-r0,MCT内容ID=14224；来源文件=content_38.json
CN-P-001733,6b43c5b0694f0f40bf98aca273c2f6cb1325b1e38f935577cc586e44691042b6,福建省泉州市晋江市新塘街道梧林社区,,福建省,,,非A,乡村旅游重点村,unknown,pending,第三批全国乡村旅游重点村,https://www.mct.gov.cn/tourism/#/list,API目录ID-38/2026-09-04,,,尚未映射到可回跳的知识库景点卡,,,1,CN-POOL-20260904-r0,MCT内容ID=14225；来源文件=content_38.json
CN-P-001734,628bccb437d83608c001b6a7881ff64835776704d9a1d7627fc370fdcb5b2278,福建省宁德市福鼎市磻溪镇赤溪村,,福建省,,,非A,乡村旅游重点村,unknown,pending,第三批全国乡村旅游重点村,https://www.mct.gov.cn/tourism/#/list,API目录ID-38/2026-09-04,,,尚未映射到可回跳的知识库景点卡,,,1,CN-POOL-20260904-r0,MCT内容ID=14226；来源文件=content_38.json
CN-P-001735,ac94c887c93f65f54a1abed0f42913734eae9880e70a867f954cb7192913bed8,福建省漳州市华安县高安镇坪水村,,福建省,,,非A,乡村旅游重点村,unknown,pending,第三批全国乡村旅游重点村,https://www.mct.gov.cn/tourism/#/list,API目录ID-38/2026-09-04,,,尚未映射到可回跳的知识库景点卡,,,1,CN-POOL-20260904-r0,MCT内容ID=14227；来源文件=content_38.json
CN-P-001736,72d91271b523d78da442490de31ff05dfd3f4e3e737c40e0215f3d5fe0b8a46f,福建省三明市沙县区夏茂镇俞邦村,,福建省,,,非A,乡村旅游重点村,unknown,pending,第三批全国乡村旅游重点村,https://www.mct.gov.cn/tourism/#/list,API目录ID-38/2026-09-04,,,尚未映射到可回跳的知识库景点卡,,,1,CN-POOL-20260904-r0,MCT内容ID=14228；来源文件=content_38.json
CN-P-001737,6c9bbef31afefaebefad40e4691d0eedc4de602399e3f3e19fdf8a06363dcad7,福建省龙岩市永定区湖坑镇南江村,,福建省,,,非A,乡村旅游重点村,unknown,pending,第三批全国乡村旅游重点村,https://www.mct.gov.cn/tourism/#/list,API目录ID-38/2026-09-04,,,尚未映射到可回跳的知识库景点卡,,,1,CN-POOL-20260904-r0,MCT内容ID=14229；来源文件=content_38.json
CN-P-001738,5024e153868ec833b6072457bcb50ab157c6893be4674012ce8f5a276c7fe7b2,福建省平潭综合实验区君山镇磹水村,,福建省,,,非A,乡村旅游重点村,unknown,pending,第三批全国乡村旅游重点村,https://www.mct.gov.cn/tourism/#/list,API目录ID-38/2026-09-04,,,尚未映射到可回跳的知识库景点卡,,,1,CN-POOL-20260904-r0,MCT内容ID=14230；来源文件=content_38.json
CN-P-001739,c9ba0e965e40182f007231109bd64010c82a15535e3113a5c4370ae0acf96bc6,江西省赣州市于都县梓山镇潭头村,,江西省,,,非A,乡村旅游重点村,unknown,pending,第三批全国乡村旅游重点村,https://www.mct.gov.cn/tourism/#/list,API目录ID-38/2026-09-04,,,尚未映射到可回跳的知识库景点卡,,,1,CN-POOL-20260904-r0,MCT内容ID=14231；来源文件=content_38.json
CN-P-001740,59432b8af1684a356620229878b48256143f00278cb927290f10bd48f56ac698,江西省上饶市婺源县思口镇思溪村延村,,江西省,,,非A,乡村旅游重点村,unknown,pending,第三批全国乡村旅游重点村,https://www.mct.gov.cn/tourism/#/list,API目录ID-38/2026-09-04,,,尚未映射到可回跳的知识库景点卡,,,1,CN-POOL-20260904-r0,MCT内容ID=14232；来源文件=content_38.json
CN-P-001741,a139877f05406b4b44c2f352bf9c9acf1a1e1791deb7ebf0ef22d99b16208736,江西省赣州市瑞金市叶坪镇华屋村,,江西省,,,非A,乡村旅游重点村,unknown,pending,第三批全国乡村旅游重点村,https://www.mct.gov.cn/tourism/#/list,API目录ID-38/2026-09-04,,,尚未映射到可回跳的知识库景点卡,,,1,CN-POOL-20260904-r0,MCT内容ID=14233；来源文件=content_38.json
CN-P-001742,6bdfe0a0a5f0d6e3087695700140af6d4676d31578ef4d3227275f9bc2348edb,江西省九江市庐山市白鹿镇秀峰村,,江西省,,,非A,乡村旅游重点村,unknown,pending,第三批全国乡村旅游重点村,https://www.mct.gov.cn/tourism/#/list,API目录ID-38/2026-09-04,,,尚未映射到可回跳的知识库景点卡,,,1,CN-POOL-20260904-r0,MCT内容ID=14234；来源文件=content_38.json
CN-P-001743,db8ba493e58ac44883022899a58d4eff9939c12110cdde02ea9af0e1d4b35945,江西省景德镇市浮梁县瑶里镇五华村,,江西省,,,非A,乡村旅游重点村,unknown,pending,第三批全国乡村旅游重点村,https://www.mct.gov.cn/tourism/#/list,API目录ID-38/2026-09-04,,,尚未映射到可回跳的知识库景点卡,,,1,CN-POOL-20260904-r0,MCT内容ID=14235；来源文件=content_38.json
CN-P-001744,83900a4ee8dc46d52cf743408f09b76054b236710746ec0a3c32c9f84fa39a2a,江西省抚州市黎川县德胜镇德胜村,,江西省,,,非A,乡村旅游重点村,unknown,pending,第三批全国乡村旅游重点村,https://www.mct.gov.cn/tourism/#/list,API目录ID-38/2026-09-04,,,尚未映射到可回跳的知识库景点卡,,,1,CN-POOL-20260904-r0,MCT内容ID=14236；来源文件=content_38.json
CN-P-001745,5b26d8c6cdbd02b65ce71e32a2324cf88a70f6813183377137c72d7452e44c2f,江西省南昌市新建区溪霞镇店前村,,江西省,,,非A,乡村旅游重点村,unknown,pending,第三批全国乡村旅游重点村,https://www.mct.gov.cn/tourism/#/list,API目录ID-38/2026-09-04,,,尚未映射到可回跳的知识库景点卡,,,1,CN-POOL-20260904-r0,MCT内容ID=14237；来源文件=content_38.json
CN-P-001746,cabf07a9ccfa5543c3fd42857e24aabdae71f9aeb6dff615d86446860c9878e3,山东省济南市莱芜区雪野街道房干村,,山东省,,,非A,乡村旅游重点村,unknown,pending,第三批全国乡村旅游重点村,https://www.mct.gov.cn/tourism/#/list,API目录ID-38/2026-09-04,,,尚未映射到可回跳的知识库景点卡,,,1,CN-POOL-20260904-r0,MCT内容ID=14238；来源文件=content_38.json
CN-P-001747,6232b5edb46d006808dd6f46db560e4f61a791aac1a76f42b79a74453f3b7c7e,山东省日照市岚山区岚山头街道官草汪村,,山东省,,,非A,乡村旅游重点村,unknown,pending,第三批全国乡村旅游重点村,https://www.mct.gov.cn/tourism/#/list,API目录ID-38/2026-09-04,,,尚未映射到可回跳的知识库景点卡,,,1,CN-POOL-20260904-r0,MCT内容ID=14239；来源文件=content_38.json
CN-P-001748,5025957a6e651710491df5b8e6323d54e88575a11cf4618311d6ce61512ae8fe,山东省济宁市曲阜市尼山镇鲁源村,,山东省,,,非A,乡村旅游重点村,unknown,pending,第三批全国乡村旅游重点村,https://www.mct.gov.cn/tourism/#/list,API目录ID-38/2026-09-04,,,尚未映射到可回跳的知识库景点卡,,,1,CN-POOL-20260904-r0,MCT内容ID=14240；来源文件=content_38.json
CN-P-001749,00ee196b997f1c8bdb55240d9c01a96604a3972fe7297cb32c8344eda0376bed,山东省烟台市蓬莱区大辛店镇木兰沟村,,山东省,,,非A,乡村旅游重点村,unknown,pending,第三批全国乡村旅游重点村,https://www.mct.gov.cn/tourism/#/list,API目录ID-38/2026-09-04,,,尚未映射到可回跳的知识库景点卡,,,1,CN-POOL-20260904-r0,MCT内容ID=14241；来源文件=content_38.json
CN-P-001750,3829afdffe82307ff911b39562d1e73a767648e7b38398c0a04422651c1189e6,山东省淄博市高青县常家镇蓑衣樊村,,山东省,,,非A,乡村旅游重点村,unknown,pending,第三批全国乡村旅游重点村,https://www.mct.gov.cn/tourism/#/list,API目录ID-38/2026-09-04,,,尚未映射到可回跳的知识库景点卡,,,1,CN-POOL-20260904-r0,MCT内容ID=14242；来源文件=content_38.json
CN-P-001751,48b2c79ba1b49fe40b4be35c45c35e413f96963cca16118468fec15955c17017,山东省青岛市崂山区王哥庄街道晓望社区,,山东省,,,非A,乡村旅游重点村,unknown,pending,第三批全国乡村旅游重点村,https://www.mct.gov.cn/tourism/#/list,API目录ID-38/2026-09-04,,,尚未映射到可回跳的知识库景点卡,,,1,CN-POOL-20260904-r0,MCT内容ID=14243；来源文件=content_38.json
CN-P-001752,1fdbd825766bd2d02326db95f4e9151bd10381b621114ba893e82363e2c80301,山东省潍坊市临朐县嵩山生态旅游发展服务中心淹子岭村,,山东省,,,非A,乡村旅游重点村,unknown,pending,第三批全国乡村旅游重点村,https://www.mct.gov.cn/tourism/#/list,API目录ID-38/2026-09-04,,,尚未映射到可回跳的知识库景点卡,,,1,CN-POOL-20260904-r0,MCT内容ID=14244；来源文件=content_38.json
CN-P-001753,d439a81024f8acbb8b2e77544e8d3f9cfcbb9911dd10ca34ef2ee39c7219160c,河南省郑州市巩义市小关镇南岭新村,,河南省,,,非A,乡村旅游重点村,unknown,pending,第三批全国乡村旅游重点村,https://www.mct.gov.cn/tourism/#/list,API目录ID-38/2026-09-04,,,尚未映射到可回跳的知识库景点卡,,,1,CN-POOL-20260904-r0,MCT内容ID=14245；来源文件=content_38.json
CN-P-001754,0224f8bfc7b292dc3fbfbf8b3b59944ffd32edd8c5723969e010ba2ef6150c48,河南省郑州市巩义市大峪沟镇海上桥村,,河南省,,,非A,乡村旅游重点村,unknown,pending,第三批全国乡村旅游重点村,https://www.mct.gov.cn/tourism/#/list,API目录ID-38/2026-09-04,,,尚未映射到可回跳的知识库景点卡,,,1,CN-POOL-20260904-r0,MCT内容ID=14246；来源文件=content_38.json
CN-P-001755,1a670aa782c120d5efafd8005763eadd6401f72dc445a81fa73b292ad76722c4,河南省洛阳市嵩县车村镇天桥沟村,,河南省,,,非A,乡村旅游重点村,unknown,pending,第三批全国乡村旅游重点村,https://www.mct.gov.cn/tourism/#/list,API目录ID-38/2026-09-04,,,尚未映射到可回跳的知识库景点卡,,,1,CN-POOL-20260904-r0,MCT内容ID=14247；来源文件=content_38.json
CN-P-001756,bb48dee9113dd0daaeaacfe29fa4673af08166870dc60cf829f94616c08af1a9,河南省焦作市修武县西村乡大南坡村,,河南省,,,非A,乡村旅游重点村,unknown,pending,第三批全国乡村旅游重点村,https://www.mct.gov.cn/tourism/#/list,API目录ID-38/2026-09-04,,,尚未映射到可回跳的知识库景点卡,,,1,CN-POOL-20260904-r0,MCT内容ID=14248；来源文件=content_38.json
CN-P-001757,c2aa825400a93fb753acdce1843da2c298fa4182423ac32634eee289742d458b,河南省濮阳市清丰县双庙乡单拐村,,河南省,,,非A,乡村旅游重点村,unknown,pending,第三批全国乡村旅游重点村,https://www.mct.gov.cn/tourism/#/list,API目录ID-38/2026-09-04,,,尚未映射到可回跳的知识库景点卡,,,1,CN-POOL-20260904-r0,MCT内容ID=14249；来源文件=content_38.json
CN-P-001758,dee4c257bd263843bb0cf18232868d6b3b4c65dedd9dc5052ec50102edd5a819,河南省信阳市浉河区浉河港镇郝家冲村,,河南省,,,非A,乡村旅游重点村,unknown,pending,第三批全国乡村旅游重点村,https://www.mct.gov.cn/tourism/#/list,API目录ID-38/2026-09-04,,,尚未映射到可回跳的知识库景点卡,,,1,CN-POOL-20260904-r0,MCT内容ID=14250；来源文件=content_38.json
CN-P-001759,a0f804966c69964609e992807004420a7fd092a91f7ac3ada3c65ebb34de3aac,河南省周口市西华县红花集镇龙池头村,,河南省,,,非A,乡村旅游重点村,unknown,pending,第三批全国乡村旅游重点村,https://www.mct.gov.cn/tourism/#/list,API目录ID-38/2026-09-04,,,尚未映射到可回跳的知识库景点卡,,,1,CN-POOL-20260904-r0,MCT内容ID=14251；来源文件=content_38.json
CN-P-001760,f575a5674e717b95800e4fdf4cc3eea6d368252e8331d73e30147f868fe9e368,湖北省襄阳市襄城区尹集乡姚庵村,,湖北省,,,非A,乡村旅游重点村,unknown,pending,第三批全国乡村旅游重点村,https://www.mct.gov.cn/tourism/#/list,API目录ID-38/2026-09-04,,,尚未映射到可回跳的知识库景点卡,,,1,CN-POOL-20260904-r0,MCT内容ID=14252；来源文件=content_38.json
CN-P-001761,e4a0c8cc564bff49a7f9e6f9e7296b0d1a1d62377612616bc484e2e22bd85927,湖北省宜昌市远安县花林寺镇龙凤村,,湖北省,,,非A,乡村旅游重点村,unknown,pending,第三批全国乡村旅游重点村,https://www.mct.gov.cn/tourism/#/list,API目录ID-38/2026-09-04,,,尚未映射到可回跳的知识库景点卡,,,1,CN-POOL-20260904-r0,MCT内容ID=14253；来源文件=content_38.json
CN-P-001762,a86de8143048a11fa3803f1e1350abd6af9b2e9d17f496709c5578efe8153a57,湖北省荆州市松滋市洈水镇樟木溪村,,湖北省,,,非A,乡村旅游重点村,unknown,pending,第三批全国乡村旅游重点村,https://www.mct.gov.cn/tourism/#/list,API目录ID-38/2026-09-04,,,尚未映射到可回跳的知识库景点卡,,,1,CN-POOL-20260904-r0,MCT内容ID=14254；来源文件=content_38.json
CN-P-001763,a5c79adcaa8d7f2f810a7c3f2a1a6f3106d3f7559a50087ce2e5387ab272e281,湖北省孝感市孝昌县小悟乡田堂村,,湖北省,,,非A,乡村旅游重点村,unknown,pending,第三批全国乡村旅游重点村,https://www.mct.gov.cn/tourism/#/list,API目录ID-38/2026-09-04,,,尚未映射到可回跳的知识库景点卡,,,1,CN-POOL-20260904-r0,MCT内容ID=14255；来源文件=content_38.json
CN-P-001764,340450b6cc15629b2815b81edfb8d8c88a0aed4394b69342a8e7dc1d3cd91f8f,湖北省黄冈市罗田县骆驼坳镇燕窝垸村,,湖北省,,,非A,乡村旅游重点村,unknown,pending,第三批全国乡村旅游重点村,https://www.mct.gov.cn/tourism/#/list,API目录ID-38/2026-09-04,,,尚未映射到可回跳的知识库景点卡,,,1,CN-POOL-20260904-r0,MCT内容ID=14256；来源文件=content_38.json
CN-P-001765,99fd497c0801c795e8538205705932625d890c2e273b70765ccca6f80264ace1,湖北省咸宁市通城县大坪乡内冲瑶族村,,湖北省,,,非A,乡村旅游重点村,unknown,pending,第三批全国乡村旅游重点村,https://www.mct.gov.cn/tourism/#/list,API目录ID-38/2026-09-04,,,尚未映射到可回跳的知识库景点卡,,,1,CN-POOL-20260904-r0,MCT内容ID=14257；来源文件=content_38.json
CN-P-001766,99606222d3abfd46e2f76dc1c2d38e01eb49e50dca82002886ddff22cbbb9a0b,湖北省随州市广水市武胜关镇桃源村,,湖北省,,,非A,乡村旅游重点村,unknown,pending,第三批全国乡村旅游重点村,https://www.mct.gov.cn/tourism/#/list,API目录ID-38/2026-09-04,,,尚未映射到可回跳的知识库景点卡,,,1,CN-POOL-20260904-r0,MCT内容ID=14258；来源文件=content_38.json
CN-P-001767,2982d4b9752154ce995719f44df110cf16db61812ff4029395da62dd208a2b64,湖南省湘西土家族苗族自治州凤凰县麻冲乡竹山村,,湖南省,,,非A,乡村旅游重点村,unknown,pending,第三批全国乡村旅游重点村,https://www.mct.gov.cn/tourism/#/list,API目录ID-38/2026-09-04,,,尚未映射到可回跳的知识库景点卡,,,1,CN-POOL-20260904-r0,MCT内容ID=14259；来源文件=content_38.json
CN-P-001768,3bc9c8eeaa44cba254b17915153006f5d79ad1ed1980fa6407e43944ec17e534,湖南省怀化市溆浦县统溪河镇穿岩山村,,湖南省,,,非A,乡村旅游重点村,unknown,pending,第三批全国乡村旅游重点村,https://www.mct.gov.cn/tourism/#/list,API目录ID-38/2026-09-04,,,尚未映射到可回跳的知识库景点卡,,,1,CN-POOL-20260904-r0,MCT内容ID=14260；来源文件=content_38.json
CN-P-001769,4d0082efec2f2f27958d0a3dca3137f770d613284c24cbcb81d9736f4ad7b55c,湖南省邵阳市洞口县罗溪瑶族乡宝瑶村,,湖南省,,,非A,乡村旅游重点村,unknown,pending,第三批全国乡村旅游重点村,https://www.mct.gov.cn/tourism/#/list,API目录ID-38/2026-09-04,,,尚未映射到可回跳的知识库景点卡,,,1,CN-POOL-20260904-r0,MCT内容ID=14261；来源文件=content_38.json
CN-P-001770,32bc03f10045b1313ed91122d3e64765f281c603c9e2ba3e85cfc23fc46c4878,湖南省娄底市新化县吉庆镇油溪桥村,,湖南省,,,非A,乡村旅游重点村,unknown,pending,第三批全国乡村旅游重点村,https://www.mct.gov.cn/tourism/#/list,API目录ID-38/2026-09-04,,,尚未映射到可回跳的知识库景点卡,,,1,CN-POOL-20260904-r0,MCT内容ID=14262；来源文件=content_38.json
CN-P-001771,5395f5907bfe18840e64f2191b147758ea882e45b93a40d977de822c60e4d4a7,湖南省衡阳市珠晖区茶山坳镇堰头村,,湖南省,,,非A,乡村旅游重点村,unknown,pending,第三批全国乡村旅游重点村,https://www.mct.gov.cn/tourism/#/list,API目录ID-38/2026-09-04,,,尚未映射到可回跳的知识库景点卡,,,1,CN-POOL-20260904-r0,MCT内容ID=14263；来源文件=content_38.json
CN-P-001772,2c867c99af48481f2475c87e7ed2c55e3adddea021e634411874149453bef141,湖南省常德市津市市金鱼岭街道大关山村,,湖南省,,,非A,乡村旅游重点村,unknown,pending,第三批全国乡村旅游重点村,https://www.mct.gov.cn/tourism/#/list,API目录ID-38/2026-09-04,,,尚未映射到可回跳的知识库景点卡,,,1,CN-POOL-20260904-r0,MCT内容ID=14264；来源文件=content_38.json
CN-P-001773,f5d67d27d186a2fbd3f91b75dfcd6b85da4edf023b3df9372431a8e0593b9816,湖南省张家界市永定区王家坪镇马头溪村,,湖南省,,,非A,乡村旅游重点村,unknown,pending,第三批全国乡村旅游重点村,https://www.mct.gov.cn/tourism/#/list,API目录ID-38/2026-09-04,,,尚未映射到可回跳的知识库景点卡,,,1,CN-POOL-20260904-r0,MCT内容ID=14265；来源文件=content_38.json
CN-P-001774,2ef5e5188c03dbf09b442a99e266209910abb652bd66102a3e3e799e7253d32a,广东省广州市从化区城郊街西和村,,广东省,,,非A,乡村旅游重点村,unknown,pending,第三批全国乡村旅游重点村,https://www.mct.gov.cn/tourism/#/list,API目录ID-38/2026-09-04,,,尚未映射到可回跳的知识库景点卡,,,1,CN-POOL-20260904-r0,MCT内容ID=14266；来源文件=content_38.json
CN-P-001775,38f34ecda907c6f0a1b843bcb70791ff8c3a5e7e6a8672641e20ffe19c6b3a03,广东省肇庆市封开县江口街道台洞村,,广东省,,,非A,乡村旅游重点村,unknown,pending,第三批全国乡村旅游重点村,https://www.mct.gov.cn/tourism/#/list,API目录ID-38/2026-09-04,,,尚未映射到可回跳的知识库景点卡,,,1,CN-POOL-20260904-r0,MCT内容ID=14267；来源文件=content_38.json
CN-P-001776,03ec35d474d1923ba4fcbe9e30965c125a7e35889e1c06b12b7b9b7003515839,广东省惠州市惠阳区秋长街道周田村,,广东省,,,非A,乡村旅游重点村,unknown,pending,第三批全国乡村旅游重点村,https://www.mct.gov.cn/tourism/#/list,API目录ID-38/2026-09-04,,,尚未映射到可回跳的知识库景点卡,,,1,CN-POOL-20260904-r0,MCT内容ID=14268；来源文件=content_38.json
CN-P-001777,37db97b4816477ad9acc013403b1e88bf14041d559b691a19cabf76a591ff361,广东省汕头市潮南区陇田镇东华村,,广东省,,,非A,乡村旅游重点村,unknown,pending,第三批全国乡村旅游重点村,https://www.mct.gov.cn/tourism/#/list,API目录ID-38/2026-09-04,,,尚未映射到可回跳的知识库景点卡,,,1,CN-POOL-20260904-r0,MCT内容ID=14269；来源文件=content_38.json
CN-P-001778,6b1f03c9d3a134ce41c33d9679a4832c4b0d23647676ee1126318c5adca302ca,广东省中山市南朗街道左步村,,广东省,,,非A,乡村旅游重点村,unknown,pending,第三批全国乡村旅游重点村,https://www.mct.gov.cn/tourism/#/list,API目录ID-38/2026-09-04,,,尚未映射到可回跳的知识库景点卡,,,1,CN-POOL-20260904-r0,MCT内容ID=14270；来源文件=content_38.json
CN-P-001779,3b1ca07e159ed93b4b2d034485bf6b567c438202c42e81975267526bc869eff4,广东省湛江市徐闻县角尾乡放坡村,,广东省,,,非A,乡村旅游重点村,unknown,pending,第三批全国乡村旅游重点村,https://www.mct.gov.cn/tourism/#/list,API目录ID-38/2026-09-04,,,尚未映射到可回跳的知识库景点卡,,,1,CN-POOL-20260904-r0,MCT内容ID=14271；来源文件=content_38.json
CN-P-001780,4b6701b434df8f9e24162b1f187d61dce08e748197e07d655a96be9fdad5e190,广东省潮州市潮安区凤凰镇叫水坑村,,广东省,,,非A,乡村旅游重点村,unknown,pending,第三批全国乡村旅游重点村,https://www.mct.gov.cn/tourism/#/list,API目录ID-38/2026-09-04,,,尚未映射到可回跳的知识库景点卡,,,1,CN-POOL-20260904-r0,MCT内容ID=14272；来源文件=content_38.json
CN-P-001781,4ba704b5e1e5d4902e86301fe78ef9990699917e88ce64f8ac3cf8f612b5dc2d,广西壮族自治区柳州市融水苗族自治县香粉乡雨卜村,,广西壮族自治区,,,非A,乡村旅游重点村,unknown,pending,第三批全国乡村旅游重点村,https://www.mct.gov.cn/tourism/#/list,API目录ID-38/2026-09-04,,,尚未映射到可回跳的知识库景点卡,,,1,CN-POOL-20260904-r0,MCT内容ID=14273；来源文件=content_38.json
CN-P-001782,92f0158b2934cac8f9a8c00ecddfda44da4fbf2fd3cdfb870e1d585d71f2a29a,广西壮族自治区桂林市兴安县华江瑶族乡龙塘江村,,广西壮族自治区,,,非A,乡村旅游重点村,unknown,pending,第三批全国乡村旅游重点村,https://www.mct.gov.cn/tourism/#/list,API目录ID-38/2026-09-04,,,尚未映射到可回跳的知识库景点卡,,,1,CN-POOL-20260904-r0,MCT内容ID=14274；来源文件=content_38.json
CN-P-001783,dfe24f3ee45102dc29a138c6794c6ef357d1a050f57bb2caffb5129c4b6cfa45,广西壮族自治区钦州市浦北县北通镇那新村,,广西壮族自治区,,,非A,乡村旅游重点村,unknown,pending,第三批全国乡村旅游重点村,https://www.mct.gov.cn/tourism/#/list,API目录ID-38/2026-09-04,,,尚未映射到可回跳的知识库景点卡,,,1,CN-POOL-20260904-r0,MCT内容ID=14275；来源文件=content_38.json
CN-P-001784,8204acae7d1e219f2f1253e26229bbedf4884c53c3bbc1a16b2dcd6a8afd4569,广西壮族自治区百色市凌云县伶站瑶族乡浩坤村,,广西壮族自治区,,,非A,乡村旅游重点村,unknown,pending,第三批全国乡村旅游重点村,https://www.mct.gov.cn/tourism/#/list,API目录ID-38/2026-09-04,,,尚未映射到可回跳的知识库景点卡,,,1,CN-POOL-20260904-r0,MCT内容ID=14276；来源文件=content_38.json
CN-P-001785,cab519b1f5ede1260bdff308bd59abb51572362c0878c0035c9dc4eb06800f39,广西壮族自治区贺州市昭平县黄姚镇北莱村,,广西壮族自治区,,,非A,乡村旅游重点村,unknown,pending,第三批全国乡村旅游重点村,https://www.mct.gov.cn/tourism/#/list,API目录ID-38/2026-09-04,,,尚未映射到可回跳的知识库景点卡,,,1,CN-POOL-20260904-r0,MCT内容ID=14277；来源文件=content_38.json
CN-P-001786,a5d065b277bf34adca655e51fb63fed7d66f63be8851acd6dad2517a086dd472,广西壮族自治区河池市南丹县里湖瑶族乡朵努社区,,广西壮族自治区,,,非A,乡村旅游重点村,unknown,pending,第三批全国乡村旅游重点村,https://www.mct.gov.cn/tourism/#/list,API目录ID-38/2026-09-04,,,尚未映射到可回跳的知识库景点卡,,,1,CN-POOL-20260904-r0,MCT内容ID=14278；来源文件=content_38.json
CN-P-001787,d4f71e8774f118a56ed2591fe8ddd69c19962125928b69d58fde1b21933f4991,广西壮族自治区来宾市金秀瑶族自治县金秀镇六段村,,广西壮族自治区,,,非A,乡村旅游重点村,unknown,pending,第三批全国乡村旅游重点村,https://www.mct.gov.cn/tourism/#/list,API目录ID-38/2026-09-04,,,尚未映射到可回跳的知识库景点卡,,,1,CN-POOL-20260904-r0,MCT内容ID=14279；来源文件=content_38.json
CN-P-001788,7575e7e0ee99d26a368436a3f4fb2ba9527d116b4edab5efa6da266563aeb5e2,海南省琼海市博鳌镇留客村,,海南省,,,非A,乡村旅游重点村,unknown,pending,第三批全国乡村旅游重点村,https://www.mct.gov.cn/tourism/#/list,API目录ID-38/2026-09-04,,,尚未映射到可回跳的知识库景点卡,,,1,CN-POOL-20260904-r0,MCT内容ID=14280；来源文件=content_38.json
CN-P-001789,071e5fbcce405e6368d407a46477ec3d6e7cbad32dff2e3e213477a1b842b5c1,海南省万宁市兴隆华侨农场57队,,海南省,,,非A,乡村旅游重点村,unknown,pending,第三批全国乡村旅游重点村,https://www.mct.gov.cn/tourism/#/list,API目录ID-38/2026-09-04,,,尚未映射到可回跳的知识库景点卡,,,1,CN-POOL-20260904-r0,MCT内容ID=14281；来源文件=content_38.json
CN-P-001790,b874d64ac2daf0d7f9515da8d5fc0dc2709992e912476ce20d9024c97e8f1348,海南省儋州市中和镇七里村,,海南省,,,非A,乡村旅游重点村,unknown,pending,第三批全国乡村旅游重点村,https://www.mct.gov.cn/tourism/#/list,API目录ID-38/2026-09-04,,,尚未映射到可回跳的知识库景点卡,,,1,CN-POOL-20260904-r0,MCT内容ID=14282；来源文件=content_38.json
CN-P-001791,e656ec9e7d9b54d0c7ed68f257e74be964dcdbf86b4bb5bc335618b789bbbb7c,海南省昌江黎族自治县王下乡浪论村,,海南省,,,非A,乡村旅游重点村,unknown,pending,第三批全国乡村旅游重点村,https://www.mct.gov.cn/tourism/#/list,API目录ID-38/2026-09-04,,,尚未映射到可回跳的知识库景点卡,,,1,CN-POOL-20260904-r0,MCT内容ID=14283；来源文件=content_38.json
CN-P-001792,e0a674711c6b4b813cca03e7ec2d93245bf577c71892fbe405e8ba1ddebd7165,海南省文昌市潭牛镇大庙村,,海南省,,,非A,乡村旅游重点村,unknown,pending,第三批全国乡村旅游重点村,https://www.mct.gov.cn/tourism/#/list,API目录ID-38/2026-09-04,,,尚未映射到可回跳的知识库景点卡,,,1,CN-POOL-20260904-r0,MCT内容ID=14284；来源文件=content_38.json
CN-P-001793,4f1f7ed0d966b9a1fdad52a6e991b127b6b483d4242312cd67371b3eaba02112,重庆市万州区长岭镇安溪村,,重庆市,,,非A,乡村旅游重点村,unknown,pending,第三批全国乡村旅游重点村,https://www.mct.gov.cn/tourism/#/list,API目录ID-38/2026-09-04,,,尚未映射到可回跳的知识库景点卡,,,1,CN-POOL-20260904-r0,MCT内容ID=14285；来源文件=content_38.json
CN-P-001794,b6dc98dd894ee0b7136e1c685bb9d0bb5a7cece90b5c13b6ed8620a58a127628,重庆市九龙坡区铜罐驿镇英雄湾村,,重庆市,,,非A,乡村旅游重点村,unknown,pending,第三批全国乡村旅游重点村,https://www.mct.gov.cn/tourism/#/list,API目录ID-38/2026-09-04,,,尚未映射到可回跳的知识库景点卡,,,1,CN-POOL-20260904-r0,MCT内容ID=14286；来源文件=content_38.json
CN-P-001795,9c338db84117cedce4d349c10e71ad9175b3dea7e73efddb551ecafa87877af1,重庆市江津区先锋镇保坪村,,重庆市,,,非A,乡村旅游重点村,unknown,pending,第三批全国乡村旅游重点村,https://www.mct.gov.cn/tourism/#/list,API目录ID-38/2026-09-04,,,尚未映射到可回跳的知识库景点卡,,,1,CN-POOL-20260904-r0,MCT内容ID=14287；来源文件=content_38.json
CN-P-001796,6c9580a8d8e25281ef5c2e16c3814e41b03c947dcd41982bad70729aee22e370,重庆市巫山县竹贤乡下庄村,,重庆市,,,非A,乡村旅游重点村,unknown,pending,第三批全国乡村旅游重点村,https://www.mct.gov.cn/tourism/#/list,API目录ID-38/2026-09-04,,,尚未映射到可回跳的知识库景点卡,,,1,CN-POOL-20260904-r0,MCT内容ID=14288；来源文件=content_38.json
CN-P-001797,f2525d8ceee19d2430132cf97385717a78248fba997b017d1dbbb08b6938ccb5,重庆市奉节县兴隆镇回龙村,,重庆市,,,非A,乡村旅游重点村,unknown,pending,第三批全国乡村旅游重点村,https://www.mct.gov.cn/tourism/#/list,API目录ID-38/2026-09-04,,,尚未映射到可回跳的知识库景点卡,,,1,CN-POOL-20260904-r0,MCT内容ID=14289；来源文件=content_38.json
CN-P-001798,134bdf7d7f317572735dc8be5fa081c950cba11ba25d56b557cc0e0ae9bb599f,重庆市潼南区崇龛镇明月社区,,重庆市,,,非A,乡村旅游重点村,unknown,pending,第三批全国乡村旅游重点村,https://www.mct.gov.cn/tourism/#/list,API目录ID-38/2026-09-04,,,尚未映射到可回跳的知识库景点卡,,,1,CN-POOL-20260904-r0,MCT内容ID=14290；来源文件=content_38.json
CN-P-001799,463facb6d2a8b46fc957a6a973d8fa4717b541332449b92c351ec5a9f5556a83,四川省成都市邛崃市平乐镇花楸村,,四川省,,,非A,乡村旅游重点村,unknown,pending,第三批全国乡村旅游重点村,https://www.mct.gov.cn/tourism/#/list,API目录ID-38/2026-09-04,,,尚未映射到可回跳的知识库景点卡,,,1,CN-POOL-20260904-r0,MCT内容ID=14291；来源文件=content_38.json
CN-P-001800,e47ef8b41424f30fdaaeaa3083c5955146c41da8b4e4423ff04bec2c1f77e820,四川省乐山市金口河区永和镇胜利村,,四川省,,,非A,乡村旅游重点村,unknown,pending,第三批全国乡村旅游重点村,https://www.mct.gov.cn/tourism/#/list,API目录ID-38/2026-09-04,,,尚未映射到可回跳的知识库景点卡,,,1,CN-POOL-20260904-r0,MCT内容ID=14292；来源文件=content_38.json
CN-P-001801,f81fa5e92e3ef9edbd6e8062c92417e8fa0bb6bd9bb51bc7553e96bb0ef5ae4b,四川省宜宾市翠屏区李庄镇高桥村,,四川省,,,非A,乡村旅游重点村,unknown,pending,第三批全国乡村旅游重点村,https://www.mct.gov.cn/tourism/#/list,API目录ID-38/2026-09-04,,,尚未映射到可回跳的知识库景点卡,,,1,CN-POOL-20260904-r0,MCT内容ID=14293；来源文件=content_38.json
CN-P-001802,ae49cb8b59ab285a80f4e59811c48a1194637c1c74068a4ba98a1bf8111b2379,四川省广安市岳池县白庙镇郑家村,,四川省,,,非A,乡村旅游重点村,unknown,pending,第三批全国乡村旅游重点村,https://www.mct.gov.cn/tourism/#/list,API目录ID-38/2026-09-04,,,尚未映射到可回跳的知识库景点卡,,,1,CN-POOL-20260904-r0,MCT内容ID=14294；来源文件=content_38.json
CN-P-001803,754242b449b9f039c5cff6d295d3f769b4de243e8d54cfd66681c400f783b4a2,四川省雅安市石棉县安顺场镇安顺村,,四川省,,,非A,乡村旅游重点村,unknown,pending,第三批全国乡村旅游重点村,https://www.mct.gov.cn/tourism/#/list,API目录ID-38/2026-09-04,,,尚未映射到可回跳的知识库景点卡,,,1,CN-POOL-20260904-r0,MCT内容ID=14295；来源文件=content_38.json
CN-P-001804,12db10792b6cae4c9cd3a9e6edd8d78108264ebea06fc08f0784181b8f46e808,四川省眉山市青神县青竹街道兰沟村,,四川省,,,非A,乡村旅游重点村,unknown,pending,第三批全国乡村旅游重点村,https://www.mct.gov.cn/tourism/#/list,API目录ID-38/2026-09-04,,,尚未映射到可回跳的知识库景点卡,,,1,CN-POOL-20260904-r0,MCT内容ID=14296；来源文件=content_38.json
CN-P-001805,9a428d5c8a2bb4b0b81462633dc2e64a17355bd01b766513494ddea0cfcd6c34,四川省阿坝藏族羌族自治州小金县四姑娘山镇长坪村,,四川省,,,非A,乡村旅游重点村,unknown,pending,第三批全国乡村旅游重点村,https://www.mct.gov.cn/tourism/#/list,API目录ID-38/2026-09-04,,,尚未映射到可回跳的知识库景点卡,,,1,CN-POOL-20260904-r0,MCT内容ID=14297；来源文件=content_38.json
CN-P-001806,1f88db2516a460d16937bd7477712b4b5285a80059627f92d5b16092f0974fe3,贵州省毕节市黔西市新仁苗族乡化屋村,,贵州省,,,非A,乡村旅游重点村,unknown,pending,第三批全国乡村旅游重点村,https://www.mct.gov.cn/tourism/#/list,API目录ID-38/2026-09-04,,,尚未映射到可回跳的知识库景点卡,,,1,CN-POOL-20260904-r0,MCT内容ID=14298；来源文件=content_38.json
CN-P-001807,3ebe2ab69073afb861224dac3ef69015d850a235724f594085aed21f2f773543,贵州省六盘水市水城区米箩镇倮么村,,贵州省,,,非A,乡村旅游重点村,unknown,pending,第三批全国乡村旅游重点村,https://www.mct.gov.cn/tourism/#/list,API目录ID-38/2026-09-04,,,尚未映射到可回跳的知识库景点卡,,,1,CN-POOL-20260904-r0,MCT内容ID=14299；来源文件=content_38.json
CN-P-001808,fc43539093b672cb7922d17db3bd4463c083ae4d7093074257442a528af5298a,贵州省安顺市平坝区夏云镇小河湾村,,贵州省,,,非A,乡村旅游重点村,unknown,pending,第三批全国乡村旅游重点村,https://www.mct.gov.cn/tourism/#/list,API目录ID-38/2026-09-04,,,尚未映射到可回跳的知识库景点卡,,,1,CN-POOL-20260904-r0,MCT内容ID=14300；来源文件=content_38.json
CN-P-001809,c895dbd619bfb3efaf23321b67d037593a548fb966b8c45684c8aa1f0808cfa7,贵州省贵阳市开阳县禾丰布依族苗族乡马头村,,贵州省,,,非A,乡村旅游重点村,unknown,pending,第三批全国乡村旅游重点村,https://www.mct.gov.cn/tourism/#/list,API目录ID-38/2026-09-04,,,尚未映射到可回跳的知识库景点卡,,,1,CN-POOL-20260904-r0,MCT内容ID=14301；来源文件=content_38.json
CN-P-001810,32e45348fc86dca9e2a391abafcefa9fb4515f979fdbb9406c8f8c05543f06b2,贵州省遵义市湄潭县鱼泉街道新石社区,,贵州省,,,非A,乡村旅游重点村,unknown,pending,第三批全国乡村旅游重点村,https://www.mct.gov.cn/tourism/#/list,API目录ID-38/2026-09-04,,,尚未映射到可回跳的知识库景点卡,,,1,CN-POOL-20260904-r0,MCT内容ID=14302；来源文件=content_38.json
CN-P-001811,f59f6b4e49a46cdd455b73c6e07bde00ce9d9fb4644e3a149cc1e28e938178ae,贵州省黔东南苗族侗族自治州锦屏县敦寨镇雷屯村,,贵州省,,,非A,乡村旅游重点村,unknown,pending,第三批全国乡村旅游重点村,https://www.mct.gov.cn/tourism/#/list,API目录ID-38/2026-09-04,,,尚未映射到可回跳的知识库景点卡,,,1,CN-POOL-20260904-r0,MCT内容ID=14303；来源文件=content_38.json
CN-P-001812,2ab770264f6bf6f0e16abea4395bc84d876fee9f4a3ea91e9ad2c1884205068e,贵州省黔南布依族苗族自治州龙里县龙山镇龙山社区,,贵州省,,,非A,乡村旅游重点村,unknown,pending,第三批全国乡村旅游重点村,https://www.mct.gov.cn/tourism/#/list,API目录ID-38/2026-09-04,,,尚未映射到可回跳的知识库景点卡,,,1,CN-POOL-20260904-r0,MCT内容ID=14304；来源文件=content_38.json
CN-P-001813,041a00404934e4dbb4f59813eb255fd30bb3c3f71c1e583e329384c6f20e96d0,云南省大理白族自治州鹤庆县草海镇新华村,,云南省,,,非A,乡村旅游重点村,unknown,pending,第三批全国乡村旅游重点村,https://www.mct.gov.cn/tourism/#/list,API目录ID-38/2026-09-04,,,尚未映射到可回跳的知识库景点卡,,,1,CN-POOL-20260904-r0,MCT内容ID=14305；来源文件=content_38.json
CN-P-001814,07c3a2b052abaacbabae8c5e4ef2f1cbd47c0e626f7ed4657a3270de46dbd365,云南省丽江市玉龙纳西族自治县拉市镇均良村,,云南省,,,非A,乡村旅游重点村,unknown,pending,第三批全国乡村旅游重点村,https://www.mct.gov.cn/tourism/#/list,API目录ID-38/2026-09-04,,,尚未映射到可回跳的知识库景点卡,,,1,CN-POOL-20260904-r0,MCT内容ID=14306；来源文件=content_38.json
CN-P-001815,519782b1d0a8f9634a2a516982f0b15dd57d00b9142d8b99fadddd84416f9d9a,云南省玉溪市澄江市龙街镇禄充社区,,云南省,,,非A,乡村旅游重点村,unknown,pending,第三批全国乡村旅游重点村,https://www.mct.gov.cn/tourism/#/list,API目录ID-38/2026-09-04,,,尚未映射到可回跳的知识库景点卡,,,1,CN-POOL-20260904-r0,MCT内容ID=14307；来源文件=content_38.json
CN-P-001816,21dc36108478a4c323a7022dc3bef100b349bafde69157b62ff6759d1f2802dd,云南省临沧市双江拉祜族佤族布朗族傣族自治县沙河乡允俸村,,云南省,,,非A,乡村旅游重点村,unknown,pending,第三批全国乡村旅游重点村,https://www.mct.gov.cn/tourism/#/list,API目录ID-38/2026-09-04,,,尚未映射到可回跳的知识库景点卡,,,1,CN-POOL-20260904-r0,MCT内容ID=14308；来源文件=content_38.json
CN-P-001817,3f69455cdffaf6af4dc040e71cf65785f15f76e80715170753866899a87d8f7c,云南省西双版纳傣族自治州勐海县打洛镇曼掌村,,云南省,,,非A,乡村旅游重点村,unknown,pending,第三批全国乡村旅游重点村,https://www.mct.gov.cn/tourism/#/list,API目录ID-38/2026-09-04,,,尚未映射到可回跳的知识库景点卡,,,1,CN-POOL-20260904-r0,MCT内容ID=14309；来源文件=content_38.json
CN-P-001818,2196663864e1c679e17041216d2946fa0ccdb7a98a9c5624ad3699a39adeb810,云南省曲靖市宣威市东山镇芙蓉村,,云南省,,,非A,乡村旅游重点村,unknown,pending,第三批全国乡村旅游重点村,https://www.mct.gov.cn/tourism/#/list,API目录ID-38/2026-09-04,,,尚未映射到可回跳的知识库景点卡,,,1,CN-POOL-20260904-r0,MCT内容ID=14310；来源文件=content_38.json
CN-P-001819,afd48008594d51feae9aeebc94d0413bb04831cdbc90ca99036161d740923378,云南省文山壮族苗族自治州丘北县双龙营镇普者黑村,,云南省,,,非A,乡村旅游重点村,unknown,pending,第三批全国乡村旅游重点村,https://www.mct.gov.cn/tourism/#/list,API目录ID-38/2026-09-04,,,尚未映射到可回跳的知识库景点卡,,,1,CN-POOL-20260904-r0,MCT内容ID=14311；来源文件=content_38.json
CN-P-001820,fea024ad8d3880b3e074dc818b22a344c673c0d765fc866a99e5cf7b8c204dcc,西藏自治区日喀则市定结县琼孜乡姆村,,西藏自治区,,,非A,乡村旅游重点村,unknown,pending,第三批全国乡村旅游重点村,https://www.mct.gov.cn/tourism/#/list,API目录ID-38/2026-09-04,,,尚未映射到可回跳的知识库景点卡,,,1,CN-POOL-20260904-r0,MCT内容ID=14312；来源文件=content_38.json
CN-P-001821,1f64ac4287291ff80d96367a73311699aababf7ffaaac87f703097fce4d64d01,西藏自治区日喀则市亚东县帕里镇四居委会,,西藏自治区,,,非A,乡村旅游重点村,unknown,pending,第三批全国乡村旅游重点村,https://www.mct.gov.cn/tourism/#/list,API目录ID-38/2026-09-04,,,尚未映射到可回跳的知识库景点卡,,,1,CN-POOL-20260904-r0,MCT内容ID=14313；来源文件=content_38.json
CN-P-001822,fab7770a2d421acc8b7367e0b3fd847b9488df7771bb5083b085ba9866282ba1,西藏自治区山南市洛扎县色乡色村,,西藏自治区,,,非A,乡村旅游重点村,unknown,pending,第三批全国乡村旅游重点村,https://www.mct.gov.cn/tourism/#/list,API目录ID-38/2026-09-04,,,尚未映射到可回跳的知识库景点卡,,,1,CN-POOL-20260904-r0,MCT内容ID=14314；来源文件=content_38.json
CN-P-001823,6083093571fe790f15971271a6f80e7bec1cc4f9485fc4c5058b45632154caa6,西藏自治区山南市洛扎县拉郊乡拉郊村,,西藏自治区,,,非A,乡村旅游重点村,unknown,pending,第三批全国乡村旅游重点村,https://www.mct.gov.cn/tourism/#/list,API目录ID-38/2026-09-04,,,尚未映射到可回跳的知识库景点卡,,,1,CN-POOL-20260904-r0,MCT内容ID=14315；来源文件=content_38.json
CN-P-001824,14dc8b602ed5987257727feebc36281dfda201585d03b76f21fcf83ee99c293e,西藏自治区林芝市米林县南伊珞巴民族乡南伊村,,西藏自治区,,,非A,乡村旅游重点村,unknown,pending,第三批全国乡村旅游重点村,https://www.mct.gov.cn/tourism/#/list,API目录ID-38/2026-09-04,,,尚未映射到可回跳的知识库景点卡,,,1,CN-POOL-20260904-r0,MCT内容ID=14316；来源文件=content_38.json
CN-P-001825,e82437c629df1866387bef380e49acbcba676187510525e9c4055eca239f8047,陕西省西安市鄠邑区石井街道蔡家坡村,,陕西省,,,非A,乡村旅游重点村,unknown,pending,第三批全国乡村旅游重点村,https://www.mct.gov.cn/tourism/#/list,API目录ID-38/2026-09-04,,,尚未映射到可回跳的知识库景点卡,,,1,CN-POOL-20260904-r0,MCT内容ID=14317；来源文件=content_38.json
CN-P-001826,f098ff9ca837ddf0a0957393ce0303847935f36f4a1e85e05681c19fb41acba9,陕西省宝鸡市金台区金河镇周家庄村,,陕西省,,,非A,乡村旅游重点村,unknown,pending,第三批全国乡村旅游重点村,https://www.mct.gov.cn/tourism/#/list,API目录ID-38/2026-09-04,,,尚未映射到可回跳的知识库景点卡,,,1,CN-POOL-20260904-r0,MCT内容ID=14318；来源文件=content_38.json
CN-P-001827,fc7429b1aaec8ad14555be70e6a0a659a01d6233051424b29287c11596bf4edd,陕西省渭南市合阳县黑池镇南社社区,,陕西省,,,非A,乡村旅游重点村,unknown,pending,第三批全国乡村旅游重点村,https://www.mct.gov.cn/tourism/#/list,API目录ID-38/2026-09-04,,,尚未映射到可回跳的知识库景点卡,,,1,CN-POOL-20260904-r0,MCT内容ID=14319；来源文件=content_38.json
CN-P-001828,d53e8eaab5ce71f4cfd2a0a15bc0bc57828ce37132bd14fece1553f96363d51a,陕西省汉中市南郑区汉山街道汉山村,,陕西省,,,非A,乡村旅游重点村,unknown,pending,第三批全国乡村旅游重点村,https://www.mct.gov.cn/tourism/#/list,API目录ID-38/2026-09-04,,,尚未映射到可回跳的知识库景点卡,,,1,CN-POOL-20260904-r0,MCT内容ID=14320；来源文件=content_38.json
CN-P-001829,2372ce5c79fe8456c60338a85a64a7de2466539728de2453c905bcf51f882faf,陕西省商洛市山阳县法官镇法官庙村,,陕西省,,,非A,乡村旅游重点村,unknown,pending,第三批全国乡村旅游重点村,https://www.mct.gov.cn/tourism/#/list,API目录ID-38/2026-09-04,,,尚未映射到可回跳的知识库景点卡,,,1,CN-POOL-20260904-r0,MCT内容ID=14321；来源文件=content_38.json
CN-P-001830,c4560ec6a438829700da781d8cdd35632923cb8986e18d2560bda321345e7f49,陕西省延安市宝塔区万花山镇佛道坪村,,陕西省,,,非A,乡村旅游重点村,unknown,pending,第三批全国乡村旅游重点村,https://www.mct.gov.cn/tourism/#/list,API目录ID-38/2026-09-04,,,尚未映射到可回跳的知识库景点卡,,,1,CN-POOL-20260904-r0,MCT内容ID=14322；来源文件=content_38.json
CN-P-001831,5f455c8504fb04d8dfa07318502bca3ecc57731339938969b50a2c3892efed9b,甘肃省兰州市榆中县小康营乡浪街村,,甘肃省,,,非A,乡村旅游重点村,unknown,pending,第三批全国乡村旅游重点村,https://www.mct.gov.cn/tourism/#/list,API目录ID-38/2026-09-04,,,尚未映射到可回跳的知识库景点卡,,,1,CN-POOL-20260904-r0,MCT内容ID=14323；来源文件=content_38.json
CN-P-001832,83d01bdc7992f1c92a382f33e420100354af75e8071d2d0419989897ffbcec19,甘肃省定西市渭源县田家河乡元古堆村,,甘肃省,,,非A,乡村旅游重点村,unknown,pending,第三批全国乡村旅游重点村,https://www.mct.gov.cn/tourism/#/list,API目录ID-38/2026-09-04,,,尚未映射到可回跳的知识库景点卡,,,1,CN-POOL-20260904-r0,MCT内容ID=14324；来源文件=content_38.json
CN-P-001833,ac9052e8e7a0bcc11de5e5758db4aac9a345dd2364b397022dae852e484d5700,甘肃省武威市凉州区高坝镇蜻蜓村,,甘肃省,,,非A,乡村旅游重点村,unknown,pending,第三批全国乡村旅游重点村,https://www.mct.gov.cn/tourism/#/list,API目录ID-38/2026-09-04,,,尚未映射到可回跳的知识库景点卡,,,1,CN-POOL-20260904-r0,MCT内容ID=14325；来源文件=content_38.json
CN-P-001834,4a25280d8ff559627953d975e3044dd6180ccb7a9d5f4bf443c7351fd605ddae,甘肃省白银市白银区水川镇顾家善村,,甘肃省,,,非A,乡村旅游重点村,unknown,pending,第三批全国乡村旅游重点村,https://www.mct.gov.cn/tourism/#/list,API目录ID-38/2026-09-04,,,尚未映射到可回跳的知识库景点卡,,,1,CN-POOL-20260904-r0,MCT内容ID=14326；来源文件=content_38.json
CN-P-001835,8f131a710e5d52b0b8a578df5ba1f9be94d5f5879145ebbe7b587f5c5fea2e3f,甘肃省临夏回族自治州康乐县八松乡纳沟村,,甘肃省,,,非A,乡村旅游重点村,unknown,pending,第三批全国乡村旅游重点村,https://www.mct.gov.cn/tourism/#/list,API目录ID-38/2026-09-04,,,尚未映射到可回跳的知识库景点卡,,,1,CN-POOL-20260904-r0,MCT内容ID=14327；来源文件=content_38.json
CN-P-001836,eb35d481a4b459ff92a3ea84dc11d83bb670577b61773be10b7961d93fb8adc1,甘肃省庆阳市庆城县庆城镇药王洞村,,甘肃省,,,非A,乡村旅游重点村,unknown,pending,第三批全国乡村旅游重点村,https://www.mct.gov.cn/tourism/#/list,API目录ID-38/2026-09-04,,,尚未映射到可回跳的知识库景点卡,,,1,CN-POOL-20260904-r0,MCT内容ID=14328；来源文件=content_38.json
CN-P-001837,f7de0c0732fba23e09718e02d0d370d074fc9aabc92d8f3e574fba42129a8522,青海省西宁市大通回族土族自治县朔北藏族乡东至沟村,,青海省,,,非A,乡村旅游重点村,unknown,pending,第三批全国乡村旅游重点村,https://www.mct.gov.cn/tourism/#/list,API目录ID-38/2026-09-04,,,尚未映射到可回跳的知识库景点卡,,,1,CN-POOL-20260904-r0,MCT内容ID=14329；来源文件=content_38.json
CN-P-001838,6341811eb13bcaf70fba3dfd32a6e062b0f535a35414ce6666eed22fbb7c3508,青海省海东市化隆回族自治县群科镇安达其哈村,,青海省,,,非A,乡村旅游重点村,unknown,pending,第三批全国乡村旅游重点村,https://www.mct.gov.cn/tourism/#/list,API目录ID-38/2026-09-04,,,尚未映射到可回跳的知识库景点卡,,,1,CN-POOL-20260904-r0,MCT内容ID=14330；来源文件=content_38.json
CN-P-001839,67a20f47b69f65d59c97390e4382a8e41ebb04d0a6d837016901fc47b437be36,青海省黄南藏族自治州同仁市扎毛乡扎毛村,,青海省,,,非A,乡村旅游重点村,unknown,pending,第三批全国乡村旅游重点村,https://www.mct.gov.cn/tourism/#/list,API目录ID-38/2026-09-04,,,尚未映射到可回跳的知识库景点卡,,,1,CN-POOL-20260904-r0,MCT内容ID=14331；来源文件=content_38.json
CN-P-001840,70c6c35bf57b8b6151247f78624f8d56d4daf01142f5fd9fb742c46d161411be,青海省海东市乐都区高庙镇新庄村,,青海省,,,非A,乡村旅游重点村,unknown,pending,第三批全国乡村旅游重点村,https://www.mct.gov.cn/tourism/#/list,API目录ID-38/2026-09-04,,,尚未映射到可回跳的知识库景点卡,,,1,CN-POOL-20260904-r0,MCT内容ID=14332；来源文件=content_38.json
CN-P-001841,edce04efba66d90b14c9891d3ed42bd78e2ddba414b464e1e774f5d218307352,青海省海南藏族自治州贵德县河西镇团结村,,青海省,,,非A,乡村旅游重点村,unknown,pending,第三批全国乡村旅游重点村,https://www.mct.gov.cn/tourism/#/list,API目录ID-38/2026-09-04,,,尚未映射到可回跳的知识库景点卡,,,1,CN-POOL-20260904-r0,MCT内容ID=14333；来源文件=content_38.json
CN-P-001842,6581d2526a3d010b878d83bd3841c2d607bd6ca613ed36173ff96e067e09cfc2,宁夏回族自治区吴忠市青铜峡市大坝镇韦桥村,,宁夏回族自治区,,,非A,乡村旅游重点村,unknown,pending,第三批全国乡村旅游重点村,https://www.mct.gov.cn/tourism/#/list,API目录ID-38/2026-09-04,,,尚未映射到可回跳的知识库景点卡,,,1,CN-POOL-20260904-r0,MCT内容ID=14334；来源文件=content_38.json
CN-P-001843,054e1d645385b7c0940d64b02889dc53453b4109b9d23173834adfd9c37cf47e,宁夏回族自治区吴忠市红寺堡区红寺堡镇弘德村,,宁夏回族自治区,,,非A,乡村旅游重点村,unknown,pending,第三批全国乡村旅游重点村,https://www.mct.gov.cn/tourism/#/list,API目录ID-38/2026-09-04,,,尚未映射到可回跳的知识库景点卡,,,1,CN-POOL-20260904-r0,MCT内容ID=14335；来源文件=content_38.json
CN-P-001844,7a7876ae59278c15e63fb85ec189bead6dec09f05fa95c01f12cc3a94eeaf884,宁夏回族自治区石嘴山市平罗县高仁乡六顷地村,,宁夏回族自治区,,,非A,乡村旅游重点村,unknown,pending,第三批全国乡村旅游重点村,https://www.mct.gov.cn/tourism/#/list,API目录ID-38/2026-09-04,,,尚未映射到可回跳的知识库景点卡,,,1,CN-POOL-20260904-r0,MCT内容ID=14336；来源文件=content_38.json
CN-P-001845,c2d4b527540396f73e92376df079805125c3ddc3e50c72150db177223720ebb7,宁夏回族自治区中卫市中宁县余丁乡黄羊村,,宁夏回族自治区,,,非A,乡村旅游重点村,unknown,pending,第三批全国乡村旅游重点村,https://www.mct.gov.cn/tourism/#/list,API目录ID-38/2026-09-04,,,尚未映射到可回跳的知识库景点卡,,,1,CN-POOL-20260904-r0,MCT内容ID=14337；来源文件=content_38.json
CN-P-001846,765b3914d165839747c65fec21a4f79d0dd2e2da047c4b5f2b99ad00b21b839a,宁夏回族自治区固原市隆德县凤岭乡李士村,,宁夏回族自治区,,,非A,乡村旅游重点村,unknown,pending,第三批全国乡村旅游重点村,https://www.mct.gov.cn/tourism/#/list,API目录ID-38/2026-09-04,,,尚未映射到可回跳的知识库景点卡,,,1,CN-POOL-20260904-r0,MCT内容ID=14338；来源文件=content_38.json
CN-P-001847,f2eb11c5389480b1d656c707961b56a106871961896cc9c9cd9082ac94353631,新疆维吾尔自治区阿勒泰地区喀纳斯景区铁热克提乡白哈巴村,,新疆维吾尔自治区,,,非A,乡村旅游重点村,unknown,pending,第三批全国乡村旅游重点村,https://www.mct.gov.cn/tourism/#/list,API目录ID-38/2026-09-04,,,尚未映射到可回跳的知识库景点卡,,,1,CN-POOL-20260904-r0,MCT内容ID=14339；来源文件=content_38.json
CN-P-001848,08c9e13803351797f5931159d14997d92d45ff27e020027d2402f5c13d973c7b,新疆维吾尔自治区阿勒泰地区吉木乃县托斯特乡塔斯特村（石头村）,,新疆维吾尔自治区,,,非A,乡村旅游重点村,unknown,pending,第三批全国乡村旅游重点村,https://www.mct.gov.cn/tourism/#/list,API目录ID-38/2026-09-04,,,尚未映射到可回跳的知识库景点卡,,,1,CN-POOL-20260904-r0,MCT内容ID=14340；来源文件=content_38.json
CN-P-001849,31874a4f15a6d871ceb3d6570b5d719857e8a28e2e41224dfc1624a807ca2f22,新疆维吾尔自治区伊犁哈萨克自治州新源县那拉提镇拜依盖托别村,,新疆维吾尔自治区,,,非A,乡村旅游重点村,unknown,pending,第三批全国乡村旅游重点村,https://www.mct.gov.cn/tourism/#/list,API目录ID-38/2026-09-04,,,尚未映射到可回跳的知识库景点卡,,,1,CN-POOL-20260904-r0,MCT内容ID=14341；来源文件=content_38.json
CN-P-001850,e807f3502469dcb31dd519e9742c08c1683cd94598f570bf45c52559464a52d7,新疆维吾尔自治区昌吉回族自治州昌吉市六工镇十三户村,,新疆维吾尔自治区,,,非A,乡村旅游重点村,unknown,pending,第三批全国乡村旅游重点村,https://www.mct.gov.cn/tourism/#/list,API目录ID-38/2026-09-04,,,尚未映射到可回跳的知识库景点卡,,,1,CN-POOL-20260904-r0,MCT内容ID=14342；来源文件=content_38.json
CN-P-001851,f92ed2e0c1d2a2a76f9ce582add547ffa3902a25288f42d086fc570424357759,新疆维吾尔自治区克拉玛依市乌尔禾区乌尔禾镇查干草村,,新疆维吾尔自治区,,,非A,乡村旅游重点村,unknown,pending,第三批全国乡村旅游重点村,https://www.mct.gov.cn/tourism/#/list,API目录ID-38/2026-09-04,,,尚未映射到可回跳的知识库景点卡,,,1,CN-POOL-20260904-r0,MCT内容ID=14343；来源文件=content_38.json
CN-P-001852,845d534bd6948417dd78299f2a676f6fad3481603a0cb97c81e1070a8354e1dc,新疆维吾尔自治区吐鲁番市高昌区葡萄镇巴格日社区,,新疆维吾尔自治区,,,非A,乡村旅游重点村,unknown,pending,第三批全国乡村旅游重点村,https://www.mct.gov.cn/tourism/#/list,API目录ID-38/2026-09-04,,,尚未映射到可回跳的知识库景点卡,,,1,CN-POOL-20260904-r0,MCT内容ID=14344；来源文件=content_38.json
CN-P-001853,cd7597e5e568f23573bd8a870ab559e84945555a1081ce23222203e6aa110805,新疆生产建设兵团第一师16团1连,,新疆生产建设兵团,,,非A,乡村旅游重点村,unknown,pending,第三批全国乡村旅游重点村,https://www.mct.gov.cn/tourism/#/list,API目录ID-38/2026-09-04,,,尚未映射到可回跳的知识库景点卡,,,1,CN-POOL-20260904-r0,MCT内容ID=14345；来源文件=content_38.json
CN-P-001854,4f3bf7ff4fef9fff90638efda98ad95adf84638f706bf1a8a28623bc964dbf01,新疆生产建设兵团第二师27团8连,,新疆生产建设兵团,,,非A,乡村旅游重点村,unknown,pending,第三批全国乡村旅游重点村,https://www.mct.gov.cn/tourism/#/list,API目录ID-38/2026-09-04,,,尚未映射到可回跳的知识库景点卡,,,1,CN-POOL-20260904-r0,MCT内容ID=14346；来源文件=content_38.json
CN-P-001855,675ea431ea7980d47277f0006054afd19c95744b7913debc59aae13b88d4cf5d,新疆生产建设兵团第六师红旗农场11连,,新疆生产建设兵团,,,非A,乡村旅游重点村,unknown,pending,第三批全国乡村旅游重点村,https://www.mct.gov.cn/tourism/#/list,API目录ID-38/2026-09-04,,,尚未映射到可回跳的知识库景点卡,,,1,CN-POOL-20260904-r0,MCT内容ID=14347；来源文件=content_38.json
CN-P-001856,574cc378f94d69535bf26d83056973492dee5139f3391a517d6d3495210c4eb2,新疆生产建设兵团第九师161团8连,,新疆生产建设兵团,,,非A,乡村旅游重点村,unknown,pending,第三批全国乡村旅游重点村,https://www.mct.gov.cn/tourism/#/list,API目录ID-38/2026-09-04,,,尚未映射到可回跳的知识库景点卡,,,1,CN-POOL-20260904-r0,MCT内容ID=14348；来源文件=content_38.json
CN-P-001857,6fcaa9488d487bc402ae8d9fb5e5329333c1ceb9f0a53493b9bd91a575f3a6e1,新疆生产建设兵团第十四师皮山农场1连,,新疆生产建设兵团,,,非A,乡村旅游重点村,unknown,pending,第三批全国乡村旅游重点村,https://www.mct.gov.cn/tourism/#/list,API目录ID-38/2026-09-04,,,尚未映射到可回跳的知识库景点卡,,,1,CN-POOL-20260904-r0,MCT内容ID=14349；来源文件=content_38.json
CN-P-001858,3a4e9f5e5e0ad396edb5877e270dc469a0aa532334b3e1aead2e89f8d78cd2c6,北京市门头沟区妙峰山镇炭厂村,,北京市,,,非A,乡村旅游重点村,unknown,pending,第四批全国乡村旅游重点村,https://www.mct.gov.cn/tourism/#/list,API目录ID-43/2026-09-04,,,尚未映射到可回跳的知识库景点卡,,,1,CN-POOL-20260904-r0,MCT内容ID=56236；来源文件=content_43.json
CN-P-001859,7b4051e8693860ace517a1db14509819b89937488ac82f9db41b13c259f92dda,北京市房山区史家营乡金鸡台村,,北京市,,,非A,乡村旅游重点村,unknown,pending,第四批全国乡村旅游重点村,https://www.mct.gov.cn/tourism/#/list,API目录ID-43/2026-09-04,,,尚未映射到可回跳的知识库景点卡,,,1,CN-POOL-20260904-r0,MCT内容ID=56237；来源文件=content_43.json
CN-P-001860,0fc915c81d5a92335f141d224ba94588110bce9fe33e200ace094fa7e53bc9a3,北京市昌平区兴寿镇下苑村,,北京市,,,非A,乡村旅游重点村,unknown,pending,第四批全国乡村旅游重点村,https://www.mct.gov.cn/tourism/#/list,API目录ID-43/2026-09-04,,,尚未映射到可回跳的知识库景点卡,,,1,CN-POOL-20260904-r0,MCT内容ID=56238；来源文件=content_43.json
CN-P-001861,4428e89abb4ac56e9a93409acbf65a6b0f40c103783ad9bf8f04c71347af5097,北京市密云区新城子镇遥桥峪村,,北京市,,,非A,乡村旅游重点村,unknown,pending,第四批全国乡村旅游重点村,https://www.mct.gov.cn/tourism/#/list,API目录ID-43/2026-09-04,,,尚未映射到可回跳的知识库景点卡,,,1,CN-POOL-20260904-r0,MCT内容ID=56239；来源文件=content_43.json
CN-P-001862,4dd1e429cb58cf3aef71f4a5ee2415b0c04a10c17ac70cd7d035a64b7b3c1efb,北京市延庆区康庄镇火烧营村,,北京市,,,非A,乡村旅游重点村,unknown,pending,第四批全国乡村旅游重点村,https://www.mct.gov.cn/tourism/#/list,API目录ID-43/2026-09-04,,,尚未映射到可回跳的知识库景点卡,,,1,CN-POOL-20260904-r0,MCT内容ID=56240；来源文件=content_43.json
CN-P-001863,bbc45fa7ca36ffc319fafbaabd690e3c51ffd0287e580698ed6648833c3d7ec3,北京市延庆区四海镇大吉祥村,,北京市,,,非A,乡村旅游重点村,unknown,pending,第四批全国乡村旅游重点村,https://www.mct.gov.cn/tourism/#/list,API目录ID-43/2026-09-04,,,尚未映射到可回跳的知识库景点卡,,,1,CN-POOL-20260904-r0,MCT内容ID=56241；来源文件=content_43.json
CN-P-001864,d302b9e76251b4581a46b85f5c24cd6d95f13d39875110d8918ff976057a543c,天津市蓟州区罗庄子镇赵家峪村,,天津市,,,非A,乡村旅游重点村,unknown,pending,第四批全国乡村旅游重点村,https://www.mct.gov.cn/tourism/#/list,API目录ID-43/2026-09-04,,,尚未映射到可回跳的知识库景点卡,,,1,CN-POOL-20260904-r0,MCT内容ID=56242；来源文件=content_43.json
CN-P-001865,941082d10edec7c0727241b97ed6316f09edcc0df3b063d239cae2b376854b57,天津市宁河区丰台镇岳秀庄村,,天津市,,,非A,乡村旅游重点村,unknown,pending,第四批全国乡村旅游重点村,https://www.mct.gov.cn/tourism/#/list,API目录ID-43/2026-09-04,,,尚未映射到可回跳的知识库景点卡,,,1,CN-POOL-20260904-r0,MCT内容ID=56243；来源文件=content_43.json
CN-P-001866,2cf937c95c8c47c9a136d0bfdd6c7bbe02c728e94852999d1f091571a5dba8fa,天津市西青区杨柳青镇白滩寺村,,天津市,,,非A,乡村旅游重点村,unknown,pending,第四批全国乡村旅游重点村,https://www.mct.gov.cn/tourism/#/list,API目录ID-43/2026-09-04,,,尚未映射到可回跳的知识库景点卡,,,1,CN-POOL-20260904-r0,MCT内容ID=56244；来源文件=content_43.json
CN-P-001867,c261337a8e637f7d04945095573809e40112e264f7e1ca71556624efee5ca78c,天津市宝坻区黄庄镇李宦庄村,,天津市,,,非A,乡村旅游重点村,unknown,pending,第四批全国乡村旅游重点村,https://www.mct.gov.cn/tourism/#/list,API目录ID-43/2026-09-04,,,尚未映射到可回跳的知识库景点卡,,,1,CN-POOL-20260904-r0,MCT内容ID=56245；来源文件=content_43.json
CN-P-001868,ef52418915592fc3fdfd8d1c9cc42fc4334fe5d082eb43ee041f9413118b8747,天津市津南区八里台镇西小站村,,天津市,,,非A,乡村旅游重点村,unknown,pending,第四批全国乡村旅游重点村,https://www.mct.gov.cn/tourism/#/list,API目录ID-43/2026-09-04,,,尚未映射到可回跳的知识库景点卡,,,1,CN-POOL-20260904-r0,MCT内容ID=56246；来源文件=content_43.json
CN-P-001869,71c90f07e85a9d2816f2c064cdf248bc82809e92a68fb3075069c659e951c444,河北省石家庄市井陉县秀林镇南横口村,,河北省,,,非A,乡村旅游重点村,unknown,pending,第四批全国乡村旅游重点村,https://www.mct.gov.cn/tourism/#/list,API目录ID-43/2026-09-04,,,尚未映射到可回跳的知识库景点卡,,,1,CN-POOL-20260904-r0,MCT内容ID=56247；来源文件=content_43.json
CN-P-001870,0a7565d9dee6e751e26fcb5a03ec8ae2cd824474e4979c9d41c3aff2a384f852,河北省秦皇岛市海港区房庄村,,河北省,,,非A,乡村旅游重点村,unknown,pending,第四批全国乡村旅游重点村,https://www.mct.gov.cn/tourism/#/list,API目录ID-43/2026-09-04,,,尚未映射到可回跳的知识库景点卡,,,1,CN-POOL-20260904-r0,MCT内容ID=56248；来源文件=content_43.json
CN-P-001871,f90dfd06d5da72ad13c4cf7398c9282b275b9ea2c76a26df7131eec8eabc5190,河北省邢台市信都区路罗镇小戈廖村,,河北省,,,非A,乡村旅游重点村,unknown,pending,第四批全国乡村旅游重点村,https://www.mct.gov.cn/tourism/#/list,API目录ID-43/2026-09-04,,,尚未映射到可回跳的知识库景点卡,,,1,CN-POOL-20260904-r0,MCT内容ID=56249；来源文件=content_43.json
CN-P-001872,f39d758120d07f72fb95c93df9c232c7c0d81831ba2c858017f17e057a165667,河北省承德市兴隆县大水泉镇迷子地村,,河北省,,,非A,乡村旅游重点村,unknown,pending,第四批全国乡村旅游重点村,https://www.mct.gov.cn/tourism/#/list,API目录ID-43/2026-09-04,,,尚未映射到可回跳的知识库景点卡,,,1,CN-POOL-20260904-r0,MCT内容ID=56250；来源文件=content_43.json
CN-P-001873,264fd090e467c44a50de3c484a7e045930a544fd3750240410f1707f66f1ddc6,河北省保定市易县安格庄乡田岗村,,河北省,,,非A,乡村旅游重点村,unknown,pending,第四批全国乡村旅游重点村,https://www.mct.gov.cn/tourism/#/list,API目录ID-43/2026-09-04,,,尚未映射到可回跳的知识库景点卡,,,1,CN-POOL-20260904-r0,MCT内容ID=56251；来源文件=content_43.json
CN-P-001874,2464ca32d3dae2c6dc4dd030b501c5bfbd2355a3e78504b1864619426fea0d26,河北省邯郸市涉县更乐镇大洼村,,河北省,,,非A,乡村旅游重点村,unknown,pending,第四批全国乡村旅游重点村,https://www.mct.gov.cn/tourism/#/list,API目录ID-43/2026-09-04,,,尚未映射到可回跳的知识库景点卡,,,1,CN-POOL-20260904-r0,MCT内容ID=56252；来源文件=content_43.json
CN-P-001875,ac2cf4d1769c0389a9f7ed999e1e077b44a92e825142b277e7a9f12071e40903,河北省唐山市遵化市团瓢庄乡山里各庄村,,河北省,,,非A,乡村旅游重点村,unknown,pending,第四批全国乡村旅游重点村,https://www.mct.gov.cn/tourism/#/list,API目录ID-43/2026-09-04,,,尚未映射到可回跳的知识库景点卡,,,1,CN-POOL-20260904-r0,MCT内容ID=56253；来源文件=content_43.json
CN-P-001876,f2d7d58edb32cf7ce3bfc62a0a06169a0cbed98aecf40857c9abb33385727f49,山西省阳泉市郊区西南舁乡咀子上村,,山西省,,,非A,乡村旅游重点村,unknown,pending,第四批全国乡村旅游重点村,https://www.mct.gov.cn/tourism/#/list,API目录ID-43/2026-09-04,,,尚未映射到可回跳的知识库景点卡,,,1,CN-POOL-20260904-r0,MCT内容ID=56254；来源文件=content_43.json
CN-P-001877,5d3dfb60108a9aebb3d3d14b1e54072f88d55435861040f012df92a6e61e5ea6,山西省长治市壶关县石坡乡南平头坞村,,山西省,,,非A,乡村旅游重点村,unknown,pending,第四批全国乡村旅游重点村,https://www.mct.gov.cn/tourism/#/list,API目录ID-43/2026-09-04,,,尚未映射到可回跳的知识库景点卡,,,1,CN-POOL-20260904-r0,MCT内容ID=56255；来源文件=content_43.json
CN-P-001878,86b1a56b8f0354afbd34a533279d5accae510132d70a4a9be20ec065ba9f14fb,山西省晋城市阳城县北留镇皇城村,,山西省,,,非A,乡村旅游重点村,unknown,pending,第四批全国乡村旅游重点村,https://www.mct.gov.cn/tourism/#/list,API目录ID-43/2026-09-04,,,尚未映射到可回跳的知识库景点卡,,,1,CN-POOL-20260904-r0,MCT内容ID=56256；来源文件=content_43.json
CN-P-001879,303be36240bd96ee9af76d0fb11a49b4346342593304ccb24a44ac93e082bb47,山西省临汾市曲沃县北董乡南林交村,,山西省,,,非A,乡村旅游重点村,unknown,pending,第四批全国乡村旅游重点村,https://www.mct.gov.cn/tourism/#/list,API目录ID-43/2026-09-04,,,尚未映射到可回跳的知识库景点卡,,,1,CN-POOL-20260904-r0,MCT内容ID=56257；来源文件=content_43.json
CN-P-001880,b96b84de4fe4d171a70b39e50e48e6bba25f25384d6a13fb29fc905e67c5054c,山西省运城市万荣县高村乡闫景村,,山西省,,,非A,乡村旅游重点村,unknown,pending,第四批全国乡村旅游重点村,https://www.mct.gov.cn/tourism/#/list,API目录ID-43/2026-09-04,,,尚未映射到可回跳的知识库景点卡,,,1,CN-POOL-20260904-r0,MCT内容ID=56258；来源文件=content_43.json
CN-P-001881,6cd7877bfb83edab8daf3abba196d63f02368c04fc185a3b65d1e348c9721029,山西省忻州市宁武县宁化镇宁化村,,山西省,,,非A,乡村旅游重点村,unknown,pending,第四批全国乡村旅游重点村,https://www.mct.gov.cn/tourism/#/list,API目录ID-43/2026-09-04,,,尚未映射到可回跳的知识库景点卡,,,1,CN-POOL-20260904-r0,MCT内容ID=56259；来源文件=content_43.json
CN-P-001882,63d6279a13e9667a1c5e7f6f104aff06be159a1395c64b0977814f9c39938aa0,内蒙古自治区赤峰市喀喇沁旗河南街道马鞍山村,,内蒙古自治区,,,非A,乡村旅游重点村,unknown,pending,第四批全国乡村旅游重点村,https://www.mct.gov.cn/tourism/#/list,API目录ID-43/2026-09-04,,,尚未映射到可回跳的知识库景点卡,,,1,CN-POOL-20260904-r0,MCT内容ID=56260；来源文件=content_43.json
CN-P-001883,1509466d1f4c1d7c79d1179ae79b3234558024050d5dcf9b5435b8d7a09d92a5,内蒙古自治区呼伦贝尔市阿荣旗新发朝鲜族乡东光村,,内蒙古自治区,,,非A,乡村旅游重点村,unknown,pending,第四批全国乡村旅游重点村,https://www.mct.gov.cn/tourism/#/list,API目录ID-43/2026-09-04,,,尚未映射到可回跳的知识库景点卡,,,1,CN-POOL-20260904-r0,MCT内容ID=56261；来源文件=content_43.json
CN-P-001884,ebddbbe7bddad55568db7640cb53974dbdb3d423f9a154e3aafd103d14fd5916,内蒙古自治区鄂尔多斯市达拉特旗树林召镇林原村,,内蒙古自治区,,,非A,乡村旅游重点村,unknown,pending,第四批全国乡村旅游重点村,https://www.mct.gov.cn/tourism/#/list,API目录ID-43/2026-09-04,,,尚未映射到可回跳的知识库景点卡,,,1,CN-POOL-20260904-r0,MCT内容ID=56262；来源文件=content_43.json
CN-P-001885,3ccbc061c1ee8dd8912d6eeefd322da20b3192078b601475cf80890e26bc18a9,内蒙古自治区赤峰市松山区老府镇大乌良苏村,,内蒙古自治区,,,非A,乡村旅游重点村,unknown,pending,第四批全国乡村旅游重点村,https://www.mct.gov.cn/tourism/#/list,API目录ID-43/2026-09-04,,,尚未映射到可回跳的知识库景点卡,,,1,CN-POOL-20260904-r0,MCT内容ID=56263；来源文件=content_43.json
CN-P-001886,e1cb7281466d27a6d19fee114963205380b48c09800c9805bb6f43f91e44d1d9,内蒙古自治区包头市青山区兴胜镇东达沟村,,内蒙古自治区,,,非A,乡村旅游重点村,unknown,pending,第四批全国乡村旅游重点村,https://www.mct.gov.cn/tourism/#/list,API目录ID-43/2026-09-04,,,尚未映射到可回跳的知识库景点卡,,,1,CN-POOL-20260904-r0,MCT内容ID=56264；来源文件=content_43.json
CN-P-001887,0e54b9177c1e19efa73200203ac10813865553f0230a2b24b179fbb4416eecc2,内蒙古自治区乌海市乌达区乌兰淖尔镇泽园新村,,内蒙古自治区,,,非A,乡村旅游重点村,unknown,pending,第四批全国乡村旅游重点村,https://www.mct.gov.cn/tourism/#/list,API目录ID-43/2026-09-04,,,尚未映射到可回跳的知识库景点卡,,,1,CN-POOL-20260904-r0,MCT内容ID=56265；来源文件=content_43.json
CN-P-001888,c5290ba5ca66c1f654482832ab620a4302f205f8759e2d382346389d940fd451,辽宁省大连市金州区向应街道土门子村,,辽宁省,,,非A,乡村旅游重点村,unknown,pending,第四批全国乡村旅游重点村,https://www.mct.gov.cn/tourism/#/list,API目录ID-43/2026-09-04,,,尚未映射到可回跳的知识库景点卡,,,1,CN-POOL-20260904-r0,MCT内容ID=56266；来源文件=content_43.json
CN-P-001889,7431d746fbe8d10590bcb1dda628786491c6e5d9f5853e6a8c48108e691e2a9c,辽宁省丹东市宽甸满族自治县青山沟镇青山沟村,,辽宁省,,,非A,乡村旅游重点村,unknown,pending,第四批全国乡村旅游重点村,https://www.mct.gov.cn/tourism/#/list,API目录ID-43/2026-09-04,,,尚未映射到可回跳的知识库景点卡,,,1,CN-POOL-20260904-r0,MCT内容ID=56267；来源文件=content_43.json
CN-P-001890,dc5340fc6cf6ab29da211407c11d34128996b946fc2a0dcdc1fa9e219f681e35,辽宁省抚顺市清原满族自治县大苏河乡南天门村,,辽宁省,,,非A,乡村旅游重点村,unknown,pending,第四批全国乡村旅游重点村,https://www.mct.gov.cn/tourism/#/list,API目录ID-43/2026-09-04,,,尚未映射到可回跳的知识库景点卡,,,1,CN-POOL-20260904-r0,MCT内容ID=56268；来源文件=content_43.json
CN-P-001891,25a8ba15a70b888af17e3a324ba34fa82e38aa9982c8f4f61975b29fab959f49,辽宁省锦州市义县大榆树堡镇石匣子村,,辽宁省,,,非A,乡村旅游重点村,unknown,pending,第四批全国乡村旅游重点村,https://www.mct.gov.cn/tourism/#/list,API目录ID-43/2026-09-04,,,尚未映射到可回跳的知识库景点卡,,,1,CN-POOL-20260904-r0,MCT内容ID=56269；来源文件=content_43.json
CN-P-001892,c836697606b9f11ad4bc84ac0f3206edc2a181318e612f569eff64bad93d146c,辽宁省阜新市彰武县大德镇大德村,,辽宁省,,,非A,乡村旅游重点村,unknown,pending,第四批全国乡村旅游重点村,https://www.mct.gov.cn/tourism/#/list,API目录ID-43/2026-09-04,,,尚未映射到可回跳的知识库景点卡,,,1,CN-POOL-20260904-r0,MCT内容ID=56270；来源文件=content_43.json
CN-P-001893,a0a5a01b816a1e2c3d309ab88579da32a58ac97baa2c7541f221050f135b8a4a,辽宁省朝阳市喀喇沁左翼蒙古族自治县水泉镇南亮子村,,辽宁省,,,非A,乡村旅游重点村,unknown,pending,第四批全国乡村旅游重点村,https://www.mct.gov.cn/tourism/#/list,API目录ID-43/2026-09-04,,,尚未映射到可回跳的知识库景点卡,,,1,CN-POOL-20260904-r0,MCT内容ID=56271；来源文件=content_43.json
CN-P-001894,97dba0e6d1ca658f7da3674fc4de93e208f6fc34636638e9a9ef6f656b533267,吉林省白山市抚松县漫江镇锦江村,,吉林省,,,非A,乡村旅游重点村,unknown,pending,第四批全国乡村旅游重点村,https://www.mct.gov.cn/tourism/#/list,API目录ID-43/2026-09-04,,,尚未映射到可回跳的知识库景点卡,,,1,CN-POOL-20260904-r0,MCT内容ID=56272；来源文件=content_43.json
CN-P-001895,94355a4fb7bf04069964a56e390f5dfde7f9d8aa115f166455389c03d25604af,吉林省松原市前郭尔罗斯蒙古族自治县查干湖镇西索恩图村,,吉林省,,,非A,乡村旅游重点村,unknown,pending,第四批全国乡村旅游重点村,https://www.mct.gov.cn/tourism/#/list,API目录ID-43/2026-09-04,,,尚未映射到可回跳的知识库景点卡,,,1,CN-POOL-20260904-r0,MCT内容ID=56273；来源文件=content_43.json
CN-P-001896,b0ac982a258f2a2b9060f75b0fca6d5832ca9a9de5c8d4be59681c9a6e80b7e2,吉林省吉林市永吉县北大湖镇南沟村,,吉林省,,,非A,乡村旅游重点村,unknown,pending,第四批全国乡村旅游重点村,https://www.mct.gov.cn/tourism/#/list,API目录ID-43/2026-09-04,,,尚未映射到可回跳的知识库景点卡,,,1,CN-POOL-20260904-r0,MCT内容ID=56274；来源文件=content_43.json
CN-P-001897,7696be31581ef9afab7931b011cef11c76d10dfc9c5273cc5a413b95628c26d1,吉林省延边朝鲜族自治州龙井市东盛涌镇东明村,,吉林省,,,非A,乡村旅游重点村,unknown,pending,第四批全国乡村旅游重点村,https://www.mct.gov.cn/tourism/#/list,API目录ID-43/2026-09-04,,,尚未映射到可回跳的知识库景点卡,,,1,CN-POOL-20260904-r0,MCT内容ID=56275；来源文件=content_43.json
CN-P-001898,4f82879d02f646070e1a197fdb92a23bb94eb6c6bd53599cf13c691a9258d134,吉林省长春市九台区龙嘉街道红光村,,吉林省,,,非A,乡村旅游重点村,unknown,pending,第四批全国乡村旅游重点村,https://www.mct.gov.cn/tourism/#/list,API目录ID-43/2026-09-04,,,尚未映射到可回跳的知识库景点卡,,,1,CN-POOL-20260904-r0,MCT内容ID=56276；来源文件=content_43.json
CN-P-001899,08cfaf7048b08dcaf06d3be8222793834aff9b55d432bacf9465bac89e7198da,吉林省辽源市龙山区工农乡大良村,,吉林省,,,非A,乡村旅游重点村,unknown,pending,第四批全国乡村旅游重点村,https://www.mct.gov.cn/tourism/#/list,API目录ID-43/2026-09-04,,,尚未映射到可回跳的知识库景点卡,,,1,CN-POOL-20260904-r0,MCT内容ID=56277；来源文件=content_43.json
CN-P-001900,bf94b31360398e57ce73c52c93bb00deed036e174e9f8c31d361806b73d20105,黑龙江省哈尔滨市延寿县玉河镇新城村,,黑龙江省,,,非A,乡村旅游重点村,unknown,pending,第四批全国乡村旅游重点村,https://www.mct.gov.cn/tourism/#/list,API目录ID-43/2026-09-04,,,尚未映射到可回跳的知识库景点卡,,,1,CN-POOL-20260904-r0,MCT内容ID=56278；来源文件=content_43.json
CN-P-001901,b660b319f470497d98dc67f6e6c1b495294e390bf750e937123509cae48b9427,黑龙江省牡丹江市宁安市渤海镇上官地村,,黑龙江省,,,非A,乡村旅游重点村,unknown,pending,第四批全国乡村旅游重点村,https://www.mct.gov.cn/tourism/#/list,API目录ID-43/2026-09-04,,,尚未映射到可回跳的知识库景点卡,,,1,CN-POOL-20260904-r0,MCT内容ID=56279；来源文件=content_43.json
CN-P-001902,27a13d5394717d40af745ec4346df465c12e2dab7bd8ebdb4814c935aa68a218,黑龙江省佳木斯市汤原县汤原镇北靠山村,,黑龙江省,,,非A,乡村旅游重点村,unknown,pending,第四批全国乡村旅游重点村,https://www.mct.gov.cn/tourism/#/list,API目录ID-43/2026-09-04,,,尚未映射到可回跳的知识库景点卡,,,1,CN-POOL-20260904-r0,MCT内容ID=56280；来源文件=content_43.json
CN-P-001903,ffff15f610ab8f1db5694392a9e7ff7bd97b3d0377b42775cc2738a45213b27b,黑龙江省鸡西市城子河区永丰朝鲜族乡丰安村,,黑龙江省,,,非A,乡村旅游重点村,unknown,pending,第四批全国乡村旅游重点村,https://www.mct.gov.cn/tourism/#/list,API目录ID-43/2026-09-04,,,尚未映射到可回跳的知识库景点卡,,,1,CN-POOL-20260904-r0,MCT内容ID=56281；来源文件=content_43.json
CN-P-001904,2dadd5aaa87fe68f214a5e8d2969e452c066793ffe2755f97ea661e5d17a4449,黑龙江省伊春市金林区丰茂林场,,黑龙江省,,,非A,乡村旅游重点村,unknown,pending,第四批全国乡村旅游重点村,https://www.mct.gov.cn/tourism/#/list,API目录ID-43/2026-09-04,,,尚未映射到可回跳的知识库景点卡,,,1,CN-POOL-20260904-r0,MCT内容ID=56282；来源文件=content_43.json
CN-P-001905,df70319b3934c91d9eee910a9554bfa8bd1456745f18dca208b4da5d798bf4b1,黑龙江省大兴安岭地区塔河县十八站鄂伦春族乡鄂族村,,黑龙江省,,,非A,乡村旅游重点村,unknown,pending,第四批全国乡村旅游重点村,https://www.mct.gov.cn/tourism/#/list,API目录ID-43/2026-09-04,,,尚未映射到可回跳的知识库景点卡,,,1,CN-POOL-20260904-r0,MCT内容ID=56283；来源文件=content_43.json
CN-P-001906,0ec9270aedcdbc916b98a10955c883a240ed3c87ec0888d4691fbea88058ad7c,上海市宝山区月浦镇月狮村,,上海市,,,非A,乡村旅游重点村,unknown,pending,第四批全国乡村旅游重点村,https://www.mct.gov.cn/tourism/#/list,API目录ID-43/2026-09-04,,,尚未映射到可回跳的知识库景点卡,,,1,CN-POOL-20260904-r0,MCT内容ID=56284；来源文件=content_43.json
CN-P-001907,ea35506ef066ac627681e1bfbe1b12d58bd9a4e47cdaa2d8dc636589d723b47f,上海市嘉定区华亭镇毛桥村,,上海市,,,非A,乡村旅游重点村,unknown,pending,第四批全国乡村旅游重点村,https://www.mct.gov.cn/tourism/#/list,API目录ID-43/2026-09-04,,,尚未映射到可回跳的知识库景点卡,,,1,CN-POOL-20260904-r0,MCT内容ID=56285；来源文件=content_43.json
CN-P-001908,de83e845ef2d8ca540a2f7e85130fe055e7b8e982cc1ef478b4ebaa3f66b06ec,上海市金山区吕巷镇和平村,,上海市,,,非A,乡村旅游重点村,unknown,pending,第四批全国乡村旅游重点村,https://www.mct.gov.cn/tourism/#/list,API目录ID-43/2026-09-04,,,尚未映射到可回跳的知识库景点卡,,,1,CN-POOL-20260904-r0,MCT内容ID=56286；来源文件=content_43.json
CN-P-001909,0989e11465bef421b5e9fd18e6918e18aae30f2126c5c5d4f2e0f32d43c5a078,上海市松江区石湖荡镇东夏村,,上海市,,,非A,乡村旅游重点村,unknown,pending,第四批全国乡村旅游重点村,https://www.mct.gov.cn/tourism/#/list,API目录ID-43/2026-09-04,,,尚未映射到可回跳的知识库景点卡,,,1,CN-POOL-20260904-r0,MCT内容ID=56287；来源文件=content_43.json
CN-P-001910,e16498d537069a26b4705e50620627f5c29b1001f127994d2a7388e985cb6578,上海市奉贤区庄行镇潘垫村,,上海市,,,非A,乡村旅游重点村,unknown,pending,第四批全国乡村旅游重点村,https://www.mct.gov.cn/tourism/#/list,API目录ID-43/2026-09-04,,,尚未映射到可回跳的知识库景点卡,,,1,CN-POOL-20260904-r0,MCT内容ID=56288；来源文件=content_43.json
CN-P-001911,5e39f806d558ca8e89d5fab2657a03e6699468649723992abe0410ef72cf23a3,江苏省无锡市惠山区阳山镇桃源村,,江苏省,,,非A,乡村旅游重点村,unknown,pending,第四批全国乡村旅游重点村,https://www.mct.gov.cn/tourism/#/list,API目录ID-43/2026-09-04,,,尚未映射到可回跳的知识库景点卡,,,1,CN-POOL-20260904-r0,MCT内容ID=56289；来源文件=content_43.json
CN-P-001912,71ee6e66d0ffc0634c33ee762cb0c14f3d64eecb4b873e268162607e0aa53fdc,江苏省徐州市贾汪区茱萸山街道许阳村,,江苏省,,,非A,乡村旅游重点村,unknown,pending,第四批全国乡村旅游重点村,https://www.mct.gov.cn/tourism/#/list,API目录ID-43/2026-09-04,,,尚未映射到可回跳的知识库景点卡,,,1,CN-POOL-20260904-r0,MCT内容ID=56290；来源文件=content_43.json
CN-P-001913,b436a91a351f67faa7779c0ba82db2708654fa64b8f511d245befa6c7c7f64a1,江苏省盐城市盐都区潘黄街道仰徐村,,江苏省,,,非A,乡村旅游重点村,unknown,pending,第四批全国乡村旅游重点村,https://www.mct.gov.cn/tourism/#/list,API目录ID-43/2026-09-04,,,尚未映射到可回跳的知识库景点卡,,,1,CN-POOL-20260904-r0,MCT内容ID=56291；来源文件=content_43.json
CN-P-001914,141dcc2c32e8806d40f7e9ecc1f69c13b36957ee04dbb605671407e3f7369c66,江苏省扬州市高邮市菱塘回族乡清真村,,江苏省,,,非A,乡村旅游重点村,unknown,pending,第四批全国乡村旅游重点村,https://www.mct.gov.cn/tourism/#/list,API目录ID-43/2026-09-04,,,尚未映射到可回跳的知识库景点卡,,,1,CN-POOL-20260904-r0,MCT内容ID=56292；来源文件=content_43.json
CN-P-001915,0a005bf8f69504a7b152c55bc5b9f428309e21066c5c18ff466057e1babe3456,江苏省镇江市丹徒区世业镇世业村,,江苏省,,,非A,乡村旅游重点村,unknown,pending,第四批全国乡村旅游重点村,https://www.mct.gov.cn/tourism/#/list,API目录ID-43/2026-09-04,,,尚未映射到可回跳的知识库景点卡,,,1,CN-POOL-20260904-r0,MCT内容ID=56293；来源文件=content_43.json
CN-P-001916,6ade2e4cd2df33c455d33a5d8fbf4b010f1d149d3b3d12b4fd9563f85ae23ebc,江苏省泰州市姜堰区溱潼镇湖南村,,江苏省,,,非A,乡村旅游重点村,unknown,pending,第四批全国乡村旅游重点村,https://www.mct.gov.cn/tourism/#/list,API目录ID-43/2026-09-04,,,尚未映射到可回跳的知识库景点卡,,,1,CN-POOL-20260904-r0,MCT内容ID=56294；来源文件=content_43.json
CN-P-001917,aed81aced80983cb1fcdf3763c88ef3bda4917b796b748a689728ae4befb11ab,江苏省宿迁市泗阳县卢集镇成河村,,江苏省,,,非A,乡村旅游重点村,unknown,pending,第四批全国乡村旅游重点村,https://www.mct.gov.cn/tourism/#/list,API目录ID-43/2026-09-04,,,尚未映射到可回跳的知识库景点卡,,,1,CN-POOL-20260904-r0,MCT内容ID=56295；来源文件=content_43.json
CN-P-001918,84f2051615fcb63fa6d5c8310ecdde6c182f07336fbc4cfa1d4fb662be5e64e8,浙江省杭州市淳安县姜家镇姜家村,,浙江省,,,非A,乡村旅游重点村,unknown,pending,第四批全国乡村旅游重点村,https://www.mct.gov.cn/tourism/#/list,API目录ID-43/2026-09-04,,,尚未映射到可回跳的知识库景点卡,,,1,CN-POOL-20260904-r0,MCT内容ID=56296；来源文件=content_43.json
CN-P-001919,65ade1b934255efbf3a8cbacb304225848eff5c62c9689952fa01ac551072fd1,浙江省舟山市普陀区东极镇东极村,,浙江省,,,非A,乡村旅游重点村,unknown,pending,第四批全国乡村旅游重点村,https://www.mct.gov.cn/tourism/#/list,API目录ID-43/2026-09-04,,,尚未映射到可回跳的知识库景点卡,,,1,CN-POOL-20260904-r0,MCT内容ID=56297；来源文件=content_43.json
CN-P-001920,9c649b20cb9eeee0af35de23d4ee10a95bcd02ab1f7bf11e7945b9a83a860257,浙江省衢州市柯城区沟溪乡余东村,,浙江省,,,非A,乡村旅游重点村,unknown,pending,第四批全国乡村旅游重点村,https://www.mct.gov.cn/tourism/#/list,API目录ID-43/2026-09-04,,,尚未映射到可回跳的知识库景点卡,,,1,CN-POOL-20260904-r0,MCT内容ID=56298；来源文件=content_43.json
CN-P-001921,41d0ed5dcdca8599e13a4abd4de17a1b2906150ebc34027e53a4a49be7e23ef2,浙江省丽水市青田县方山乡龙现村,,浙江省,,,非A,乡村旅游重点村,unknown,pending,第四批全国乡村旅游重点村,https://www.mct.gov.cn/tourism/#/list,API目录ID-43/2026-09-04,,,尚未映射到可回跳的知识库景点卡,,,1,CN-POOL-20260904-r0,MCT内容ID=56299；来源文件=content_43.json
CN-P-001922,00e015ddfa09f324d3c7851f9c5be3adc794605dd81a37902dd6dcc342a5db00,浙江省嘉兴市平湖市林埭镇徐家埭村,,浙江省,,,非A,乡村旅游重点村,unknown,pending,第四批全国乡村旅游重点村,https://www.mct.gov.cn/tourism/#/list,API目录ID-43/2026-09-04,,,尚未映射到可回跳的知识库景点卡,,,1,CN-POOL-20260904-r0,MCT内容ID=56300；来源文件=content_43.json
CN-P-001923,0519eacd34f4fa22f0093f43b47f726368a771f99c57a53e2277256051e92c49,浙江省温州市苍南县矾山镇福德湾村,,浙江省,,,非A,乡村旅游重点村,unknown,pending,第四批全国乡村旅游重点村,https://www.mct.gov.cn/tourism/#/list,API目录ID-43/2026-09-04,,,尚未映射到可回跳的知识库景点卡,,,1,CN-POOL-20260904-r0,MCT内容ID=56301；来源文件=content_43.json
CN-P-001924,65ea7253c4cea8ea07ceb0de4ea00be7029217ffdbff95f8af956fe6232fe372,浙江省丽水市松阳县三都乡上田村,,浙江省,,,非A,乡村旅游重点村,unknown,pending,第四批全国乡村旅游重点村,https://www.mct.gov.cn/tourism/#/list,API目录ID-43/2026-09-04,,,尚未映射到可回跳的知识库景点卡,,,1,CN-POOL-20260904-r0,MCT内容ID=56302；来源文件=content_43.json
CN-P-001925,3b9daf18d1ab2d5aca5de8f3b7b0f7deee891abcf4a748d0851514ee97d06d2b,安徽省合肥市庐江县汤池镇百花村,,安徽省,,,非A,乡村旅游重点村,unknown,pending,第四批全国乡村旅游重点村,https://www.mct.gov.cn/tourism/#/list,API目录ID-43/2026-09-04,,,尚未映射到可回跳的知识库景点卡,,,1,CN-POOL-20260904-r0,MCT内容ID=56303；来源文件=content_43.json
CN-P-001926,08f9252ff567114d7060757410b0e1c6b8e96ef4e6239df12c68f29e37f9eed8,安徽省马鞍山市含山县铜闸镇太湖村,,安徽省,,,非A,乡村旅游重点村,unknown,pending,第四批全国乡村旅游重点村,https://www.mct.gov.cn/tourism/#/list,API目录ID-43/2026-09-04,,,尚未映射到可回跳的知识库景点卡,,,1,CN-POOL-20260904-r0,MCT内容ID=56304；来源文件=content_43.json
CN-P-001927,44a8412472b77c0056f9262f2d0b4da957db4d3c07d4d2a5634689ee2b1bd748,安徽省宣城市广德市卢村乡笄山村,,安徽省,,,非A,乡村旅游重点村,unknown,pending,第四批全国乡村旅游重点村,https://www.mct.gov.cn/tourism/#/list,API目录ID-43/2026-09-04,,,尚未映射到可回跳的知识库景点卡,,,1,CN-POOL-20260904-r0,MCT内容ID=56305；来源文件=content_43.json
CN-P-001928,40b9aa408cf9b55c4b2bf41704b8eb9d20754c3cb0a0a2e981fd5162e83d532e,安徽省池州市石台县矶滩乡洪墩村,,安徽省,,,非A,乡村旅游重点村,unknown,pending,第四批全国乡村旅游重点村,https://www.mct.gov.cn/tourism/#/list,API目录ID-43/2026-09-04,,,尚未映射到可回跳的知识库景点卡,,,1,CN-POOL-20260904-r0,MCT内容ID=56306；来源文件=content_43.json
CN-P-001929,6445469a6c6089eb63c0d8609b592eacc8f8a41150b03d82520b04ffcaf8f758,安徽省黄山市黟县碧阳镇丰梧村,,安徽省,,,非A,乡村旅游重点村,unknown,pending,第四批全国乡村旅游重点村,https://www.mct.gov.cn/tourism/#/list,API目录ID-43/2026-09-04,,,尚未映射到可回跳的知识库景点卡,,,1,CN-POOL-20260904-r0,MCT内容ID=56307；来源文件=content_43.json
CN-P-001930,be6b75e428ff2bb8286122c4abd0c718f6763803138a9831fb134bcffc2a7777,安徽省安庆市宿松县洲头乡金坝村,,安徽省,,,非A,乡村旅游重点村,unknown,pending,第四批全国乡村旅游重点村,https://www.mct.gov.cn/tourism/#/list,API目录ID-43/2026-09-04,,,尚未映射到可回跳的知识库景点卡,,,1,CN-POOL-20260904-r0,MCT内容ID=56308；来源文件=content_43.json
CN-P-001931,4ee2fe723bb7d3a14817f8cd32b13ca84683522e83a3eafaa861d6470e9e2460,福建省三明市永安市曹远镇霞鹤村,,福建省,,,非A,乡村旅游重点村,unknown,pending,第四批全国乡村旅游重点村,https://www.mct.gov.cn/tourism/#/list,API目录ID-43/2026-09-04,,,尚未映射到可回跳的知识库景点卡,,,1,CN-POOL-20260904-r0,MCT内容ID=56309；来源文件=content_43.json
CN-P-001932,553f6867ed70a32779d366f304afdef4ce65a3d742d1d9903d94f485cd5ec381,福建省莆田市荔城区西天尾镇后黄社区,,福建省,,,非A,乡村旅游重点村,unknown,pending,第四批全国乡村旅游重点村,https://www.mct.gov.cn/tourism/#/list,API目录ID-43/2026-09-04,,,尚未映射到可回跳的知识库景点卡,,,1,CN-POOL-20260904-r0,MCT内容ID=56310；来源文件=content_43.json
CN-P-001933,c5a4045a1a97e22cddc9c38ae35c4622f01899bfb2dd4b4e983ab2f3f5549f69,福建省福州市永泰县嵩口镇大喜村,,福建省,,,非A,乡村旅游重点村,unknown,pending,第四批全国乡村旅游重点村,https://www.mct.gov.cn/tourism/#/list,API目录ID-43/2026-09-04,,,尚未映射到可回跳的知识库景点卡,,,1,CN-POOL-20260904-r0,MCT内容ID=56311；来源文件=content_43.json
CN-P-001934,0e83903ac466231ad3b1f520264091e40ca029c6d207c7910cae5d0eaf8ccdf4,福建省宁德市霞浦县三沙镇东壁村,,福建省,,,非A,乡村旅游重点村,unknown,pending,第四批全国乡村旅游重点村,https://www.mct.gov.cn/tourism/#/list,API目录ID-43/2026-09-04,,,尚未映射到可回跳的知识库景点卡,,,1,CN-POOL-20260904-r0,MCT内容ID=56312；来源文件=content_43.json
CN-P-001935,c4bf5603ccba26a7c054a3dc66a710ed22df4b57415e41c147e28d6c847a8250,福建省龙岩市长汀县南山镇中复村,,福建省,,,非A,乡村旅游重点村,unknown,pending,第四批全国乡村旅游重点村,https://www.mct.gov.cn/tourism/#/list,API目录ID-43/2026-09-04,,,尚未映射到可回跳的知识库景点卡,,,1,CN-POOL-20260904-r0,MCT内容ID=56313；来源文件=content_43.json
CN-P-001936,a08744fed70363e252b3524b2c78e0087ac59550819a935713ae6316549f181f,福建省厦门市翔安区金海街道澳头社区,,福建省,,,非A,乡村旅游重点村,unknown,pending,第四批全国乡村旅游重点村,https://www.mct.gov.cn/tourism/#/list,API目录ID-43/2026-09-04,,,尚未映射到可回跳的知识库景点卡,,,1,CN-POOL-20260904-r0,MCT内容ID=56314；来源文件=content_43.json
CN-P-001937,76a501e4fa80c86e75f7b94634721e765731c6bba013248ab6add304b01a7210,江西省新余市渝水区良山镇下保村,,江西省,,,非A,乡村旅游重点村,unknown,pending,第四批全国乡村旅游重点村,https://www.mct.gov.cn/tourism/#/list,API目录ID-43/2026-09-04,,,尚未映射到可回跳的知识库景点卡,,,1,CN-POOL-20260904-r0,MCT内容ID=56315；来源文件=content_43.json
CN-P-001938,492857d80c06ede9f1d2567f1b2390b15f5ac558fcc9e0da15bc55333650d4fe,江西省赣州市全南县龙源坝镇雅溪村,,江西省,,,非A,乡村旅游重点村,unknown,pending,第四批全国乡村旅游重点村,https://www.mct.gov.cn/tourism/#/list,API目录ID-43/2026-09-04,,,尚未映射到可回跳的知识库景点卡,,,1,CN-POOL-20260904-r0,MCT内容ID=56316；来源文件=content_43.json
CN-P-001939,5be81c915b048d9b88f0e7a046c9e18b73ffa38c7872eb9048c1197daf1766c5,江西省萍乡市芦溪县银河镇紫溪村,,江西省,,,非A,乡村旅游重点村,unknown,pending,第四批全国乡村旅游重点村,https://www.mct.gov.cn/tourism/#/list,API目录ID-43/2026-09-04,,,尚未映射到可回跳的知识库景点卡,,,1,CN-POOL-20260904-r0,MCT内容ID=56317；来源文件=content_43.json
CN-P-001940,1dc05cf3a7e6897115869f0e6db339cb014034fda69da6a1df33c4221dd5b317,江西省南昌市新建区太平镇雷港村,,江西省,,,非A,乡村旅游重点村,unknown,pending,第四批全国乡村旅游重点村,https://www.mct.gov.cn/tourism/#/list,API目录ID-43/2026-09-04,,,尚未映射到可回跳的知识库景点卡,,,1,CN-POOL-20260904-r0,MCT内容ID=56318；来源文件=content_43.json
CN-P-001941,5bf331c3bd158e198a3f6d636c314c19fc49604099f9ccb610616de138692e97,江西省上饶市广信区望仙乡望仙村,,江西省,,,非A,乡村旅游重点村,unknown,pending,第四批全国乡村旅游重点村,https://www.mct.gov.cn/tourism/#/list,API目录ID-43/2026-09-04,,,尚未映射到可回跳的知识库景点卡,,,1,CN-POOL-20260904-r0,MCT内容ID=56319；来源文件=content_43.json
CN-P-001942,fc1adbb45e8743e73837b6349f0cacaa768bf9d54454d0f5ef070e9e57cab28a,江西省赣州市崇义县上堡乡水南村,,江西省,,,非A,乡村旅游重点村,unknown,pending,第四批全国乡村旅游重点村,https://www.mct.gov.cn/tourism/#/list,API目录ID-43/2026-09-04,,,尚未映射到可回跳的知识库景点卡,,,1,CN-POOL-20260904-r0,MCT内容ID=56320；来源文件=content_43.json
CN-P-001943,34ffbeb9c54fc3351d3e27b75c6a5186d3227f965389f347faab6f150734c026,江西省抚州市资溪县鹤城镇大觉山村,,江西省,,,非A,乡村旅游重点村,unknown,pending,第四批全国乡村旅游重点村,https://www.mct.gov.cn/tourism/#/list,API目录ID-43/2026-09-04,,,尚未映射到可回跳的知识库景点卡,,,1,CN-POOL-20260904-r0,MCT内容ID=56321；来源文件=content_43.json
CN-P-001944,9440e33b3ccd228e15c6a0a8d1458fce9385a5e6e3588b6337eb0fe8c208e59c,山东省青岛市平度市大泽山镇响山潘家村,,山东省,,,非A,乡村旅游重点村,unknown,pending,第四批全国乡村旅游重点村,https://www.mct.gov.cn/tourism/#/list,API目录ID-43/2026-09-04,,,尚未映射到可回跳的知识库景点卡,,,1,CN-POOL-20260904-r0,MCT内容ID=56322；来源文件=content_43.json
CN-P-001945,3bc8bb7e88a16ccc8a03a668fbbafa3d9ca4b7b5e1f32f3923cbc760eeeef884,山东省临沂市蒙阴县桃墟镇百泉峪村,,山东省,,,非A,乡村旅游重点村,unknown,pending,第四批全国乡村旅游重点村,https://www.mct.gov.cn/tourism/#/list,API目录ID-43/2026-09-04,,,尚未映射到可回跳的知识库景点卡,,,1,CN-POOL-20260904-r0,MCT内容ID=56323；来源文件=content_43.json
CN-P-001946,ab38988e956a957b37de10ab678222219111d3699253cd568c92dcb77c8f5a06,山东省淄博市沂源县鲁村镇龙子峪村,,山东省,,,非A,乡村旅游重点村,unknown,pending,第四批全国乡村旅游重点村,https://www.mct.gov.cn/tourism/#/list,API目录ID-43/2026-09-04,,,尚未映射到可回跳的知识库景点卡,,,1,CN-POOL-20260904-r0,MCT内容ID=56324；来源文件=content_43.json
CN-P-001947,a50a0b21db9c42b744fc2c4affce25f22033d0cf4e10d53f3f811e8c262e4071,山东省泰安市新泰市龙廷镇掌平洼村,,山东省,,,非A,乡村旅游重点村,unknown,pending,第四批全国乡村旅游重点村,https://www.mct.gov.cn/tourism/#/list,API目录ID-43/2026-09-04,,,尚未映射到可回跳的知识库景点卡,,,1,CN-POOL-20260904-r0,MCT内容ID=56325；来源文件=content_43.json
CN-P-001948,f42ba89d4d4be7e96b877373c765a239ef90168881696c3d9ff0591f289b27cf,山东省枣庄市山亭区冯卯镇李庄村,,山东省,,,非A,乡村旅游重点村,unknown,pending,第四批全国乡村旅游重点村,https://www.mct.gov.cn/tourism/#/list,API目录ID-43/2026-09-04,,,尚未映射到可回跳的知识库景点卡,,,1,CN-POOL-20260904-r0,MCT内容ID=56326；来源文件=content_43.json
CN-P-001949,553d3648a0f3c97144084b56d6b8dc8502a06d15ed771405a3f7c83ac5787510,山东省济宁市兖州区新兖镇牛楼村,,山东省,,,非A,乡村旅游重点村,unknown,pending,第四批全国乡村旅游重点村,https://www.mct.gov.cn/tourism/#/list,API目录ID-43/2026-09-04,,,尚未映射到可回跳的知识库景点卡,,,1,CN-POOL-20260904-r0,MCT内容ID=56327；来源文件=content_43.json
CN-P-001950,a96639b84f4414fe0c0ebca9da6e54bac005991a1ef0a153b45b55da16ff4501,山东省德州市乐陵市朱集镇后周村,,山东省,,,非A,乡村旅游重点村,unknown,pending,第四批全国乡村旅游重点村,https://www.mct.gov.cn/tourism/#/list,API目录ID-43/2026-09-04,,,尚未映射到可回跳的知识库景点卡,,,1,CN-POOL-20260904-r0,MCT内容ID=56328；来源文件=content_43.json
CN-P-001951,dae52e48678786db7b776a5615eb9cfa42c09d37d26322780d5a1394df164e3b,河南省济源市承留镇花石村,,河南省,,,非A,乡村旅游重点村,unknown,pending,第四批全国乡村旅游重点村,https://www.mct.gov.cn/tourism/#/list,API目录ID-43/2026-09-04,,,尚未映射到可回跳的知识库景点卡,,,1,CN-POOL-20260904-r0,MCT内容ID=56329；来源文件=content_43.json
CN-P-001952,238aeecc2449c4de99502035a7498e46ea97b6387e7f91ab87e277e8898dcffd,河南省郑州市巩义市米河镇明月村,,河南省,,,非A,乡村旅游重点村,unknown,pending,第四批全国乡村旅游重点村,https://www.mct.gov.cn/tourism/#/list,API目录ID-43/2026-09-04,,,尚未映射到可回跳的知识库景点卡,,,1,CN-POOL-20260904-r0,MCT内容ID=56330；来源文件=content_43.json
CN-P-001953,5d0c294072bcc15a0186887ac7b07df3eb53639fcf33488785fd51dce92cd46f,河南省鹤壁市淇滨区上峪乡桑园村,,河南省,,,非A,乡村旅游重点村,unknown,pending,第四批全国乡村旅游重点村,https://www.mct.gov.cn/tourism/#/list,API目录ID-43/2026-09-04,,,尚未映射到可回跳的知识库景点卡,,,1,CN-POOL-20260904-r0,MCT内容ID=56331；来源文件=content_43.json
CN-P-001954,0a8604e5a0364653cb418b52527476a718247311af26e39d9695cb505f761bb8,河南省新乡市辉县市拍石头乡张泗沟村,,河南省,,,非A,乡村旅游重点村,unknown,pending,第四批全国乡村旅游重点村,https://www.mct.gov.cn/tourism/#/list,API目录ID-43/2026-09-04,,,尚未映射到可回跳的知识库景点卡,,,1,CN-POOL-20260904-r0,MCT内容ID=56332；来源文件=content_43.json
CN-P-001955,8cd71544d4e929640c10eb0a7e4eac01f582a4376f22f8964d67ee61629c7983,河南省平顶山市鲁山县尧山镇上坪村,,河南省,,,非A,乡村旅游重点村,unknown,pending,第四批全国乡村旅游重点村,https://www.mct.gov.cn/tourism/#/list,API目录ID-43/2026-09-04,,,尚未映射到可回跳的知识库景点卡,,,1,CN-POOL-20260904-r0,MCT内容ID=56333；来源文件=content_43.json
CN-P-001956,d8a2932c92de9e25e6c9a059579177b89fd8277025fe349ff1598e6086e6baca,河南省安阳市汤阴县韩庄镇部落村,,河南省,,,非A,乡村旅游重点村,unknown,pending,第四批全国乡村旅游重点村,https://www.mct.gov.cn/tourism/#/list,API目录ID-43/2026-09-04,,,尚未映射到可回跳的知识库景点卡,,,1,CN-POOL-20260904-r0,MCT内容ID=56334；来源文件=content_43.json
CN-P-001957,602b6456219d8c0ae48f076c8af83e238a8a1fcd033508756d7f89f29dff5db8,河南省安阳市滑县道口镇街道顺南村,,河南省,,,非A,乡村旅游重点村,unknown,pending,第四批全国乡村旅游重点村,https://www.mct.gov.cn/tourism/#/list,API目录ID-43/2026-09-04,,,尚未映射到可回跳的知识库景点卡,,,1,CN-POOL-20260904-r0,MCT内容ID=56335；来源文件=content_43.json
CN-P-001958,3a4363bfc58b60e17f1587068b3a3efc8fc58a74a874375d44a2fe6253d7b6ff,湖北省武汉市新洲区仓埠街道项山村,,湖北省,,,非A,乡村旅游重点村,unknown,pending,第四批全国乡村旅游重点村,https://www.mct.gov.cn/tourism/#/list,API目录ID-43/2026-09-04,,,尚未映射到可回跳的知识库景点卡,,,1,CN-POOL-20260904-r0,MCT内容ID=56336；来源文件=content_43.json
CN-P-001959,4253fdbb889f0b742341813e72f8c9675e04d3ab2d3fb83eb69541ae02bef7f7,湖北省黄石市阳新县王英镇高山村,,湖北省,,,非A,乡村旅游重点村,unknown,pending,第四批全国乡村旅游重点村,https://www.mct.gov.cn/tourism/#/list,API目录ID-43/2026-09-04,,,尚未映射到可回跳的知识库景点卡,,,1,CN-POOL-20260904-r0,MCT内容ID=56337；来源文件=content_43.json
CN-P-001960,5b50183cbae9a4f10a5bb1400e1bbc1aac94e495b1bce2440963e839f3404949,湖北省十堰市丹江口市官山镇吕家河村,,湖北省,,,非A,乡村旅游重点村,unknown,pending,第四批全国乡村旅游重点村,https://www.mct.gov.cn/tourism/#/list,API目录ID-43/2026-09-04,,,尚未映射到可回跳的知识库景点卡,,,1,CN-POOL-20260904-r0,MCT内容ID=56338；来源文件=content_43.json
CN-P-001961,4da36ead6e38d190f2d1f91b3b107b52f5638ef3d90c59b2cd09309cd50a7dbb,湖北省荆门市东宝区子陵铺镇金泉村,,湖北省,,,非A,乡村旅游重点村,unknown,pending,第四批全国乡村旅游重点村,https://www.mct.gov.cn/tourism/#/list,API目录ID-43/2026-09-04,,,尚未映射到可回跳的知识库景点卡,,,1,CN-POOL-20260904-r0,MCT内容ID=56339；来源文件=content_43.json
CN-P-001962,88cf4646e042cb144b56d8c666bf5f07fccb0a7001a5a32cdc13e406f37f8d46,湖北省黄冈市红安县七里坪镇八一村,,湖北省,,,非A,乡村旅游重点村,unknown,pending,第四批全国乡村旅游重点村,https://www.mct.gov.cn/tourism/#/list,API目录ID-43/2026-09-04,,,尚未映射到可回跳的知识库景点卡,,,1,CN-POOL-20260904-r0,MCT内容ID=56340；来源文件=content_43.json
CN-P-001963,f514114d61df78a4f125ee9c3799f5f9be0610951a28cceb49272e92aeb1d179,湖北省咸宁市崇阳县白霓镇浪口村,,湖北省,,,非A,乡村旅游重点村,unknown,pending,第四批全国乡村旅游重点村,https://www.mct.gov.cn/tourism/#/list,API目录ID-43/2026-09-04,,,尚未映射到可回跳的知识库景点卡,,,1,CN-POOL-20260904-r0,MCT内容ID=56341；来源文件=content_43.json
CN-P-001964,45b3dafff56dbc195ba2d68252f63fe9dd69b7ba02ded17e38eb6794aad9789c,湖北省恩施土家族苗族自治州巴东县东瀼口镇牛洞坪村,,湖北省,,,非A,乡村旅游重点村,unknown,pending,第四批全国乡村旅游重点村,https://www.mct.gov.cn/tourism/#/list,API目录ID-43/2026-09-04,,,尚未映射到可回跳的知识库景点卡,,,1,CN-POOL-20260904-r0,MCT内容ID=56342；来源文件=content_43.json
CN-P-001965,e445f2e4afa6d30c85a771d4b1002ae4a9e3c68d36b9c2ecc4ab6a02320cb709,湖南省张家界市慈利县三官寺土家族乡株木岗村,,湖南省,,,非A,乡村旅游重点村,unknown,pending,第四批全国乡村旅游重点村,https://www.mct.gov.cn/tourism/#/list,API目录ID-43/2026-09-04,,,尚未映射到可回跳的知识库景点卡,,,1,CN-POOL-20260904-r0,MCT内容ID=56343；来源文件=content_43.json
CN-P-001966,fa143ad3b3e79f1c6caf9de8c3c9d46363df31da019b3afa9fe2cffa621c63c4,湖南省益阳市赫山区泉交河镇菱角岔村,,湖南省,,,非A,乡村旅游重点村,unknown,pending,第四批全国乡村旅游重点村,https://www.mct.gov.cn/tourism/#/list,API目录ID-43/2026-09-04,,,尚未映射到可回跳的知识库景点卡,,,1,CN-POOL-20260904-r0,MCT内容ID=56344；来源文件=content_43.json
CN-P-001967,b70b6e4f4de7424b3cadf3a6cdc4d647e1b2a68e4d7170606a8b69e40ef93388,湖南省岳阳市汨罗市屈子祠镇新义村,,湖南省,,,非A,乡村旅游重点村,unknown,pending,第四批全国乡村旅游重点村,https://www.mct.gov.cn/tourism/#/list,API目录ID-43/2026-09-04,,,尚未映射到可回跳的知识库景点卡,,,1,CN-POOL-20260904-r0,MCT内容ID=56345；来源文件=content_43.json
CN-P-001968,e20459c453fac1b7780eafb87bd4ac507b6444e4256086529b5910aa1141c432,湖南省永州市江永县千家峒瑶族乡刘家庄村,,湖南省,,,非A,乡村旅游重点村,unknown,pending,第四批全国乡村旅游重点村,https://www.mct.gov.cn/tourism/#/list,API目录ID-43/2026-09-04,,,尚未映射到可回跳的知识库景点卡,,,1,CN-POOL-20260904-r0,MCT内容ID=56346；来源文件=content_43.json
CN-P-001969,2cdc38c3f304a846cc7c8b55bbad4f4c61f65c36fa45084cb13ca4d96c4e6f64,湖南省湘西土家族苗族自治州吉首市矮寨镇德夯村,,湖南省,,,非A,乡村旅游重点村,unknown,pending,第四批全国乡村旅游重点村,https://www.mct.gov.cn/tourism/#/list,API目录ID-43/2026-09-04,,,尚未映射到可回跳的知识库景点卡,,,1,CN-POOL-20260904-r0,MCT内容ID=56347；来源文件=content_43.json
CN-P-001970,4bc1907ab25e7ebe5d28a1f7096e694b5a21d124c5b2247a95dbbe11e00d7d55,湖南省长沙市浏阳市古港镇梅田湖村,,湖南省,,,非A,乡村旅游重点村,unknown,pending,第四批全国乡村旅游重点村,https://www.mct.gov.cn/tourism/#/list,API目录ID-43/2026-09-04,,,尚未映射到可回跳的知识库景点卡,,,1,CN-POOL-20260904-r0,MCT内容ID=56348；来源文件=content_43.json
CN-P-001971,6a884964345cecf97faa706a45006060f5846c0c4b4a728b2dc712a2f77d0a30,湖南省湘潭市岳塘区昭山镇七星村,,湖南省,,,非A,乡村旅游重点村,unknown,pending,第四批全国乡村旅游重点村,https://www.mct.gov.cn/tourism/#/list,API目录ID-43/2026-09-04,,,尚未映射到可回跳的知识库景点卡,,,1,CN-POOL-20260904-r0,MCT内容ID=56349；来源文件=content_43.json
CN-P-001972,2ca5c33e3ad966a075f439f109910ca01a1f091adf198dd86da6baa2645e7ef3,广东省佛山市禅城区南庄镇紫南村,,广东省,,,非A,乡村旅游重点村,unknown,pending,第四批全国乡村旅游重点村,https://www.mct.gov.cn/tourism/#/list,API目录ID-43/2026-09-04,,,尚未映射到可回跳的知识库景点卡,,,1,CN-POOL-20260904-r0,MCT内容ID=56350；来源文件=content_43.json
CN-P-001973,bccb40e76b0cda4eab4040e1c8a2904deae24f03fcf5fe3ad92eaa4b6539e991,广东省广州市增城区增江街道大埔围村,,广东省,,,非A,乡村旅游重点村,unknown,pending,第四批全国乡村旅游重点村,https://www.mct.gov.cn/tourism/#/list,API目录ID-43/2026-09-04,,,尚未映射到可回跳的知识库景点卡,,,1,CN-POOL-20260904-r0,MCT内容ID=56351；来源文件=content_43.json
CN-P-001974,643c397b33712ac5f4579d413df915893ef98c6559f29a66db6d88b25a99da4b,广东省韶关市仁化县石塘镇石塘村,,广东省,,,非A,乡村旅游重点村,unknown,pending,第四批全国乡村旅游重点村,https://www.mct.gov.cn/tourism/#/list,API目录ID-43/2026-09-04,,,尚未映射到可回跳的知识库景点卡,,,1,CN-POOL-20260904-r0,MCT内容ID=56352；来源文件=content_43.json
CN-P-001975,bb6802e6c183afbc980cbfe9271103f0340f9ad67f493d824ef70b650c1f9dce,广东省中山市三乡镇雍陌村,,广东省,,,非A,乡村旅游重点村,unknown,pending,第四批全国乡村旅游重点村,https://www.mct.gov.cn/tourism/#/list,API目录ID-43/2026-09-04,,,尚未映射到可回跳的知识库景点卡,,,1,CN-POOL-20260904-r0,MCT内容ID=56353；来源文件=content_43.json
CN-P-001976,94fc37d56d1656cf19ef4c61a08806c856c9894dfda083c1584963d147175a8e,广东省阳江市阳西县织篢镇谷围村委会鸡乸㙟村,,广东省,,,非A,乡村旅游重点村,unknown,pending,第四批全国乡村旅游重点村,https://www.mct.gov.cn/tourism/#/list,API目录ID-43/2026-09-04,,,尚未映射到可回跳的知识库景点卡,,,1,CN-POOL-20260904-r0,MCT内容ID=56354；来源文件=content_43.json
CN-P-001977,d1a85ccd8d1f156df920a3d339911c9b498478a1ac52d09b43b58a2d67314b8f,广东省云浮市云城区腰古镇城头村,,广东省,,,非A,乡村旅游重点村,unknown,pending,第四批全国乡村旅游重点村,https://www.mct.gov.cn/tourism/#/list,API目录ID-43/2026-09-04,,,尚未映射到可回跳的知识库景点卡,,,1,CN-POOL-20260904-r0,MCT内容ID=56355；来源文件=content_43.json
CN-P-001978,e8c7d9da8bc1b3345db6ef2f0548389fa7ba73e98139a2504b07e4749a18a24a,广西壮族自治区柳州市三江侗族自治县林溪镇平岩村,,广西壮族自治区,,,非A,乡村旅游重点村,unknown,pending,第四批全国乡村旅游重点村,https://www.mct.gov.cn/tourism/#/list,API目录ID-43/2026-09-04,,,尚未映射到可回跳的知识库景点卡,,,1,CN-POOL-20260904-r0,MCT内容ID=56356；来源文件=content_43.json
CN-P-001979,d36e8d48aec2d4a239bc6723f4352568735f9045e53301356fb0d803b1aa5858,广西壮族自治区梧州市苍梧县六堡镇大中村,,广西壮族自治区,,,非A,乡村旅游重点村,unknown,pending,第四批全国乡村旅游重点村,https://www.mct.gov.cn/tourism/#/list,API目录ID-43/2026-09-04,,,尚未映射到可回跳的知识库景点卡,,,1,CN-POOL-20260904-r0,MCT内容ID=56357；来源文件=content_43.json
CN-P-001980,7d1f1843f6c0e0b3e4602357b70878f7a1b23f64fa4d4d5679b30d5e023ab015,广西壮族自治区南宁市上林县大丰镇东春村,,广西壮族自治区,,,非A,乡村旅游重点村,unknown,pending,第四批全国乡村旅游重点村,https://www.mct.gov.cn/tourism/#/list,API目录ID-43/2026-09-04,,,尚未映射到可回跳的知识库景点卡,,,1,CN-POOL-20260904-r0,MCT内容ID=56358；来源文件=content_43.json
CN-P-001981,ac2fa8294b46e8d9c508ec357aa2e3172fd742804513d6aff8364f6935eb150f,广西壮族自治区河池市巴马瑶族自治县甲篆镇百马村,,广西壮族自治区,,,非A,乡村旅游重点村,unknown,pending,第四批全国乡村旅游重点村,https://www.mct.gov.cn/tourism/#/list,API目录ID-43/2026-09-04,,,尚未映射到可回跳的知识库景点卡,,,1,CN-POOL-20260904-r0,MCT内容ID=56359；来源文件=content_43.json
CN-P-001982,62b88d90034a26b04037ecdf45ecef930b94aa13ae9af505f48e0f41eca8eac2,广西壮族自治区崇左市大新县硕龙镇德天村,,广西壮族自治区,,,非A,乡村旅游重点村,unknown,pending,第四批全国乡村旅游重点村,https://www.mct.gov.cn/tourism/#/list,API目录ID-43/2026-09-04,,,尚未映射到可回跳的知识库景点卡,,,1,CN-POOL-20260904-r0,MCT内容ID=56360；来源文件=content_43.json
CN-P-001983,43c066a86f74db788d6f3abde57f95de1772df1b42aed11d02f473285dccd365,广西壮族自治区防城港市东兴市东兴镇竹山村,,广西壮族自治区,,,非A,乡村旅游重点村,unknown,pending,第四批全国乡村旅游重点村,https://www.mct.gov.cn/tourism/#/list,API目录ID-43/2026-09-04,,,尚未映射到可回跳的知识库景点卡,,,1,CN-POOL-20260904-r0,MCT内容ID=56361；来源文件=content_43.json
CN-P-001984,0db8bf69f4c8afe973f316d8fa28d39884b72687f68fcf98bf57709690a21bb4,广西壮族自治区玉林市北流市民安镇丰村,,广西壮族自治区,,,非A,乡村旅游重点村,unknown,pending,第四批全国乡村旅游重点村,https://www.mct.gov.cn/tourism/#/list,API目录ID-43/2026-09-04,,,尚未映射到可回跳的知识库景点卡,,,1,CN-POOL-20260904-r0,MCT内容ID=56362；来源文件=content_43.json
CN-P-001985,3b78351daeee5d5deed6008b90a0a2f1f462bada012efd3e9dc950c26be42961,海南省海口市美兰区演丰镇演东村委会芳园村,,海南省,,,非A,乡村旅游重点村,unknown,pending,第四批全国乡村旅游重点村,https://www.mct.gov.cn/tourism/#/list,API目录ID-43/2026-09-04,,,尚未映射到可回跳的知识库景点卡,,,1,CN-POOL-20260904-r0,MCT内容ID=56363；来源文件=content_43.json
CN-P-001986,6eb08b45d1c4e1259263da9592992c777a7f0db9bada166b8ded875ed8cc9f55,海南省五指山市水满乡毛纳村委会毛纳村,,海南省,,,非A,乡村旅游重点村,unknown,pending,第四批全国乡村旅游重点村,https://www.mct.gov.cn/tourism/#/list,API目录ID-43/2026-09-04,,,尚未映射到可回跳的知识库景点卡,,,1,CN-POOL-20260904-r0,MCT内容ID=56364；来源文件=content_43.json
CN-P-001987,a44cd70476f60bf94bdbca9540f8450a86fb52fd2e2b03b08e9be95df95a21f2,海南省昌江黎族自治县王下乡洪水村委会俄力村,,海南省,,,非A,乡村旅游重点村,unknown,pending,第四批全国乡村旅游重点村,https://www.mct.gov.cn/tourism/#/list,API目录ID-43/2026-09-04,,,尚未映射到可回跳的知识库景点卡,,,1,CN-POOL-20260904-r0,MCT内容ID=56365；来源文件=content_43.json
CN-P-001988,3996971a8477a91b3bb16296a94d2ae6f908c26ae17cbc2e124cb42c13d248c6,海南省澄迈县福山镇敦茶村委会侯臣村,,海南省,,,非A,乡村旅游重点村,unknown,pending,第四批全国乡村旅游重点村,https://www.mct.gov.cn/tourism/#/list,API目录ID-43/2026-09-04,,,尚未映射到可回跳的知识库景点卡,,,1,CN-POOL-20260904-r0,MCT内容ID=56366；来源文件=content_43.json
CN-P-001989,bd9986546c3d754435ef43999927cd3503791c15b03a3e3cee16bb2bf3455e66,海南省保亭黎族苗族自治县响水镇陡水河村委会毛真村,,海南省,,,非A,乡村旅游重点村,unknown,pending,第四批全国乡村旅游重点村,https://www.mct.gov.cn/tourism/#/list,API目录ID-43/2026-09-04,,,尚未映射到可回跳的知识库景点卡,,,1,CN-POOL-20260904-r0,MCT内容ID=56367；来源文件=content_43.json
CN-P-001990,4af939e40851b65125d575a81e77012f19f8774f555edd801bbd2c66133f7440,重庆市沙坪坝区丰文街道三河村,,重庆市,,,非A,乡村旅游重点村,unknown,pending,第四批全国乡村旅游重点村,https://www.mct.gov.cn/tourism/#/list,API目录ID-43/2026-09-04,,,尚未映射到可回跳的知识库景点卡,,,1,CN-POOL-20260904-r0,MCT内容ID=56368；来源文件=content_43.json
CN-P-001991,c0a13bddbe6a5678d469f4d441182a1f8ce2b2898b77f198e1c46f4fdac8f88e,重庆市南川区大观镇金龙村,,重庆市,,,非A,乡村旅游重点村,unknown,pending,第四批全国乡村旅游重点村,https://www.mct.gov.cn/tourism/#/list,API目录ID-43/2026-09-04,,,尚未映射到可回跳的知识库景点卡,,,1,CN-POOL-20260904-r0,MCT内容ID=56369；来源文件=content_43.json
CN-P-001992,ecfcd9d5487abadd71e31c769db9e5718458f53af2f5c5f8fc426fd5b5cb3c88,重庆市璧山区七塘镇将军村,,重庆市,,,非A,乡村旅游重点村,unknown,pending,第四批全国乡村旅游重点村,https://www.mct.gov.cn/tourism/#/list,API目录ID-43/2026-09-04,,,尚未映射到可回跳的知识库景点卡,,,1,CN-POOL-20260904-r0,MCT内容ID=56370；来源文件=content_43.json
CN-P-001993,d76c02e5695277bfd5bcc2fa8515badc3444832138e8467da6775e79a680ffc3,重庆市忠县新立镇文笔社区,,重庆市,,,非A,乡村旅游重点村,unknown,pending,第四批全国乡村旅游重点村,https://www.mct.gov.cn/tourism/#/list,API目录ID-43/2026-09-04,,,尚未映射到可回跳的知识库景点卡,,,1,CN-POOL-20260904-r0,MCT内容ID=56371；来源文件=content_43.json
CN-P-001994,1e38f2dc9d4c6d54d445f3c8441e1d240e144a225d7fb4027bc592a1531192c5,重庆市云阳县清水土家族乡歧山村,,重庆市,,,非A,乡村旅游重点村,unknown,pending,第四批全国乡村旅游重点村,https://www.mct.gov.cn/tourism/#/list,API目录ID-43/2026-09-04,,,尚未映射到可回跳的知识库景点卡,,,1,CN-POOL-20260904-r0,MCT内容ID=56372；来源文件=content_43.json
CN-P-001995,8e81cd2203789406f8cbe2488d1ccfd057336fb6675f3328d477b0230d6dd092,重庆市秀山土家族苗族自治县梅江镇兴隆坳村,,重庆市,,,非A,乡村旅游重点村,unknown,pending,第四批全国乡村旅游重点村,https://www.mct.gov.cn/tourism/#/list,API目录ID-43/2026-09-04,,,尚未映射到可回跳的知识库景点卡,,,1,CN-POOL-20260904-r0,MCT内容ID=56373；来源文件=content_43.json
CN-P-001996,4decc53d317aa09f12102be18419c6cf5d5be43a565d4471aaf5816eb1eec35e,四川省成都市崇州市道明镇竹艺村,,四川省,,,非A,乡村旅游重点村,unknown,pending,第四批全国乡村旅游重点村,https://www.mct.gov.cn/tourism/#/list,API目录ID-43/2026-09-04,,,尚未映射到可回跳的知识库景点卡,,,1,CN-POOL-20260904-r0,MCT内容ID=56374；来源文件=content_43.json
CN-P-001997,8000c92ddb32c32fb5f747add2466acfab62b23df27b45cf39f6359f5f2ec0b9,四川省广元市昭化区昭化镇城关村,,四川省,,,非A,乡村旅游重点村,unknown,pending,第四批全国乡村旅游重点村,https://www.mct.gov.cn/tourism/#/list,API目录ID-43/2026-09-04,,,尚未映射到可回跳的知识库景点卡,,,1,CN-POOL-20260904-r0,MCT内容ID=56375；来源文件=content_43.json
CN-P-001998,8471502537434620a6f532b4752f0852785b985432282a097dcbdd86b1db682f,四川省遂宁市安居区常理镇海龙村,,四川省,,,非A,乡村旅游重点村,unknown,pending,第四批全国乡村旅游重点村,https://www.mct.gov.cn/tourism/#/list,API目录ID-43/2026-09-04,,,尚未映射到可回跳的知识库景点卡,,,1,CN-POOL-20260904-r0,MCT内容ID=56376；来源文件=content_43.json
CN-P-001999,2df6c8e5302e48db4e026e2403a0f54585f5cc0941830a98162b3260873f2212,四川省雅安市汉源县九襄镇三强村,,四川省,,,非A,乡村旅游重点村,unknown,pending,第四批全国乡村旅游重点村,https://www.mct.gov.cn/tourism/#/list,API目录ID-43/2026-09-04,,,尚未映射到可回跳的知识库景点卡,,,1,CN-POOL-20260904-r0,MCT内容ID=56377；来源文件=content_43.json
CN-P-002000,ada91224354a256333cb1136d20fc4db0abcbf440ace8fd9fd926b57400b06c2,四川省绵阳市安州区桑枣镇齐心村,,四川省,,,非A,乡村旅游重点村,unknown,pending,第四批全国乡村旅游重点村,https://www.mct.gov.cn/tourism/#/list,API目录ID-43/2026-09-04,,,尚未映射到可回跳的知识库景点卡,,,1,CN-POOL-20260904-r0,MCT内容ID=56378；来源文件=content_43.json
CN-P-002001,7d9882aff813cf7e9a91c63a0d365beec5bf535c373e131de9acb2448a8e1eda,四川省南充市高坪区江陵镇江陵坝村,,四川省,,,非A,乡村旅游重点村,unknown,pending,第四批全国乡村旅游重点村,https://www.mct.gov.cn/tourism/#/list,API目录ID-43/2026-09-04,,,尚未映射到可回跳的知识库景点卡,,,1,CN-POOL-20260904-r0,MCT内容ID=56379；来源文件=content_43.json
CN-P-002002,afa7ef3671cc994d767321de311dd7322882dc9a796e7f80f3251a9e669520ba,四川省甘孜藏族自治州稻城县香格里拉镇亚丁村,,四川省,,,非A,乡村旅游重点村,unknown,pending,第四批全国乡村旅游重点村,https://www.mct.gov.cn/tourism/#/list,API目录ID-43/2026-09-04,,,尚未映射到可回跳的知识库景点卡,,,1,CN-POOL-20260904-r0,MCT内容ID=56380；来源文件=content_43.json
CN-P-002003,97d71f2de4ea9b2b6fd22e5b6d2ed873512c1354d3548e3e79afb3c273cdcfa3,贵州省遵义市桐梓县九坝镇山堡社区,,贵州省,,,非A,乡村旅游重点村,unknown,pending,第四批全国乡村旅游重点村,https://www.mct.gov.cn/tourism/#/list,API目录ID-43/2026-09-04,,,尚未映射到可回跳的知识库景点卡,,,1,CN-POOL-20260904-r0,MCT内容ID=56381；来源文件=content_43.json
CN-P-002004,8564a7d1156d131a92ec26edd74e720934a478e9f352785fabe7c57781438844,贵州省安顺市西秀区幺铺镇阿歪寨村,,贵州省,,,非A,乡村旅游重点村,unknown,pending,第四批全国乡村旅游重点村,https://www.mct.gov.cn/tourism/#/list,API目录ID-43/2026-09-04,,,尚未映射到可回跳的知识库景点卡,,,1,CN-POOL-20260904-r0,MCT内容ID=56382；来源文件=content_43.json
CN-P-002005,db3a6a07697c80954fa62740e8f9466067e71c3fe084766a289f31359efd548e,贵州省毕节市大方县鹏程街道鹏程社区,,贵州省,,,非A,乡村旅游重点村,unknown,pending,第四批全国乡村旅游重点村,https://www.mct.gov.cn/tourism/#/list,API目录ID-43/2026-09-04,,,尚未映射到可回跳的知识库景点卡,,,1,CN-POOL-20260904-r0,MCT内容ID=56383；来源文件=content_43.json
CN-P-002006,50568349465b211107ae5e4cc68f1eb8ba9a5a4bd25b7d820ab0efc1a4233f96,贵州省铜仁市江口县太平镇梵净山村,,贵州省,,,非A,乡村旅游重点村,unknown,pending,第四批全国乡村旅游重点村,https://www.mct.gov.cn/tourism/#/list,API目录ID-43/2026-09-04,,,尚未映射到可回跳的知识库景点卡,,,1,CN-POOL-20260904-r0,MCT内容ID=56384；来源文件=content_43.json
CN-P-002007,e4a1c4b9cf440b2bd9a7418c48bc4dd6b48bc3e3928f0f71fd698673d850da74,贵州省黔东南苗族侗族自治州黎平县双江镇黄岗村,,贵州省,,,非A,乡村旅游重点村,unknown,pending,第四批全国乡村旅游重点村,https://www.mct.gov.cn/tourism/#/list,API目录ID-43/2026-09-04,,,尚未映射到可回跳的知识库景点卡,,,1,CN-POOL-20260904-r0,MCT内容ID=56385；来源文件=content_43.json
CN-P-002008,c71fb4a09646731430e4acb82458d9ab95ff72804442560d21f559ae6324a503,贵州省黔南布依族苗族自治州荔波县瑶山瑶族乡高桥村,,贵州省,,,非A,乡村旅游重点村,unknown,pending,第四批全国乡村旅游重点村,https://www.mct.gov.cn/tourism/#/list,API目录ID-43/2026-09-04,,,尚未映射到可回跳的知识库景点卡,,,1,CN-POOL-20260904-r0,MCT内容ID=56386；来源文件=content_43.json
CN-P-002009,112126d7d1d8f461f622c75cb689d34e5fea5eb31f4f6968550ae7d8876c4f87,贵州省黔西南布依族苗族自治州兴义市万峰林街道双生村,,贵州省,,,非A,乡村旅游重点村,unknown,pending,第四批全国乡村旅游重点村,https://www.mct.gov.cn/tourism/#/list,API目录ID-43/2026-09-04,,,尚未映射到可回跳的知识库景点卡,,,1,CN-POOL-20260904-r0,MCT内容ID=56387；来源文件=content_43.json
CN-P-002010,983e47d381051132b9e9880defcadca95a67d095ac1b9e021ae7334eb4de57f1,云南省楚雄彝族自治州楚雄市紫溪镇紫溪社区紫溪彝村,,云南省,,,非A,乡村旅游重点村,unknown,pending,第四批全国乡村旅游重点村,https://www.mct.gov.cn/tourism/#/list,API目录ID-43/2026-09-04,,,尚未映射到可回跳的知识库景点卡,,,1,CN-POOL-20260904-r0,MCT内容ID=56388；来源文件=content_43.json
CN-P-002011,8f2c26a14ea237913f5405d7d51664fbe8ab3779d5c2bf95c64e20ae9b3206c2,云南省昭通市水富市云富街道邵女坪社区,,云南省,,,非A,乡村旅游重点村,unknown,pending,第四批全国乡村旅游重点村,https://www.mct.gov.cn/tourism/#/list,API目录ID-43/2026-09-04,,,尚未映射到可回跳的知识库景点卡,,,1,CN-POOL-20260904-r0,MCT内容ID=56389；来源文件=content_43.json
CN-P-002012,96424d54a596661ec233cc9c06ed408566c4e4a0a10f4ad18114c3891422334b,云南省昆明市富民县赤鹫镇永富村,,云南省,,,非A,乡村旅游重点村,unknown,pending,第四批全国乡村旅游重点村,https://www.mct.gov.cn/tourism/#/list,API目录ID-43/2026-09-04,,,尚未映射到可回跳的知识库景点卡,,,1,CN-POOL-20260904-r0,MCT内容ID=56390；来源文件=content_43.json
CN-P-002013,40d5dd6c072eddb9500ce4be4bc557a7e71b16e2ac2c2d5c428e642c218cb477,云南省临沧市双江拉祜族佤族布朗族傣族自治县勐库镇公弄村,,云南省,,,非A,乡村旅游重点村,unknown,pending,第四批全国乡村旅游重点村,https://www.mct.gov.cn/tourism/#/list,API目录ID-43/2026-09-04,,,尚未映射到可回跳的知识库景点卡,,,1,CN-POOL-20260904-r0,MCT内容ID=56391；来源文件=content_43.json
CN-P-002014,aad57e04dbb4cbe3d7026a34a6266e3ae0dd2c5b84da7e03c33c427e2190fba2,云南省大理白族自治州大理市湾桥镇中庄村委会古生村,,云南省,,,非A,乡村旅游重点村,unknown,pending,第四批全国乡村旅游重点村,https://www.mct.gov.cn/tourism/#/list,API目录ID-43/2026-09-04,,,尚未映射到可回跳的知识库景点卡,,,1,CN-POOL-20260904-r0,MCT内容ID=56392；来源文件=content_43.json
CN-P-002015,ce76ac49d774ca9c76653f7c78134d340793ba22aecf8f26dba92b14d04b388f,云南省德宏傣族景颇族自治州盈江县太平镇雪梨村,,云南省,,,非A,乡村旅游重点村,unknown,pending,第四批全国乡村旅游重点村,https://www.mct.gov.cn/tourism/#/list,API目录ID-43/2026-09-04,,,尚未映射到可回跳的知识库景点卡,,,1,CN-POOL-20260904-r0,MCT内容ID=56393；来源文件=content_43.json
CN-P-002016,8fa38099decdb7993bc3cc46e1adc2bd7d8d9bc5b78e0d98cfa7ef7bd55d81cd,云南省怒江傈僳族自治州福贡县匹河乡老姆登村,,云南省,,,非A,乡村旅游重点村,unknown,pending,第四批全国乡村旅游重点村,https://www.mct.gov.cn/tourism/#/list,API目录ID-43/2026-09-04,,,尚未映射到可回跳的知识库景点卡,,,1,CN-POOL-20260904-r0,MCT内容ID=56394；来源文件=content_43.json
CN-P-002017,1e1ec2e035107c846c124605cebf0063cfb16b19334008a3ac1eb96951c16b2e,西藏自治区拉萨市曲水县才纳乡才纳村,,西藏自治区,,,非A,乡村旅游重点村,unknown,pending,第四批全国乡村旅游重点村,https://www.mct.gov.cn/tourism/#/list,API目录ID-43/2026-09-04,,,尚未映射到可回跳的知识库景点卡,,,1,CN-POOL-20260904-r0,MCT内容ID=56395；来源文件=content_43.json
CN-P-002018,a812ca477e5c786f757c215927873d26c33f8c7e4c41cf939054d5c4281fd7b4,西藏自治区日喀则市定日县扎西宗乡巴松村,,西藏自治区,,,非A,乡村旅游重点村,unknown,pending,第四批全国乡村旅游重点村,https://www.mct.gov.cn/tourism/#/list,API目录ID-43/2026-09-04,,,尚未映射到可回跳的知识库景点卡,,,1,CN-POOL-20260904-r0,MCT内容ID=56396；来源文件=content_43.json
CN-P-002019,a1017276449eb7df07eeaf7b645292e402cb32dc04432f75c1e9523f74399562,西藏自治区山南市浪卡子县白地乡扎玛龙村,,西藏自治区,,,非A,乡村旅游重点村,unknown,pending,第四批全国乡村旅游重点村,https://www.mct.gov.cn/tourism/#/list,API目录ID-43/2026-09-04,,,尚未映射到可回跳的知识库景点卡,,,1,CN-POOL-20260904-r0,MCT内容ID=56397；来源文件=content_43.json
CN-P-002020,1758d67e7be66dff338a2a7a7b9eb4fb98b4a8fa8a08e1d78edb0d39b6c47313,西藏自治区林芝市墨脱县墨脱镇墨脱村,,西藏自治区,,,非A,乡村旅游重点村,unknown,pending,第四批全国乡村旅游重点村,https://www.mct.gov.cn/tourism/#/list,API目录ID-43/2026-09-04,,,尚未映射到可回跳的知识库景点卡,,,1,CN-POOL-20260904-r0,MCT内容ID=56398；来源文件=content_43.json
CN-P-002021,fd12adc4d10d9877d9eb87452e4917919a23c6848a4d43c1db2bdc0e9e71056b,西藏自治区昌都市八宿县然乌镇来古村,,西藏自治区,,,非A,乡村旅游重点村,unknown,pending,第四批全国乡村旅游重点村,https://www.mct.gov.cn/tourism/#/list,API目录ID-43/2026-09-04,,,尚未映射到可回跳的知识库景点卡,,,1,CN-POOL-20260904-r0,MCT内容ID=56399；来源文件=content_43.json
CN-P-002022,b2aa1d3e9c5b429eaf8944128bbcbb22d414b708cc55b67e279fb6be284a9ef2,西藏自治区那曲市嘉黎县尼屋乡依嘎村,,西藏自治区,,,非A,乡村旅游重点村,unknown,pending,第四批全国乡村旅游重点村,https://www.mct.gov.cn/tourism/#/list,API目录ID-43/2026-09-04,,,尚未映射到可回跳的知识库景点卡,,,1,CN-POOL-20260904-r0,MCT内容ID=56400；来源文件=content_43.json
CN-P-002023,1ab63a62500c8725ae2d86a4ef92a9d858597fd72905f00a2d85f6c46cacbf3c,陕西省榆林市榆阳区古塔镇赵家峁村,,陕西省,,,非A,乡村旅游重点村,unknown,pending,第四批全国乡村旅游重点村,https://www.mct.gov.cn/tourism/#/list,API目录ID-43/2026-09-04,,,尚未映射到可回跳的知识库景点卡,,,1,CN-POOL-20260904-r0,MCT内容ID=56401；来源文件=content_43.json
CN-P-002024,3c9f3d538fc77525a67b8e690e4acdd13aa02021a8fa74bee1aa577c6344232c,陕西省汉中市留坝县留侯镇营盘村,,陕西省,,,非A,乡村旅游重点村,unknown,pending,第四批全国乡村旅游重点村,https://www.mct.gov.cn/tourism/#/list,API目录ID-43/2026-09-04,,,尚未映射到可回跳的知识库景点卡,,,1,CN-POOL-20260904-r0,MCT内容ID=56402；来源文件=content_43.json
CN-P-002025,259d32e4d6760290a2001dbbf9d5cc8ae0dc8433ba8ae88e343876d49dff08eb,陕西省西安市蓝田县汤峪镇塘子村,,陕西省,,,非A,乡村旅游重点村,unknown,pending,第四批全国乡村旅游重点村,https://www.mct.gov.cn/tourism/#/list,API目录ID-43/2026-09-04,,,尚未映射到可回跳的知识库景点卡,,,1,CN-POOL-20260904-r0,MCT内容ID=56403；来源文件=content_43.json
CN-P-002026,ee20224d4ed1b23444d39c4146f0674c1423c7004683e807948df0dcf9ef6665,陕西省安康市旬阳市仁河口镇水泉坪村,,陕西省,,,非A,乡村旅游重点村,unknown,pending,第四批全国乡村旅游重点村,https://www.mct.gov.cn/tourism/#/list,API目录ID-43/2026-09-04,,,尚未映射到可回跳的知识库景点卡,,,1,CN-POOL-20260904-r0,MCT内容ID=56404；来源文件=content_43.json
CN-P-002027,712ff6a9b5127514a7cc8c75a32ff1b9b841c2a1471ad6f9a6cb54bf90ac1548,陕西省铜川市王益区黄堡镇孟姜塬村,,陕西省,,,非A,乡村旅游重点村,unknown,pending,第四批全国乡村旅游重点村,https://www.mct.gov.cn/tourism/#/list,API目录ID-43/2026-09-04,,,尚未映射到可回跳的知识库景点卡,,,1,CN-POOL-20260904-r0,MCT内容ID=56405；来源文件=content_43.json
CN-P-002028,6f6aab7be0094480617581f0fb5e6648bf9f3583b8ddd9daa153c79c2f6e2736,陕西省宝鸡市凤县双石铺镇兴隆场村,,陕西省,,,非A,乡村旅游重点村,unknown,pending,第四批全国乡村旅游重点村,https://www.mct.gov.cn/tourism/#/list,API目录ID-43/2026-09-04,,,尚未映射到可回跳的知识库景点卡,,,1,CN-POOL-20260904-r0,MCT内容ID=56406；来源文件=content_43.json
CN-P-002029,cdfd5ec936eba726f71e4a85e77d9eee95627d1c17abc861764bed0f7a87e809,甘肃省兰州市西固区河口镇河口村,,甘肃省,,,非A,乡村旅游重点村,unknown,pending,第四批全国乡村旅游重点村,https://www.mct.gov.cn/tourism/#/list,API目录ID-43/2026-09-04,,,尚未映射到可回跳的知识库景点卡,,,1,CN-POOL-20260904-r0,MCT内容ID=56407；来源文件=content_43.json
CN-P-002030,3343e2b4949cb1a8bd13a58213006ae106eab281e135faf0668e4a52671ef0cb,甘肃省武威市凉州区张义镇灯山村,,甘肃省,,,非A,乡村旅游重点村,unknown,pending,第四批全国乡村旅游重点村,https://www.mct.gov.cn/tourism/#/list,API目录ID-43/2026-09-04,,,尚未映射到可回跳的知识库景点卡,,,1,CN-POOL-20260904-r0,MCT内容ID=56408；来源文件=content_43.json
CN-P-002031,bcbe145129c3b92bfca844774dd4cd99f878823f55a66f73fc7039e0d3f38cbc,甘肃省天水市秦州区平南镇孙集村,,甘肃省,,,非A,乡村旅游重点村,unknown,pending,第四批全国乡村旅游重点村,https://www.mct.gov.cn/tourism/#/list,API目录ID-43/2026-09-04,,,尚未映射到可回跳的知识库景点卡,,,1,CN-POOL-20260904-r0,MCT内容ID=56409；来源文件=content_43.json
CN-P-002032,89960d8c50c66379809a53790486746dc85e267b2b4184f2dcb96fc03c4837b3,甘肃省临夏回族自治州和政县城关镇咀头村,,甘肃省,,,非A,乡村旅游重点村,unknown,pending,第四批全国乡村旅游重点村,https://www.mct.gov.cn/tourism/#/list,API目录ID-43/2026-09-04,,,尚未映射到可回跳的知识库景点卡,,,1,CN-POOL-20260904-r0,MCT内容ID=56410；来源文件=content_43.json
CN-P-002033,7bde37248d0fa7bbb6899d17392d1d26c291c55f0f22a7559173380aa19fb2fc,甘肃省甘南藏族自治州临潭县冶力关镇池沟村,,甘肃省,,,非A,乡村旅游重点村,unknown,pending,第四批全国乡村旅游重点村,https://www.mct.gov.cn/tourism/#/list,API目录ID-43/2026-09-04,,,尚未映射到可回跳的知识库景点卡,,,1,CN-POOL-20260904-r0,MCT内容ID=56411；来源文件=content_43.json
CN-P-002034,7af5748ef10270d387d2d1b12d21e74ae4e1605e0f948615d82212330e5403a8,甘肃省甘南藏族自治州迭部县益哇镇扎尕那村,,甘肃省,,,非A,乡村旅游重点村,unknown,pending,第四批全国乡村旅游重点村,https://www.mct.gov.cn/tourism/#/list,API目录ID-43/2026-09-04,,,尚未映射到可回跳的知识库景点卡,,,1,CN-POOL-20260904-r0,MCT内容ID=56412；来源文件=content_43.json
CN-P-002035,49d328efb571148802c7509d7e9efbeaeebc3c5b57b0431cb6d916641dae585f,青海省西宁市湟源县东峡乡下脖项村,,青海省,,,非A,乡村旅游重点村,unknown,pending,第四批全国乡村旅游重点村,https://www.mct.gov.cn/tourism/#/list,API目录ID-43/2026-09-04,,,尚未映射到可回跳的知识库景点卡,,,1,CN-POOL-20260904-r0,MCT内容ID=56413；来源文件=content_43.json
CN-P-002036,bd98b08691162fa9ede021005c6c8429b9b741e73887630fe8c29c2948a0df5f,青海省海东市乐都区洪水镇李家壕村,,青海省,,,非A,乡村旅游重点村,unknown,pending,第四批全国乡村旅游重点村,https://www.mct.gov.cn/tourism/#/list,API目录ID-43/2026-09-04,,,尚未映射到可回跳的知识库景点卡,,,1,CN-POOL-20260904-r0,MCT内容ID=56414；来源文件=content_43.json
CN-P-002037,d7a86f312c01ad08c065c9f77afc7e6bbfd609f20f236aef1a79b737289341a6,青海省海东市民和回族土族自治县中川乡峡口村,,青海省,,,非A,乡村旅游重点村,unknown,pending,第四批全国乡村旅游重点村,https://www.mct.gov.cn/tourism/#/list,API目录ID-43/2026-09-04,,,尚未映射到可回跳的知识库景点卡,,,1,CN-POOL-20260904-r0,MCT内容ID=56415；来源文件=content_43.json
CN-P-002038,69e1271dbfd8e4f0d46a22aad292dca1eb7a8d6ecea9d13727e6b05c6908bdcc,青海省海北藏族自治州海晏县甘子河乡达玉村,,青海省,,,非A,乡村旅游重点村,unknown,pending,第四批全国乡村旅游重点村,https://www.mct.gov.cn/tourism/#/list,API目录ID-43/2026-09-04,,,尚未映射到可回跳的知识库景点卡,,,1,CN-POOL-20260904-r0,MCT内容ID=56416；来源文件=content_43.json
CN-P-002039,526b5a7111904af9cf04bf8f054300684ab5e232036be55b174932c58b083dc6,青海省海南藏族自治州共和县龙羊峡镇德胜村,,青海省,,,非A,乡村旅游重点村,unknown,pending,第四批全国乡村旅游重点村,https://www.mct.gov.cn/tourism/#/list,API目录ID-43/2026-09-04,,,尚未映射到可回跳的知识库景点卡,,,1,CN-POOL-20260904-r0,MCT内容ID=56417；来源文件=content_43.json
CN-P-002040,86e57a6e1bba87bad10a99f844a5e40b7a6591814def9e9acdf319f387d50108,青海省黄南藏族自治州同仁市隆务镇吾屯村,,青海省,,,非A,乡村旅游重点村,unknown,pending,第四批全国乡村旅游重点村,https://www.mct.gov.cn/tourism/#/list,API目录ID-43/2026-09-04,,,尚未映射到可回跳的知识库景点卡,,,1,CN-POOL-20260904-r0,MCT内容ID=56418；来源文件=content_43.json
CN-P-002041,35d7a49b86862639e2ad9c7f92a203e294131cb1fe46ddb469013e0e18011eae,宁夏回族自治区银川市金凤区丰登镇润丰村,,宁夏回族自治区,,,非A,乡村旅游重点村,unknown,pending,第四批全国乡村旅游重点村,https://www.mct.gov.cn/tourism/#/list,API目录ID-43/2026-09-04,,,尚未映射到可回跳的知识库景点卡,,,1,CN-POOL-20260904-r0,MCT内容ID=56419；来源文件=content_43.json
CN-P-002042,ddfc302d2ec5d11d3aa215a9af10a4de0a9753b62e4a85b770ccd74617127ef7,宁夏回族自治区固原市原州区彭堡镇姚磨村,,宁夏回族自治区,,,非A,乡村旅游重点村,unknown,pending,第四批全国乡村旅游重点村,https://www.mct.gov.cn/tourism/#/list,API目录ID-43/2026-09-04,,,尚未映射到可回跳的知识库景点卡,,,1,CN-POOL-20260904-r0,MCT内容ID=56420；来源文件=content_43.json
CN-P-002043,7283ddf35c7847037f68e4bf874c90306a403c36956176d4bf2afc0d00ffee07,宁夏回族自治区吴忠市红寺堡区柳泉乡永新村,,宁夏回族自治区,,,非A,乡村旅游重点村,unknown,pending,第四批全国乡村旅游重点村,https://www.mct.gov.cn/tourism/#/list,API目录ID-43/2026-09-04,,,尚未映射到可回跳的知识库景点卡,,,1,CN-POOL-20260904-r0,MCT内容ID=56421；来源文件=content_43.json
CN-P-002044,956e2b71d3354c85ea3fc5bd8b87d1235abb924beb87b22e9db02306762e0461,宁夏回族自治区石嘴山市平罗县头闸镇西永惠村,,宁夏回族自治区,,,非A,乡村旅游重点村,unknown,pending,第四批全国乡村旅游重点村,https://www.mct.gov.cn/tourism/#/list,API目录ID-43/2026-09-04,,,尚未映射到可回跳的知识库景点卡,,,1,CN-POOL-20260904-r0,MCT内容ID=56422；来源文件=content_43.json
CN-P-002045,9a0145e365d60caa57acb515e3ee10bf34e6462c91b7d6a82cac2ab732dcd3c4,宁夏回族自治区中卫市海原县关桥乡关桥村,,宁夏回族自治区,,,非A,乡村旅游重点村,unknown,pending,第四批全国乡村旅游重点村,https://www.mct.gov.cn/tourism/#/list,API目录ID-43/2026-09-04,,,尚未映射到可回跳的知识库景点卡,,,1,CN-POOL-20260904-r0,MCT内容ID=56423；来源文件=content_43.json
CN-P-002046,5cf7a2ed70d98e0dc571e209b7e1c04c5767feb27f9f3d8540791b392728d80e,宁夏回族自治区吴忠市盐池县麻黄山乡何新庄村,,宁夏回族自治区,,,非A,乡村旅游重点村,unknown,pending,第四批全国乡村旅游重点村,https://www.mct.gov.cn/tourism/#/list,API目录ID-43/2026-09-04,,,尚未映射到可回跳的知识库景点卡,,,1,CN-POOL-20260904-r0,MCT内容ID=56424；来源文件=content_43.json
CN-P-002047,0bfdf8a9327bf180e976e6267d75e9bd4ee2ca12f6b0c51d64f9091951f70bfa,新疆维吾尔自治区伊犁哈萨克自治州伊宁市巴彦岱镇苏勒阿勒玛塔村,,新疆维吾尔自治区,,,非A,乡村旅游重点村,unknown,pending,第四批全国乡村旅游重点村,https://www.mct.gov.cn/tourism/#/list,API目录ID-43/2026-09-04,,,尚未映射到可回跳的知识库景点卡,,,1,CN-POOL-20260904-r0,MCT内容ID=56425；来源文件=content_43.json
CN-P-002048,473f0e8c1bd65f5ec67ffbef73493cc42709b3cfdb44796b6e4293b74fdc9a1d,新疆维吾尔自治区昌吉回族自治州奇台县半截沟镇腰站子村,,新疆维吾尔自治区,,,非A,乡村旅游重点村,unknown,pending,第四批全国乡村旅游重点村,https://www.mct.gov.cn/tourism/#/list,API目录ID-43/2026-09-04,,,尚未映射到可回跳的知识库景点卡,,,1,CN-POOL-20260904-r0,MCT内容ID=56426；来源文件=content_43.json
CN-P-002049,3077ee22cc1a7d513463119b6e0de62f57f73c91ca8ef1b95e5f0e687411180e,新疆维吾尔自治区吐鲁番市托克逊县夏镇南湖村,,新疆维吾尔自治区,,,非A,乡村旅游重点村,unknown,pending,第四批全国乡村旅游重点村,https://www.mct.gov.cn/tourism/#/list,API目录ID-43/2026-09-04,,,尚未映射到可回跳的知识库景点卡,,,1,CN-POOL-20260904-r0,MCT内容ID=56427；来源文件=content_43.json
CN-P-002050,2492a20a5771728ede4edbf538e159546782a935eb63d3ebc0020459040fb834,新疆维吾尔自治区巴音郭楞蒙古自治州库尔勒市阿瓦提乡吾夏克铁热克村,,新疆维吾尔自治区,,,非A,乡村旅游重点村,unknown,pending,第四批全国乡村旅游重点村,https://www.mct.gov.cn/tourism/#/list,API目录ID-43/2026-09-04,,,尚未映射到可回跳的知识库景点卡,,,1,CN-POOL-20260904-r0,MCT内容ID=56428；来源文件=content_43.json
CN-P-002051,f3cc96791d7f69c39cd8be10c48910134fbbf575d41135d8f96791d91c598999,新疆维吾尔自治区克孜勒苏柯尔克孜自治州阿克陶县塔尔塔吉克民族乡巴格艾格孜村,,新疆维吾尔自治区,,,非A,乡村旅游重点村,unknown,pending,第四批全国乡村旅游重点村,https://www.mct.gov.cn/tourism/#/list,API目录ID-43/2026-09-04,,,尚未映射到可回跳的知识库景点卡,,,1,CN-POOL-20260904-r0,MCT内容ID=56429；来源文件=content_43.json
CN-P-002052,d7646386db58571598a895f59924d7aa7c87a648bf28dc856daad2a489fd6f09,新疆维吾尔自治区喀什地区疏附县托克扎克镇阿亚格曼干村,,新疆维吾尔自治区,,,非A,乡村旅游重点村,unknown,pending,第四批全国乡村旅游重点村,https://www.mct.gov.cn/tourism/#/list,API目录ID-43/2026-09-04,,,尚未映射到可回跳的知识库景点卡,,,1,CN-POOL-20260904-r0,MCT内容ID=56430；来源文件=content_43.json
CN-P-002053,7f256277c6c68ffb08ba80d66a28d4c5a24b0fca4f909f5b2261779e12be69de,新疆生产建设兵团第二师21团8连,,新疆生产建设兵团,,,非A,乡村旅游重点村,unknown,pending,第四批全国乡村旅游重点村,https://www.mct.gov.cn/tourism/#/list,API目录ID-43/2026-09-04,,,尚未映射到可回跳的知识库景点卡,,,1,CN-POOL-20260904-r0,MCT内容ID=56431；来源文件=content_43.json
CN-P-002054,60c3868d05b95d7079f7174fa13da467e893cd2f9b36686899e94cad6179c6b5,新疆生产建设兵团第三师44团18连,,新疆生产建设兵团,,,非A,乡村旅游重点村,unknown,pending,第四批全国乡村旅游重点村,https://www.mct.gov.cn/tourism/#/list,API目录ID-43/2026-09-04,,,尚未映射到可回跳的知识库景点卡,,,1,CN-POOL-20260904-r0,MCT内容ID=56432；来源文件=content_43.json
CN-P-002055,81bdabba74315026c6659074ed281428b512c3511426907fa3b9abc45f0e073c,新疆生产建设兵团第十师181团1连,,新疆生产建设兵团,,,非A,乡村旅游重点村,unknown,pending,第四批全国乡村旅游重点村,https://www.mct.gov.cn/tourism/#/list,API目录ID-43/2026-09-04,,,尚未映射到可回跳的知识库景点卡,,,1,CN-POOL-20260904-r0,MCT内容ID=56433；来源文件=content_43.json
CN-P-002056,efa7a2865dacba7a39e70c7281a5f99d57c349d583d1279f6292dc4b1a44d180,新疆生产建设兵团第八师石总场清泉集11连,,新疆生产建设兵团,,,非A,乡村旅游重点村,unknown,pending,第四批全国乡村旅游重点村,https://www.mct.gov.cn/tourism/#/list,API目录ID-43/2026-09-04,,,尚未映射到可回跳的知识库景点卡,,,1,CN-POOL-20260904-r0,MCT内容ID=56434；来源文件=content_43.json
CN-P-002057,7a8a1962a75afc4c2997e6f30c065b80c8a8f5d88db5ee579e12e12994fef93b,新疆生产建设兵团第十四师一牧场1连,,新疆生产建设兵团,,,非A,乡村旅游重点村,unknown,pending,第四批全国乡村旅游重点村,https://www.mct.gov.cn/tourism/#/list,API目录ID-43/2026-09-04,,,尚未映射到可回跳的知识库景点卡,,,1,CN-POOL-20260904-r0,MCT内容ID=56435；来源文件=content_43.json
CN-P-002058,8ccb732f02466b96d7f6364ed3a1acad79d8e84bb925b475b66726aaff685ccd,北京市怀柔区渤海镇,,北京市,,,非A,乡村旅游重点镇,unknown,pending,第一批全国乡村旅游重点镇,https://www.mct.gov.cn/tourism/#/list,API目录ID-39/2026-09-04,,,尚未映射到可回跳的知识库景点卡,,,1,CN-POOL-20260904-r0,MCT内容ID=14350；来源文件=content_39.json
CN-P-002059,b8f3dfb4b2c2fa1fb18d2f348a0dfe77347b2727e390d244f7fcd3a10a01c40c,北京市延庆区八达岭镇,,北京市,,,非A,乡村旅游重点镇,unknown,pending,第一批全国乡村旅游重点镇,https://www.mct.gov.cn/tourism/#/list,API目录ID-39/2026-09-04,,,尚未映射到可回跳的知识库景点卡,,,1,CN-POOL-20260904-r0,MCT内容ID=14351；来源文件=content_39.json
CN-P-002060,f15aed2952ea70fa379c43303db49802ba200d123246fa2ac3e60b86ea00796b,北京市顺义区龙湾屯镇,,北京市,,,非A,乡村旅游重点镇,unknown,pending,第一批全国乡村旅游重点镇,https://www.mct.gov.cn/tourism/#/list,API目录ID-39/2026-09-04,,,尚未映射到可回跳的知识库景点卡,,,1,CN-POOL-20260904-r0,MCT内容ID=14352；来源文件=content_39.json
CN-P-002061,ca10c83561d73e759e75e32d9d7c8e16b74448874b6524dec962aec96fe858a6,天津市蓟州区下营镇,,天津市,,,非A,乡村旅游重点镇,unknown,pending,第一批全国乡村旅游重点镇,https://www.mct.gov.cn/tourism/#/list,API目录ID-39/2026-09-04,,,尚未映射到可回跳的知识库景点卡,,,1,CN-POOL-20260904-r0,MCT内容ID=14353；来源文件=content_39.json
CN-P-002062,68f68edf640b96541343a265c12e0db305c0d1dae952b861e78ce0e9ef7381da,天津市蓟州区官庄镇,,天津市,,,非A,乡村旅游重点镇,unknown,pending,第一批全国乡村旅游重点镇,https://www.mct.gov.cn/tourism/#/list,API目录ID-39/2026-09-04,,,尚未映射到可回跳的知识库景点卡,,,1,CN-POOL-20260904-r0,MCT内容ID=14354；来源文件=content_39.json
CN-P-002063,3862ccf5ea31461b715b19190da2b0a2793cd4891826b6bff872592024738db1,天津市西青区辛口镇,,天津市,,,非A,乡村旅游重点镇,unknown,pending,第一批全国乡村旅游重点镇,https://www.mct.gov.cn/tourism/#/list,API目录ID-39/2026-09-04,,,尚未映射到可回跳的知识库景点卡,,,1,CN-POOL-20260904-r0,MCT内容ID=14355；来源文件=content_39.json
CN-P-002064,17a6aa44fc36fc765a04f0d722583329191b4a4192a067ba040c500684165260,河北省保定市阜平县龙泉关镇,,河北省,,,非A,乡村旅游重点镇,unknown,pending,第一批全国乡村旅游重点镇,https://www.mct.gov.cn/tourism/#/list,API目录ID-39/2026-09-04,,,尚未映射到可回跳的知识库景点卡,,,1,CN-POOL-20260904-r0,MCT内容ID=14356；来源文件=content_39.json
CN-P-002065,d37c1801babd937092ca9b88ba6c735c638c740eb030c4f7b601e92c5895983e,河北省廊坊市香河县蒋辛屯镇,,河北省,,,非A,乡村旅游重点镇,unknown,pending,第一批全国乡村旅游重点镇,https://www.mct.gov.cn/tourism/#/list,API目录ID-39/2026-09-04,,,尚未映射到可回跳的知识库景点卡,,,1,CN-POOL-20260904-r0,MCT内容ID=14357；来源文件=content_39.json
CN-P-002066,211cf59946f8a5521ad11fccf771f8f84ae88f51067fe45d0dc66361fa4ec750,河北省张家口市蔚县暖泉镇,,河北省,,,非A,乡村旅游重点镇,unknown,pending,第一批全国乡村旅游重点镇,https://www.mct.gov.cn/tourism/#/list,API目录ID-39/2026-09-04,,,尚未映射到可回跳的知识库景点卡,,,1,CN-POOL-20260904-r0,MCT内容ID=14358；来源文件=content_39.json
CN-P-002067,097219eac45ba29f499dde25d6b57ad2e7af18170013c2368efcdba0200287b2,山西省阳泉市平定县娘子关镇,,山西省,,,非A,乡村旅游重点镇,unknown,pending,第一批全国乡村旅游重点镇,https://www.mct.gov.cn/tourism/#/list,API目录ID-39/2026-09-04,,,尚未映射到可回跳的知识库景点卡,,,1,CN-POOL-20260904-r0,MCT内容ID=14359；来源文件=content_39.json
CN-P-002068,8611264ff5688dec518ef92d310e23d9cd4f2ef633f4112bb096823b2b32ef20,山西省长治市壶关县大峡谷镇,,山西省,,,非A,乡村旅游重点镇,unknown,pending,第一批全国乡村旅游重点镇,https://www.mct.gov.cn/tourism/#/list,API目录ID-39/2026-09-04,,,尚未映射到可回跳的知识库景点卡,,,1,CN-POOL-20260904-r0,MCT内容ID=14360；来源文件=content_39.json
CN-P-002069,4fd9d6f3ac8bf94f8441a933f22b9440fcfd6def11c511e143a1076539b0b8fa,山西省晋城市阳城县润城镇,,山西省,,,非A,乡村旅游重点镇,unknown,pending,第一批全国乡村旅游重点镇,https://www.mct.gov.cn/tourism/#/list,API目录ID-39/2026-09-04,,,尚未映射到可回跳的知识库景点卡,,,1,CN-POOL-20260904-r0,MCT内容ID=14361；来源文件=content_39.json
CN-P-002070,3f4d5836ac01f557ed92b31cc64520e9b2c4d538d03045f1e07b4a98d377e6f8,内蒙古自治区通辽市奈曼旗白音他拉苏木,,内蒙古自治区,,,非A,乡村旅游重点镇,unknown,pending,第一批全国乡村旅游重点镇,https://www.mct.gov.cn/tourism/#/list,API目录ID-39/2026-09-04,,,尚未映射到可回跳的知识库景点卡,,,1,CN-POOL-20260904-r0,MCT内容ID=14362；来源文件=content_39.json
CN-P-002071,2ddb466d7434b83115346e04575b01a2f332fa71672f68da1c8cbb6a42ad558d,内蒙古自治区锡林郭勒盟多伦县滦源镇,,内蒙古自治区,,,非A,乡村旅游重点镇,unknown,pending,第一批全国乡村旅游重点镇,https://www.mct.gov.cn/tourism/#/list,API目录ID-39/2026-09-04,,,尚未映射到可回跳的知识库景点卡,,,1,CN-POOL-20260904-r0,MCT内容ID=14363；来源文件=content_39.json
CN-P-002072,bc913464553d769efed51e9c69255a84afa1b7cf30a36b1f3887096f20851550,内蒙古自治区鄂尔多斯市伊金霍洛旗伊金霍洛镇,,内蒙古自治区,,,非A,乡村旅游重点镇,unknown,pending,第一批全国乡村旅游重点镇,https://www.mct.gov.cn/tourism/#/list,API目录ID-39/2026-09-04,,,尚未映射到可回跳的知识库景点卡,,,1,CN-POOL-20260904-r0,MCT内容ID=14364；来源文件=content_39.json
CN-P-002073,a6a96516f58de127729751905e30fe0b411f0b05402220fe6e6117951ceb1706,辽宁省本溪市南芬区思山岭街道,,辽宁省,,,非A,乡村旅游重点镇,unknown,pending,第一批全国乡村旅游重点镇,https://www.mct.gov.cn/tourism/#/list,API目录ID-39/2026-09-04,,,尚未映射到可回跳的知识库景点卡,,,1,CN-POOL-20260904-r0,MCT内容ID=14365；来源文件=content_39.json
CN-P-002074,471539b0739935efc6ce313818438f1caaccc63f5137f3b5e8e8d7b416dd3fee,辽宁省辽阳市弓长岭区汤河镇,,辽宁省,,,非A,乡村旅游重点镇,unknown,pending,第一批全国乡村旅游重点镇,https://www.mct.gov.cn/tourism/#/list,API目录ID-39/2026-09-04,,,尚未映射到可回跳的知识库景点卡,,,1,CN-POOL-20260904-r0,MCT内容ID=14366；来源文件=content_39.json
CN-P-002075,07b6f4d218a5f3cdb4ab0d453e8068adc332b0fdc9b8de588bef44ec20a57ae4,辽宁省本溪市桓仁满族自治县普乐堡镇,,辽宁省,,,非A,乡村旅游重点镇,unknown,pending,第一批全国乡村旅游重点镇,https://www.mct.gov.cn/tourism/#/list,API目录ID-39/2026-09-04,,,尚未映射到可回跳的知识库景点卡,,,1,CN-POOL-20260904-r0,MCT内容ID=14367；来源文件=content_39.json
CN-P-002076,3d7f3197f83949c1ad989bf8019378444a07b781deffa0ae3b7c3224f33939b5,吉林省延边朝鲜族自治州敦化市雁鸣湖镇,,吉林省,,,非A,乡村旅游重点镇,unknown,pending,第一批全国乡村旅游重点镇,https://www.mct.gov.cn/tourism/#/list,API目录ID-39/2026-09-04,,,尚未映射到可回跳的知识库景点卡,,,1,CN-POOL-20260904-r0,MCT内容ID=14368；来源文件=content_39.json
CN-P-002077,eef4e69a5349d9d13089fbd331bcace90b59bdf70f6575f589e7b5606c238c79,吉林省通化市通化县西江镇,,吉林省,,,非A,乡村旅游重点镇,unknown,pending,第一批全国乡村旅游重点镇,https://www.mct.gov.cn/tourism/#/list,API目录ID-39/2026-09-04,,,尚未映射到可回跳的知识库景点卡,,,1,CN-POOL-20260904-r0,MCT内容ID=14369；来源文件=content_39.json
CN-P-002078,1d4589cf85b7f6e58d539682e6e1dcb62df53e2089bd981d833888b9b97c1b6d,吉林省通化市东昌区金厂镇,,吉林省,,,非A,乡村旅游重点镇,unknown,pending,第一批全国乡村旅游重点镇,https://www.mct.gov.cn/tourism/#/list,API目录ID-39/2026-09-04,,,尚未映射到可回跳的知识库景点卡,,,1,CN-POOL-20260904-r0,MCT内容ID=14370；来源文件=content_39.json
CN-P-002079,808080123a673c07e2f9c553846904d170dbd193da2ec417601212a84dd38405,黑龙江省齐齐哈尔市铁锋区扎龙镇,,黑龙江省,,,非A,乡村旅游重点镇,unknown,pending,第一批全国乡村旅游重点镇,https://www.mct.gov.cn/tourism/#/list,API目录ID-39/2026-09-04,,,尚未映射到可回跳的知识库景点卡,,,1,CN-POOL-20260904-r0,MCT内容ID=14371；来源文件=content_39.json
CN-P-002080,66fe5fb2763e61d67976be16caa8c4047460fc39879ad4bc83b275109a102ddd,黑龙江省牡丹江市宁安市渤海镇,,黑龙江省,,,非A,乡村旅游重点镇,unknown,pending,第一批全国乡村旅游重点镇,https://www.mct.gov.cn/tourism/#/list,API目录ID-39/2026-09-04,,,尚未映射到可回跳的知识库景点卡,,,1,CN-POOL-20260904-r0,MCT内容ID=14372；来源文件=content_39.json
CN-P-002081,0c51687701f9b9effd5a5c300a0c4c99406f7cf893cc2df537649674d85c6f43,黑龙江省伊春市铁力市年丰朝鲜族乡,,黑龙江省,,,非A,乡村旅游重点镇,unknown,pending,第一批全国乡村旅游重点镇,https://www.mct.gov.cn/tourism/#/list,API目录ID-39/2026-09-04,,,尚未映射到可回跳的知识库景点卡,,,1,CN-POOL-20260904-r0,MCT内容ID=14373；来源文件=content_39.json
CN-P-002082,e198440ef583afe171e8f03c457aeb212bb9eadef1ce78f24d24155ae2c7034e,上海市金山区山阳镇,,上海市,,,非A,乡村旅游重点镇,unknown,pending,第一批全国乡村旅游重点镇,https://www.mct.gov.cn/tourism/#/list,API目录ID-39/2026-09-04,,,尚未映射到可回跳的知识库景点卡,,,1,CN-POOL-20260904-r0,MCT内容ID=14374；来源文件=content_39.json
CN-P-002083,fbe2e401d9d804a98019970210502ec4fb38985dd039e3cf8ae97aa312278562,上海市崇明区绿华镇,,上海市,,,非A,乡村旅游重点镇,unknown,pending,第一批全国乡村旅游重点镇,https://www.mct.gov.cn/tourism/#/list,API目录ID-39/2026-09-04,,,尚未映射到可回跳的知识库景点卡,,,1,CN-POOL-20260904-r0,MCT内容ID=14375；来源文件=content_39.json
CN-P-002084,dda6091a299cf6970f81674dac21dcee8fa08c7e0b47b20c137d50d611c509aa,上海市宝山区罗泾镇,,上海市,,,非A,乡村旅游重点镇,unknown,pending,第一批全国乡村旅游重点镇,https://www.mct.gov.cn/tourism/#/list,API目录ID-39/2026-09-04,,,尚未映射到可回跳的知识库景点卡,,,1,CN-POOL-20260904-r0,MCT内容ID=14376；来源文件=content_39.json
CN-P-002085,a8d7cb9b450fb79869bec4a02d6d4484cd720967b0a6c21691d5cab098cbc775,江苏省南京市江宁区谷里街道,,江苏省,,,非A,乡村旅游重点镇,unknown,pending,第一批全国乡村旅游重点镇,https://www.mct.gov.cn/tourism/#/list,API目录ID-39/2026-09-04,,,尚未映射到可回跳的知识库景点卡,,,1,CN-POOL-20260904-r0,MCT内容ID=14377；来源文件=content_39.json
CN-P-002086,b76e119ccd65e4a6c8e51ba1df21a2051001102cead55d55027468b6d56095a0,江苏省无锡市滨湖区马山街道,,江苏省,,,非A,乡村旅游重点镇,unknown,pending,第一批全国乡村旅游重点镇,https://www.mct.gov.cn/tourism/#/list,API目录ID-39/2026-09-04,,,尚未映射到可回跳的知识库景点卡,,,1,CN-POOL-20260904-r0,MCT内容ID=14378；来源文件=content_39.json
CN-P-002087,bbd2bb2df26adabc6cfbf0e9118944912361b77af55a7319468c2711138a131e,江苏省常州市金坛区薛埠镇,,江苏省,,,非A,乡村旅游重点镇,unknown,pending,第一批全国乡村旅游重点镇,https://www.mct.gov.cn/tourism/#/list,API目录ID-39/2026-09-04,,,尚未映射到可回跳的知识库景点卡,,,1,CN-POOL-20260904-r0,MCT内容ID=14379；来源文件=content_39.json
CN-P-002088,742a11fd2685f1bbe22a7396fa82e909b07b3628ad0f89f89ab91db4ed037f64,江苏省镇江市句容市茅山镇,,江苏省,,,非A,乡村旅游重点镇,unknown,pending,第一批全国乡村旅游重点镇,https://www.mct.gov.cn/tourism/#/list,API目录ID-39/2026-09-04,,,尚未映射到可回跳的知识库景点卡,,,1,CN-POOL-20260904-r0,MCT内容ID=14380；来源文件=content_39.json
CN-P-002089,d8be88c6f54617231dc970483b8518569fb36c6a547d6963dd6e62fa4f4976e6,浙江省温州市永嘉县岩头镇,,浙江省,,,非A,乡村旅游重点镇,unknown,pending,第一批全国乡村旅游重点镇,https://www.mct.gov.cn/tourism/#/list,API目录ID-39/2026-09-04,,,尚未映射到可回跳的知识库景点卡,,,1,CN-POOL-20260904-r0,MCT内容ID=14381；来源文件=content_39.json
CN-P-002090,3bfd72967cc1c9e35c722038a1e7b50cf7009035a0c4744b5462c138970085ac,浙江省湖州市德清县莫干山镇,,浙江省,,,非A,乡村旅游重点镇,unknown,pending,第一批全国乡村旅游重点镇,https://www.mct.gov.cn/tourism/#/list,API目录ID-39/2026-09-04,,,尚未映射到可回跳的知识库景点卡,,,1,CN-POOL-20260904-r0,MCT内容ID=14382；来源文件=content_39.json
CN-P-002091,84a76f66ad7de80fdaf2133f40acf9444c5d9c07622b9b8afc303a58d2ee6a70,浙江省金华市磐安县尖山镇,,浙江省,,,非A,乡村旅游重点镇,unknown,pending,第一批全国乡村旅游重点镇,https://www.mct.gov.cn/tourism/#/list,API目录ID-39/2026-09-04,,,尚未映射到可回跳的知识库景点卡,,,1,CN-POOL-20260904-r0,MCT内容ID=14383；来源文件=content_39.json
CN-P-002092,3945d28ac19b76612ba38372265f95aa9e5db8ad0fbd15da8bf0d7f3fb902ffe,浙江省台州市仙居县淡竹乡,,浙江省,,,非A,乡村旅游重点镇,unknown,pending,第一批全国乡村旅游重点镇,https://www.mct.gov.cn/tourism/#/list,API目录ID-39/2026-09-04,,,尚未映射到可回跳的知识库景点卡,,,1,CN-POOL-20260904-r0,MCT内容ID=14384；来源文件=content_39.json
CN-P-002093,ae2986d9dd3a3868e3daedc86e755d587a48cdefca8befc5170f1c6f2be33e43,安徽省黄山市黟县宏村镇,,安徽省,,,非A,乡村旅游重点镇,unknown,pending,第一批全国乡村旅游重点镇,https://www.mct.gov.cn/tourism/#/list,API目录ID-39/2026-09-04,,,尚未映射到可回跳的知识库景点卡,,,1,CN-POOL-20260904-r0,MCT内容ID=14385；来源文件=content_39.json
CN-P-002094,c7096d2117fc4ebebda69a80a71c25f9af061f14dd124a42875687cf5471d281,安徽省安庆市潜山市天柱山镇,,安徽省,,,非A,乡村旅游重点镇,unknown,pending,第一批全国乡村旅游重点镇,https://www.mct.gov.cn/tourism/#/list,API目录ID-39/2026-09-04,,,尚未映射到可回跳的知识库景点卡,,,1,CN-POOL-20260904-r0,MCT内容ID=14386；来源文件=content_39.json
CN-P-002095,4d553c789a40189846d144122025770926531f3939a68ed599d94a497a1c0b03,安徽省芜湖市湾沚区红杨镇,,安徽省,,,非A,乡村旅游重点镇,unknown,pending,第一批全国乡村旅游重点镇,https://www.mct.gov.cn/tourism/#/list,API目录ID-39/2026-09-04,,,尚未映射到可回跳的知识库景点卡,,,1,CN-POOL-20260904-r0,MCT内容ID=14387；来源文件=content_39.json
CN-P-002096,6a5da483dca09414c569a2b318de14ae06b47d4a5618d7aa60fffa6715ab462c,福建省平潭综合实验区君山镇,,福建省,,,非A,乡村旅游重点镇,unknown,pending,第一批全国乡村旅游重点镇,https://www.mct.gov.cn/tourism/#/list,API目录ID-39/2026-09-04,,,尚未映射到可回跳的知识库景点卡,,,1,CN-POOL-20260904-r0,MCT内容ID=14388；来源文件=content_39.json
CN-P-002097,55953ceadae75b4761a5f46930e6249f44520bfe6811b897af28c9b31c7a0860,福建省福州市永泰县嵩口镇,,福建省,,,非A,乡村旅游重点镇,unknown,pending,第一批全国乡村旅游重点镇,https://www.mct.gov.cn/tourism/#/list,API目录ID-39/2026-09-04,,,尚未映射到可回跳的知识库景点卡,,,1,CN-POOL-20260904-r0,MCT内容ID=14389；来源文件=content_39.json
CN-P-002098,76987eb816c12ecc688072443a19b53fe0c7d5e70a1404b44b1cac1c7612e356,福建省厦门市同安区莲花镇,,福建省,,,非A,乡村旅游重点镇,unknown,pending,第一批全国乡村旅游重点镇,https://www.mct.gov.cn/tourism/#/list,API目录ID-39/2026-09-04,,,尚未映射到可回跳的知识库景点卡,,,1,CN-POOL-20260904-r0,MCT内容ID=14390；来源文件=content_39.json
CN-P-002099,b0c89667d06c9ff731a4c7023541cee44cc67bd9f31217980f45ea30a2d6b619,江西省吉安市井冈山市茅坪镇,,江西省,,,非A,乡村旅游重点镇,unknown,pending,第一批全国乡村旅游重点镇,https://www.mct.gov.cn/tourism/#/list,API目录ID-39/2026-09-04,,,尚未映射到可回跳的知识库景点卡,,,1,CN-POOL-20260904-r0,MCT内容ID=14391；来源文件=content_39.json
CN-P-002100,0594cffb84ae2dba8d764c32a1bea8632efb188f4228b03efaa379c9de46c10e,江西省上饶市婺源县江湾镇,,江西省,,,非A,乡村旅游重点镇,unknown,pending,第一批全国乡村旅游重点镇,https://www.mct.gov.cn/tourism/#/list,API目录ID-39/2026-09-04,,,尚未映射到可回跳的知识库景点卡,,,1,CN-POOL-20260904-r0,MCT内容ID=14392；来源文件=content_39.json
CN-P-002101,0b8b16f2e41988271bcc61d43bc87d10539279acc9bef309a7c60a688965abaa,江西省南昌市湾里管理局太平镇,,江西省,,,非A,乡村旅游重点镇,unknown,pending,第一批全国乡村旅游重点镇,https://www.mct.gov.cn/tourism/#/list,API目录ID-39/2026-09-04,,,尚未映射到可回跳的知识库景点卡,,,1,CN-POOL-20260904-r0,MCT内容ID=14393；来源文件=content_39.json
CN-P-002102,bf03cc28905153cfbd6ac8e5f61ae405c371949c2121698e397ed43c007d8970,山东省临沂市沂水县院东头镇,,山东省,,,非A,乡村旅游重点镇,unknown,pending,第一批全国乡村旅游重点镇,https://www.mct.gov.cn/tourism/#/list,API目录ID-39/2026-09-04,,,尚未映射到可回跳的知识库景点卡,,,1,CN-POOL-20260904-r0,MCT内容ID=14394；来源文件=content_39.json
CN-P-002103,133d435933f273a3a8226ea683e5b10a5e06534bbe81e8b9f0046f903821cba9,山东省泰安市岱岳区道朗镇,,山东省,,,非A,乡村旅游重点镇,unknown,pending,第一批全国乡村旅游重点镇,https://www.mct.gov.cn/tourism/#/list,API目录ID-39/2026-09-04,,,尚未映射到可回跳的知识库景点卡,,,1,CN-POOL-20260904-r0,MCT内容ID=14395；来源文件=content_39.json
CN-P-002104,9adb7837128f4d0f3eca6abaf07dc83f63d5003d30c4df6eb35ab6c95482a42b,山东省威海市荣成市宁津街道,,山东省,,,非A,乡村旅游重点镇,unknown,pending,第一批全国乡村旅游重点镇,https://www.mct.gov.cn/tourism/#/list,API目录ID-39/2026-09-04,,,尚未映射到可回跳的知识库景点卡,,,1,CN-POOL-20260904-r0,MCT内容ID=14396；来源文件=content_39.json
CN-P-002105,a9fef364eac6fdd5e164bae4594379a7db2aef32389cb790bc84ca75e48615ee,河南省郑州市巩义市竹林镇,,河南省,,,非A,乡村旅游重点镇,unknown,pending,第一批全国乡村旅游重点镇,https://www.mct.gov.cn/tourism/#/list,API目录ID-39/2026-09-04,,,尚未映射到可回跳的知识库景点卡,,,1,CN-POOL-20260904-r0,MCT内容ID=14397；来源文件=content_39.json
CN-P-002106,240211dafec57ed3c7519f444b21a6e0847b59c996f57c1f64ff56eeec1f9d42,河南省安阳市林州市石板岩镇,,河南省,,,非A,乡村旅游重点镇,unknown,pending,第一批全国乡村旅游重点镇,https://www.mct.gov.cn/tourism/#/list,API目录ID-39/2026-09-04,,,尚未映射到可回跳的知识库景点卡,,,1,CN-POOL-20260904-r0,MCT内容ID=14398；来源文件=content_39.json
CN-P-002107,36c2015e76948ab3a796a99f1e02d6adf742644dd13e0c481235eb62b780e1b4,河南省鹤壁市淇县灵山街道,,河南省,,,非A,乡村旅游重点镇,unknown,pending,第一批全国乡村旅游重点镇,https://www.mct.gov.cn/tourism/#/list,API目录ID-39/2026-09-04,,,尚未映射到可回跳的知识库景点卡,,,1,CN-POOL-20260904-r0,MCT内容ID=14399；来源文件=content_39.json
CN-P-002108,f33f049b86377a141410a6fa9d820877d214f933cc313b5f41bc69c810ad7d93,湖北省武汉市黄陂区木兰乡,,湖北省,,,非A,乡村旅游重点镇,unknown,pending,第一批全国乡村旅游重点镇,https://www.mct.gov.cn/tourism/#/list,API目录ID-39/2026-09-04,,,尚未映射到可回跳的知识库景点卡,,,1,CN-POOL-20260904-r0,MCT内容ID=14400；来源文件=content_39.json
CN-P-002109,2b9fa7b6aeec150407abcd0ffa8e6732c9c279ce2ddd9ce39acebe451609f381,湖北省十堰市郧西县上津镇,,湖北省,,,非A,乡村旅游重点镇,unknown,pending,第一批全国乡村旅游重点镇,https://www.mct.gov.cn/tourism/#/list,API目录ID-39/2026-09-04,,,尚未映射到可回跳的知识库景点卡,,,1,CN-POOL-20260904-r0,MCT内容ID=14401；来源文件=content_39.json
CN-P-002110,5228c519c48fbf259a835d6ada03c0e827525c48010ca359ad607563b526c9d6,湖北省荆门市钟祥市客店镇,,湖北省,,,非A,乡村旅游重点镇,unknown,pending,第一批全国乡村旅游重点镇,https://www.mct.gov.cn/tourism/#/list,API目录ID-39/2026-09-04,,,尚未映射到可回跳的知识库景点卡,,,1,CN-POOL-20260904-r0,MCT内容ID=14402；来源文件=content_39.json
CN-P-002111,730b3a48056356d7a389cea960076dd1e6895c93275b10f4405830aabb5a6568,湖北省恩施土家族苗族自治州利川市南坪乡,,湖北省,,,非A,乡村旅游重点镇,unknown,pending,第一批全国乡村旅游重点镇,https://www.mct.gov.cn/tourism/#/list,API目录ID-39/2026-09-04,,,尚未映射到可回跳的知识库景点卡,,,1,CN-POOL-20260904-r0,MCT内容ID=14403；来源文件=content_39.json
CN-P-002112,bf0e7db480940e963c65b8f754c210cd7bdd2c05e7c0437d175466a6c77e6098,湖南省湘潭市韶山市韶山乡,,湖南省,,,非A,乡村旅游重点镇,unknown,pending,第一批全国乡村旅游重点镇,https://www.mct.gov.cn/tourism/#/list,API目录ID-39/2026-09-04,,,尚未映射到可回跳的知识库景点卡,,,1,CN-POOL-20260904-r0,MCT内容ID=14404；来源文件=content_39.json
CN-P-002113,7646e035075d23b4ce7a25a379ab4e4b8fe2349496b5c54f7d3b35d8dea0b0aa,湖南省长沙市长沙县开慧镇,,湖南省,,,非A,乡村旅游重点镇,unknown,pending,第一批全国乡村旅游重点镇,https://www.mct.gov.cn/tourism/#/list,API目录ID-39/2026-09-04,,,尚未映射到可回跳的知识库景点卡,,,1,CN-POOL-20260904-r0,MCT内容ID=14405；来源文件=content_39.json
CN-P-002114,04731dd69bffbdddbf181875c6ee60765580c0318523a55dbe1707a83bd63475,湖南省郴州市汝城县文明瑶族乡,,湖南省,,,非A,乡村旅游重点镇,unknown,pending,第一批全国乡村旅游重点镇,https://www.mct.gov.cn/tourism/#/list,API目录ID-39/2026-09-04,,,尚未映射到可回跳的知识库景点卡,,,1,CN-POOL-20260904-r0,MCT内容ID=14406；来源文件=content_39.json
CN-P-002115,857861f0d79f987eafd815c32522a3d9df25f653a9db7e89e3c0d3fd962ebdd5,广东省韶关市南雄市珠玑镇,,广东省,,,非A,乡村旅游重点镇,unknown,pending,第一批全国乡村旅游重点镇,https://www.mct.gov.cn/tourism/#/list,API目录ID-39/2026-09-04,,,尚未映射到可回跳的知识库景点卡,,,1,CN-POOL-20260904-r0,MCT内容ID=14407；来源文件=content_39.json
CN-P-002116,f5076d1870af3af04addcb298422d358eda3df48aff8b936e743fc6f926410e4,广东省梅州市梅县区雁洋镇,,广东省,,,非A,乡村旅游重点镇,unknown,pending,第一批全国乡村旅游重点镇,https://www.mct.gov.cn/tourism/#/list,API目录ID-39/2026-09-04,,,尚未映射到可回跳的知识库景点卡,,,1,CN-POOL-20260904-r0,MCT内容ID=14408；来源文件=content_39.json
CN-P-002117,e973c61514769dbd9312e69c3b3790473ac3500a2f0f07420c5d4460a772d3ec,广东省东莞市寮步镇,,广东省,,,非A,乡村旅游重点镇,unknown,pending,第一批全国乡村旅游重点镇,https://www.mct.gov.cn/tourism/#/list,API目录ID-39/2026-09-04,,,尚未映射到可回跳的知识库景点卡,,,1,CN-POOL-20260904-r0,MCT内容ID=14409；来源文件=content_39.json
CN-P-002118,703355b5e2517149e1c0a94a52ca125a60fc764fb3257f328cd009d09a86583d,广西壮族自治区南宁市马山县古零镇,,广西壮族自治区,,,非A,乡村旅游重点镇,unknown,pending,第一批全国乡村旅游重点镇,https://www.mct.gov.cn/tourism/#/list,API目录ID-39/2026-09-04,,,尚未映射到可回跳的知识库景点卡,,,1,CN-POOL-20260904-r0,MCT内容ID=14410；来源文件=content_39.json
CN-P-002119,dcd81cfec6de0bf695e06305819a45611b977353dbb9c2ffd9af7dde1408155e,广西壮族自治区柳州市鹿寨县中渡镇,,广西壮族自治区,,,非A,乡村旅游重点镇,unknown,pending,第一批全国乡村旅游重点镇,https://www.mct.gov.cn/tourism/#/list,API目录ID-39/2026-09-04,,,尚未映射到可回跳的知识库景点卡,,,1,CN-POOL-20260904-r0,MCT内容ID=14411；来源文件=content_39.json
CN-P-002120,4a5848a6530b87a099176ad453d392e500e84da4f00489e884e091c71b896f5e,广西壮族自治区桂林市灵川县大圩镇,,广西壮族自治区,,,非A,乡村旅游重点镇,unknown,pending,第一批全国乡村旅游重点镇,https://www.mct.gov.cn/tourism/#/list,API目录ID-39/2026-09-04,,,尚未映射到可回跳的知识库景点卡,,,1,CN-POOL-20260904-r0,MCT内容ID=14412；来源文件=content_39.json
CN-P-002121,6d6f6f02aee8138e959b88ae805131cc046fac1399deb23cf3c3001c0a8bc7eb,海南省琼海市博鳌镇,,海南省,,,非A,乡村旅游重点镇,unknown,pending,第一批全国乡村旅游重点镇,https://www.mct.gov.cn/tourism/#/list,API目录ID-39/2026-09-04,,,尚未映射到可回跳的知识库景点卡,,,1,CN-POOL-20260904-r0,MCT内容ID=14413；来源文件=content_39.json
CN-P-002122,4a7afec1851f62d6f11da4d13ce31a10ec2bdf241ba85746331891a38a0f83f3,海南省文昌市龙楼镇,,海南省,,,非A,乡村旅游重点镇,unknown,pending,第一批全国乡村旅游重点镇,https://www.mct.gov.cn/tourism/#/list,API目录ID-39/2026-09-04,,,尚未映射到可回跳的知识库景点卡,,,1,CN-POOL-20260904-r0,MCT内容ID=14414；来源文件=content_39.json
CN-P-002123,e773ed7bdb82e859f783d521d17677867917c2022473d90023fa180d78973c59,海南省海口市秀英区石山镇,,海南省,,,非A,乡村旅游重点镇,unknown,pending,第一批全国乡村旅游重点镇,https://www.mct.gov.cn/tourism/#/list,API目录ID-39/2026-09-04,,,尚未映射到可回跳的知识库景点卡,,,1,CN-POOL-20260904-r0,MCT内容ID=14415；来源文件=content_39.json
CN-P-002124,1c20caab211f95e994075a7915ed9ec4f5b6021f92ffbc363e9886cdf31ed810,重庆市武隆区仙女山街道,,重庆市,,,非A,乡村旅游重点镇,unknown,pending,第一批全国乡村旅游重点镇,https://www.mct.gov.cn/tourism/#/list,API目录ID-39/2026-09-04,,,尚未映射到可回跳的知识库景点卡,,,1,CN-POOL-20260904-r0,MCT内容ID=14416；来源文件=content_39.json
CN-P-002125,677213c3398be39cf41bab1b0a225b5429d6bd4beee55b9a610736a3e6c44e5a,重庆市铜梁区土桥镇,,重庆市,,,非A,乡村旅游重点镇,unknown,pending,第一批全国乡村旅游重点镇,https://www.mct.gov.cn/tourism/#/list,API目录ID-39/2026-09-04,,,尚未映射到可回跳的知识库景点卡,,,1,CN-POOL-20260904-r0,MCT内容ID=14417；来源文件=content_39.json
CN-P-002126,7059dfe24deb7aa79322a388a89acf2e89b61e333c2b95024f75035f640b351a,重庆市梁平区竹山镇,,重庆市,,,非A,乡村旅游重点镇,unknown,pending,第一批全国乡村旅游重点镇,https://www.mct.gov.cn/tourism/#/list,API目录ID-39/2026-09-04,,,尚未映射到可回跳的知识库景点卡,,,1,CN-POOL-20260904-r0,MCT内容ID=14418；来源文件=content_39.json
CN-P-002127,45612d514460c1c9dff530999116acb086b39265ff74254e2d8e61d552b50a83,四川省成都市彭州市龙门山镇,,四川省,,,非A,乡村旅游重点镇,unknown,pending,第一批全国乡村旅游重点镇,https://www.mct.gov.cn/tourism/#/list,API目录ID-39/2026-09-04,,,尚未映射到可回跳的知识库景点卡,,,1,CN-POOL-20260904-r0,MCT内容ID=14419；来源文件=content_39.json
CN-P-002128,9b6a70cde5b5b8896f456bd91976046d3b9cf859e6f7a3851869bf6283719a15,四川省南充市阆中市天宫镇,,四川省,,,非A,乡村旅游重点镇,unknown,pending,第一批全国乡村旅游重点镇,https://www.mct.gov.cn/tourism/#/list,API目录ID-39/2026-09-04,,,尚未映射到可回跳的知识库景点卡,,,1,CN-POOL-20260904-r0,MCT内容ID=14420；来源文件=content_39.json
CN-P-002129,31e3c6310296ef0f5884585debe5bc88a6b2400774f535c1429d6ed246e68e52,四川省广安市武胜县飞龙镇,,四川省,,,非A,乡村旅游重点镇,unknown,pending,第一批全国乡村旅游重点镇,https://www.mct.gov.cn/tourism/#/list,API目录ID-39/2026-09-04,,,尚未映射到可回跳的知识库景点卡,,,1,CN-POOL-20260904-r0,MCT内容ID=14421；来源文件=content_39.json
CN-P-002130,c8545ddb5c5f3ae4035d95206ec9e2b7c47d5bfb7ba2ec2aae299cb18a7d047c,贵州省黔西南布依族苗族自治州兴义市万峰林街道,,贵州省,,,非A,乡村旅游重点镇,unknown,pending,第一批全国乡村旅游重点镇,https://www.mct.gov.cn/tourism/#/list,API目录ID-39/2026-09-04,,,尚未映射到可回跳的知识库景点卡,,,1,CN-POOL-20260904-r0,MCT内容ID=14422；来源文件=content_39.json
CN-P-002131,da227f9d41cac668396e22697085d8a34149dbc7c73699081f341569e21b5dcf,贵州省铜仁市江口县太平镇,,贵州省,,,非A,乡村旅游重点镇,unknown,pending,第一批全国乡村旅游重点镇,https://www.mct.gov.cn/tourism/#/list,API目录ID-39/2026-09-04,,,尚未映射到可回跳的知识库景点卡,,,1,CN-POOL-20260904-r0,MCT内容ID=14423；来源文件=content_39.json
CN-P-002132,f53628039d867e7b0d767ae33a91b15a232c10a02e7a0c3c58e810b4f99a5ad7,贵州省黔南布依族苗族自治州贵定县盘江镇,,贵州省,,,非A,乡村旅游重点镇,unknown,pending,第一批全国乡村旅游重点镇,https://www.mct.gov.cn/tourism/#/list,API目录ID-39/2026-09-04,,,尚未映射到可回跳的知识库景点卡,,,1,CN-POOL-20260904-r0,MCT内容ID=14424；来源文件=content_39.json
CN-P-002133,079ebae5897fba7f762f15b4f3db843238eb050bfe488191bfcfbd07e01a95cd,贵州省毕节市织金县官寨苗族乡,,贵州省,,,非A,乡村旅游重点镇,unknown,pending,第一批全国乡村旅游重点镇,https://www.mct.gov.cn/tourism/#/list,API目录ID-39/2026-09-04,,,尚未映射到可回跳的知识库景点卡,,,1,CN-POOL-20260904-r0,MCT内容ID=14425；来源文件=content_39.json
CN-P-002134,38acfa861d34fb26c18f22f7dc45d745c5135843873fe0dfff2015a3cb118a80,云南省大理白族自治州大理市双廊镇,,云南省,,,非A,乡村旅游重点镇,unknown,pending,第一批全国乡村旅游重点镇,https://www.mct.gov.cn/tourism/#/list,API目录ID-39/2026-09-04,,,尚未映射到可回跳的知识库景点卡,,,1,CN-POOL-20260904-r0,MCT内容ID=14426；来源文件=content_39.json
CN-P-002135,08b258029c5064db82bf92bed98fd321cc966002b3c9edc07ec7051d1bde49b3,云南省丽江市玉龙纳西族自治县白沙镇,,云南省,,,非A,乡村旅游重点镇,unknown,pending,第一批全国乡村旅游重点镇,https://www.mct.gov.cn/tourism/#/list,API目录ID-39/2026-09-04,,,尚未映射到可回跳的知识库景点卡,,,1,CN-POOL-20260904-r0,MCT内容ID=14427；来源文件=content_39.json
CN-P-002136,2f346880e97eb1e0be7eb4a045e2d62c0ffecb8b2d2b9d5c4ca13b906a7a61c3,云南省曲靖市师宗县五龙壮族乡,,云南省,,,非A,乡村旅游重点镇,unknown,pending,第一批全国乡村旅游重点镇,https://www.mct.gov.cn/tourism/#/list,API目录ID-39/2026-09-04,,,尚未映射到可回跳的知识库景点卡,,,1,CN-POOL-20260904-r0,MCT内容ID=14428；来源文件=content_39.json
CN-P-002137,03cdda0368a1f0492ed7075d4b042394fd46f75fb56639ce1dd4d1862f7ba8fe,西藏自治区日喀则市亚东县下亚东乡,,西藏自治区,,,非A,乡村旅游重点镇,unknown,pending,第一批全国乡村旅游重点镇,https://www.mct.gov.cn/tourism/#/list,API目录ID-39/2026-09-04,,,尚未映射到可回跳的知识库景点卡,,,1,CN-POOL-20260904-r0,MCT内容ID=14429；来源文件=content_39.json
CN-P-002138,6b20b80a1da74f0e53b7c7cf7c0c340575a108e607883a57df8f1f518112f681,西藏自治区山南市错那县麻麻门巴民族乡,,西藏自治区,,,非A,乡村旅游重点镇,unknown,pending,第一批全国乡村旅游重点镇,https://www.mct.gov.cn/tourism/#/list,API目录ID-39/2026-09-04,,,尚未映射到可回跳的知识库景点卡,,,1,CN-POOL-20260904-r0,MCT内容ID=14430；来源文件=content_39.json
CN-P-002139,c6b6e8125124f0f3a42e56f6314bb50093b8343706bd29e0b1ddc2719e074fd2,西藏自治区阿里地区普兰县普兰镇,,西藏自治区,,,非A,乡村旅游重点镇,unknown,pending,第一批全国乡村旅游重点镇,https://www.mct.gov.cn/tourism/#/list,API目录ID-39/2026-09-04,,,尚未映射到可回跳的知识库景点卡,,,1,CN-POOL-20260904-r0,MCT内容ID=14431；来源文件=content_39.json
CN-P-002140,510bb727960f78c4d2ba4c963909a16b2cd4866fcb3bfbbb72462e00d80d1e24,陕西省安康市石泉县后柳镇,,陕西省,,,非A,乡村旅游重点镇,unknown,pending,第一批全国乡村旅游重点镇,https://www.mct.gov.cn/tourism/#/list,API目录ID-39/2026-09-04,,,尚未映射到可回跳的知识库景点卡,,,1,CN-POOL-20260904-r0,MCT内容ID=14432；来源文件=content_39.json
CN-P-002141,3f33cae7dbf8d1facdf2788c858e11a17e7097b466924b8be8140d5ba50854fb,陕西省商洛市商南县金丝峡镇,,陕西省,,,非A,乡村旅游重点镇,unknown,pending,第一批全国乡村旅游重点镇,https://www.mct.gov.cn/tourism/#/list,API目录ID-39/2026-09-04,,,尚未映射到可回跳的知识库景点卡,,,1,CN-POOL-20260904-r0,MCT内容ID=14433；来源文件=content_39.json
CN-P-002142,20c8d0efccfdb7f8695c790622c418ad6024def0fe43448ef4a871cc1dc47ef2,陕西省咸阳市礼泉县烟霞镇,,陕西省,,,非A,乡村旅游重点镇,unknown,pending,第一批全国乡村旅游重点镇,https://www.mct.gov.cn/tourism/#/list,API目录ID-39/2026-09-04,,,尚未映射到可回跳的知识库景点卡,,,1,CN-POOL-20260904-r0,MCT内容ID=14434；来源文件=content_39.json
CN-P-002143,08c837e4b68c4805d9de7e7555061ff5b6e6afaa61b3f7ebe629ee2098b0bd0a,甘肃省酒泉市敦煌市月牙泉镇,,甘肃省,,,非A,乡村旅游重点镇,unknown,pending,第一批全国乡村旅游重点镇,https://www.mct.gov.cn/tourism/#/list,API目录ID-39/2026-09-04,,,尚未映射到可回跳的知识库景点卡,,,1,CN-POOL-20260904-r0,MCT内容ID=14435；来源文件=content_39.json
CN-P-002144,90cb4cd3d6406f8cedcc22105c9e822cb7dcd40a6985df54ba80a96564dcf3a3,甘肃省陇南市康县长坝镇,,甘肃省,,,非A,乡村旅游重点镇,unknown,pending,第一批全国乡村旅游重点镇,https://www.mct.gov.cn/tourism/#/list,API目录ID-39/2026-09-04,,,尚未映射到可回跳的知识库景点卡,,,1,CN-POOL-20260904-r0,MCT内容ID=14436；来源文件=content_39.json
CN-P-002145,bf7fc67caec1ac93ba39a7f98988f781ba91b393e380f5287ad3df42d90d203b,甘肃省庆阳市华池县南梁镇,,甘肃省,,,非A,乡村旅游重点镇,unknown,pending,第一批全国乡村旅游重点镇,https://www.mct.gov.cn/tourism/#/list,API目录ID-39/2026-09-04,,,尚未映射到可回跳的知识库景点卡,,,1,CN-POOL-20260904-r0,MCT内容ID=14437；来源文件=content_39.json
CN-P-002146,ae6f86b237233275ddff591fd61c81b48ce376f24e68445fa5176e48761dac7e,青海省海东市互助土族自治县威远镇,,青海省,,,非A,乡村旅游重点镇,unknown,pending,第一批全国乡村旅游重点镇,https://www.mct.gov.cn/tourism/#/list,API目录ID-39/2026-09-04,,,尚未映射到可回跳的知识库景点卡,,,1,CN-POOL-20260904-r0,MCT内容ID=14438；来源文件=content_39.json
CN-P-002147,0cea585977af2bb5395b86c3522ce398b2091cf94cd0e632b7c1748bc2e8225c,青海省西宁市湟源县日月藏族乡,,青海省,,,非A,乡村旅游重点镇,unknown,pending,第一批全国乡村旅游重点镇,https://www.mct.gov.cn/tourism/#/list,API目录ID-39/2026-09-04,,,尚未映射到可回跳的知识库景点卡,,,1,CN-POOL-20260904-r0,MCT内容ID=14439；来源文件=content_39.json
CN-P-002148,85da8e39d72b43d4505fcf510640d730cb0cbd9a9c3265bf7de4355e82508713,青海省海南藏族自治州贵德县尕让乡,,青海省,,,非A,乡村旅游重点镇,unknown,pending,第一批全国乡村旅游重点镇,https://www.mct.gov.cn/tourism/#/list,API目录ID-39/2026-09-04,,,尚未映射到可回跳的知识库景点卡,,,1,CN-POOL-20260904-r0,MCT内容ID=14440；来源文件=content_39.json
CN-P-002149,aeae35265ba593b65c79e4d5bd0bdfbff31e2c328554b988e350f7349e8fe41d,宁夏回族自治区银川市永宁县闽宁镇,,宁夏回族自治区,,,非A,乡村旅游重点镇,unknown,pending,第一批全国乡村旅游重点镇,https://www.mct.gov.cn/tourism/#/list,API目录ID-39/2026-09-04,,,尚未映射到可回跳的知识库景点卡,,,1,CN-POOL-20260904-r0,MCT内容ID=14441；来源文件=content_39.json
CN-P-002150,acc3caff0604a65af43d0b8b0b1b360eb0c1dcd045f8f2bd9a8d5b50b6e917d3,宁夏回族自治区银川市西夏区镇北堡镇,,宁夏回族自治区,,,非A,乡村旅游重点镇,unknown,pending,第一批全国乡村旅游重点镇,https://www.mct.gov.cn/tourism/#/list,API目录ID-39/2026-09-04,,,尚未映射到可回跳的知识库景点卡,,,1,CN-POOL-20260904-r0,MCT内容ID=14442；来源文件=content_39.json
CN-P-002151,de7f909d85e8498b0151fe969acf5e57d48bc3ef2e5cd2288d1aa52c15a3dd1d,宁夏回族自治区固原市泾源县泾河源镇,,宁夏回族自治区,,,非A,乡村旅游重点镇,unknown,pending,第一批全国乡村旅游重点镇,https://www.mct.gov.cn/tourism/#/list,API目录ID-39/2026-09-04,,,尚未映射到可回跳的知识库景点卡,,,1,CN-POOL-20260904-r0,MCT内容ID=14443；来源文件=content_39.json
CN-P-002152,8d83cc42b3a07049fd2ee81758c35b4ecd5dcc9e69eba293eae5abb557624ead,新疆维吾尔自治区伊犁哈萨克自治州新源县那拉提镇,,新疆维吾尔自治区,,,非A,乡村旅游重点镇,unknown,pending,第一批全国乡村旅游重点镇,https://www.mct.gov.cn/tourism/#/list,API目录ID-39/2026-09-04,,,尚未映射到可回跳的知识库景点卡,,,1,CN-POOL-20260904-r0,MCT内容ID=14444；来源文件=content_39.json
CN-P-002153,99791092e61c0840889bbc83e24a8eec63fe68b8d38f84b94383243db00df464,新疆维吾尔自治区昌吉回族自治州木垒哈萨克自治县英格堡乡,,新疆维吾尔自治区,,,非A,乡村旅游重点镇,unknown,pending,第一批全国乡村旅游重点镇,https://www.mct.gov.cn/tourism/#/list,API目录ID-39/2026-09-04,,,尚未映射到可回跳的知识库景点卡,,,1,CN-POOL-20260904-r0,MCT内容ID=14445；来源文件=content_39.json
CN-P-002154,564ad8b2ba61775cede559be62f45b770647e00ea0be2e72fb00d39b5a62d726,新疆维吾尔自治区阿勒泰地区喀纳斯景区禾木哈纳斯蒙古族乡,,新疆维吾尔自治区,,,非A,乡村旅游重点镇,unknown,pending,第一批全国乡村旅游重点镇,https://www.mct.gov.cn/tourism/#/list,API目录ID-39/2026-09-04,,,尚未映射到可回跳的知识库景点卡,,,1,CN-POOL-20260904-r0,MCT内容ID=14446；来源文件=content_39.json
CN-P-002155,035f1dec99040a2d1bead58eabf7ec52884ff50a51dfa1c652b262debff1617e,新疆生产建设兵团第四师71团,,新疆生产建设兵团,,,非A,乡村旅游重点镇,unknown,pending,第一批全国乡村旅游重点镇,https://www.mct.gov.cn/tourism/#/list,API目录ID-39/2026-09-04,,,尚未映射到可回跳的知识库景点卡,,,1,CN-POOL-20260904-r0,MCT内容ID=14447；来源文件=content_39.json
CN-P-002156,33ae7484cd300e3b5cab2d694a7289252b2af359f8240dd45d10bee4ea6cfee6,新疆生产建设兵团第十师185团,,新疆生产建设兵团,,,非A,乡村旅游重点镇,unknown,pending,第一批全国乡村旅游重点镇,https://www.mct.gov.cn/tourism/#/list,API目录ID-39/2026-09-04,,,尚未映射到可回跳的知识库景点卡,,,1,CN-POOL-20260904-r0,MCT内容ID=14448；来源文件=content_39.json
CN-P-002157,90d3c5fe6ab6d17c921903bf488f9f4614d755a427538b2b2da40ef8542287ed,新疆生产建设兵团第十二师头屯河农场,,新疆生产建设兵团,,,非A,乡村旅游重点镇,unknown,pending,第一批全国乡村旅游重点镇,https://www.mct.gov.cn/tourism/#/list,API目录ID-39/2026-09-04,,,尚未映射到可回跳的知识库景点卡,,,1,CN-POOL-20260904-r0,MCT内容ID=14449；来源文件=content_39.json
CN-P-002158,b32523f6f1397edf9615fa0797427364b8ede9560f84bdd7ac0841250dcb8498,北京市门头沟区斋堂镇,,北京市,,,非A,乡村旅游重点镇,unknown,pending,第二批全国乡村旅游重点镇,https://www.mct.gov.cn/tourism/#/list,API目录ID-44/2026-09-04,,,尚未映射到可回跳的知识库景点卡,,,1,CN-POOL-20260904-r0,MCT内容ID=56436；来源文件=content_44.json
CN-P-002159,22450f8f2332ed86648b3604be7235b915b4de458a262679db786dfc42d5b12c,北京市房山区十渡镇,,北京市,,,非A,乡村旅游重点镇,unknown,pending,第二批全国乡村旅游重点镇,https://www.mct.gov.cn/tourism/#/list,API目录ID-44/2026-09-04,,,尚未映射到可回跳的知识库景点卡,,,1,CN-POOL-20260904-r0,MCT内容ID=56437；来源文件=content_44.json
CN-P-002160,dad36ef3f57dac196f326e0b9f56cb89613b0b27a583757f3ff8b778b8c9a2fb,北京市密云区古北口镇,,北京市,,,非A,乡村旅游重点镇,unknown,pending,第二批全国乡村旅游重点镇,https://www.mct.gov.cn/tourism/#/list,API目录ID-44/2026-09-04,,,尚未映射到可回跳的知识库景点卡,,,1,CN-POOL-20260904-r0,MCT内容ID=56438；来源文件=content_44.json
CN-P-002161,2c723ba05922b2b0daef171c957f97c816ea524aec4ffb09629d03af93dbe3cd,天津市蓟州区穿芳峪镇,,天津市,,,非A,乡村旅游重点镇,unknown,pending,第二批全国乡村旅游重点镇,https://www.mct.gov.cn/tourism/#/list,API目录ID-44/2026-09-04,,,尚未映射到可回跳的知识库景点卡,,,1,CN-POOL-20260904-r0,MCT内容ID=56439；来源文件=content_44.json
CN-P-002162,7d64b03949bdd1d0cf1a661e268f74f87ace8bf95a81ea322d6e394558b9974e,天津市蓟州区渔阳镇,,天津市,,,非A,乡村旅游重点镇,unknown,pending,第二批全国乡村旅游重点镇,https://www.mct.gov.cn/tourism/#/list,API目录ID-44/2026-09-04,,,尚未映射到可回跳的知识库景点卡,,,1,CN-POOL-20260904-r0,MCT内容ID=56440；来源文件=content_44.json
CN-P-002163,3e38bf3f4d33c1d6ea056bfb565fe186feb7dcd58069bf0c6485109ec16c23d1,天津市蓟州区罗庄子镇,,天津市,,,非A,乡村旅游重点镇,unknown,pending,第二批全国乡村旅游重点镇,https://www.mct.gov.cn/tourism/#/list,API目录ID-44/2026-09-04,,,尚未映射到可回跳的知识库景点卡,,,1,CN-POOL-20260904-r0,MCT内容ID=56441；来源文件=content_44.json
CN-P-002164,4696f8ce310b186dc72f1a63219003d00902bd731400bffa18d3b03c746ecdf3,河北省保定市易县安格庄乡,,河北省,,,非A,乡村旅游重点镇,unknown,pending,第二批全国乡村旅游重点镇,https://www.mct.gov.cn/tourism/#/list,API目录ID-44/2026-09-04,,,尚未映射到可回跳的知识库景点卡,,,1,CN-POOL-20260904-r0,MCT内容ID=56442；来源文件=content_44.json
CN-P-002165,827d946534cf18d7b50933581988464164d6db77acd6fe6ea97eb4229fcf3595,河北省保定市涞水县三坡镇,,河北省,,,非A,乡村旅游重点镇,unknown,pending,第二批全国乡村旅游重点镇,https://www.mct.gov.cn/tourism/#/list,API目录ID-44/2026-09-04,,,尚未映射到可回跳的知识库景点卡,,,1,CN-POOL-20260904-r0,MCT内容ID=56443；来源文件=content_44.json
CN-P-002166,d6228a5cbae9b0b170e0b92bf5e08fadd500f8bda0d37a67ba2fd3deb8fd6de7,河北省邢台市信都区路罗镇,,河北省,,,非A,乡村旅游重点镇,unknown,pending,第二批全国乡村旅游重点镇,https://www.mct.gov.cn/tourism/#/list,API目录ID-44/2026-09-04,,,尚未映射到可回跳的知识库景点卡,,,1,CN-POOL-20260904-r0,MCT内容ID=56444；来源文件=content_44.json
CN-P-002167,6aeb160c7f924f73c1b42bfba90a6ae360e013c9ece5853ba37cb243b1d5d171,山西省大同市灵丘县红石塄乡,,山西省,,,非A,乡村旅游重点镇,unknown,pending,第二批全国乡村旅游重点镇,https://www.mct.gov.cn/tourism/#/list,API目录ID-44/2026-09-04,,,尚未映射到可回跳的知识库景点卡,,,1,CN-POOL-20260904-r0,MCT内容ID=56445；来源文件=content_44.json
CN-P-002168,2c764b8216477c9d6c940c8139f20a244579f005103134cf529c39d3673ec88f,山西省晋中市榆次区乌金山镇,,山西省,,,非A,乡村旅游重点镇,unknown,pending,第二批全国乡村旅游重点镇,https://www.mct.gov.cn/tourism/#/list,API目录ID-44/2026-09-04,,,尚未映射到可回跳的知识库景点卡,,,1,CN-POOL-20260904-r0,MCT内容ID=56446；来源文件=content_44.json
CN-P-002169,4a309357d798399b76ab3cd2186072c3e1f6eb232ff25303b1c4796518d0abee,山西省临汾市永和县乾坤湾乡,,山西省,,,非A,乡村旅游重点镇,unknown,pending,第二批全国乡村旅游重点镇,https://www.mct.gov.cn/tourism/#/list,API目录ID-44/2026-09-04,,,尚未映射到可回跳的知识库景点卡,,,1,CN-POOL-20260904-r0,MCT内容ID=56447；来源文件=content_44.json
CN-P-002170,9f36d854ff5f66a3ce0eee324ba7397660e949837fdbda3cbde96ce89888283d,内蒙古自治区鄂尔多斯市达拉特旗树林召镇,,内蒙古自治区,,,非A,乡村旅游重点镇,unknown,pending,第二批全国乡村旅游重点镇,https://www.mct.gov.cn/tourism/#/list,API目录ID-44/2026-09-04,,,尚未映射到可回跳的知识库景点卡,,,1,CN-POOL-20260904-r0,MCT内容ID=56448；来源文件=content_44.json
CN-P-002171,c95700e799130db4f9b529253edf7727d8e3bdf6d8a9158dfda21a8017c47394,内蒙古自治区呼和浩特市新城区保合少镇,,内蒙古自治区,,,非A,乡村旅游重点镇,unknown,pending,第二批全国乡村旅游重点镇,https://www.mct.gov.cn/tourism/#/list,API目录ID-44/2026-09-04,,,尚未映射到可回跳的知识库景点卡,,,1,CN-POOL-20260904-r0,MCT内容ID=56449；来源文件=content_44.json
CN-P-002172,746b0dc21f39234f9660e5b08e79f572922fa797809e8344948c262311044d48,内蒙古自治区兴安盟阿尔山市白狼镇,,内蒙古自治区,,,非A,乡村旅游重点镇,unknown,pending,第二批全国乡村旅游重点镇,https://www.mct.gov.cn/tourism/#/list,API目录ID-44/2026-09-04,,,尚未映射到可回跳的知识库景点卡,,,1,CN-POOL-20260904-r0,MCT内容ID=56450；来源文件=content_44.json
CN-P-002173,1061572c554d89af439875b163d7228849e9fc1755144edbc78c95d628b1b402,辽宁省抚顺市新宾满族自治县永陵镇,,辽宁省,,,非A,乡村旅游重点镇,unknown,pending,第二批全国乡村旅游重点镇,https://www.mct.gov.cn/tourism/#/list,API目录ID-44/2026-09-04,,,尚未映射到可回跳的知识库景点卡,,,1,CN-POOL-20260904-r0,MCT内容ID=56451；来源文件=content_44.json
CN-P-002174,be34ea0d62373a15d4b638cbca259c91e6233f855275f1442e2d8660169566e5,辽宁省本溪市本溪满族自治县小市镇,,辽宁省,,,非A,乡村旅游重点镇,unknown,pending,第二批全国乡村旅游重点镇,https://www.mct.gov.cn/tourism/#/list,API目录ID-44/2026-09-04,,,尚未映射到可回跳的知识库景点卡,,,1,CN-POOL-20260904-r0,MCT内容ID=56452；来源文件=content_44.json
CN-P-002175,3354b7dd62b69637baa28aa7082ea108e19f72ae81bda2c540a7ce0d7f1b4f16,辽宁省大连市庄河市步云山乡,,辽宁省,,,非A,乡村旅游重点镇,unknown,pending,第二批全国乡村旅游重点镇,https://www.mct.gov.cn/tourism/#/list,API目录ID-44/2026-09-04,,,尚未映射到可回跳的知识库景点卡,,,1,CN-POOL-20260904-r0,MCT内容ID=56453；来源文件=content_44.json
CN-P-002176,2cbf38b296110f2249d707a0325316a6fca7f292be28ea1f18753409fc03d0a7,吉林省通化市辉南县金川镇,,吉林省,,,非A,乡村旅游重点镇,unknown,pending,第二批全国乡村旅游重点镇,https://www.mct.gov.cn/tourism/#/list,API目录ID-44/2026-09-04,,,尚未映射到可回跳的知识库景点卡,,,1,CN-POOL-20260904-r0,MCT内容ID=56454；来源文件=content_44.json
CN-P-002177,c762085e56621e4f74dcdf8d14baeaa70dbad35da64f95d9ced9ab6460c704fa,吉林省白城市通榆县向海蒙古族乡,,吉林省,,,非A,乡村旅游重点镇,unknown,pending,第二批全国乡村旅游重点镇,https://www.mct.gov.cn/tourism/#/list,API目录ID-44/2026-09-04,,,尚未映射到可回跳的知识库景点卡,,,1,CN-POOL-20260904-r0,MCT内容ID=56455；来源文件=content_44.json
CN-P-002178,7fc284f210f6e2b7a495d8ea248c4b8850371d4aef3548d1f0119078b52a456d,吉林省松原市前郭尔罗斯蒙古族自治县查干湖镇,,吉林省,,,非A,乡村旅游重点镇,unknown,pending,第二批全国乡村旅游重点镇,https://www.mct.gov.cn/tourism/#/list,API目录ID-44/2026-09-04,,,尚未映射到可回跳的知识库景点卡,,,1,CN-POOL-20260904-r0,MCT内容ID=56456；来源文件=content_44.json
CN-P-002179,893d1f70fda0373d25bba00140ccc57ec384f8e0a9874a162642946f11ad3819,黑龙江省黑河市五大连池市朝阳山镇,,黑龙江省,,,非A,乡村旅游重点镇,unknown,pending,第二批全国乡村旅游重点镇,https://www.mct.gov.cn/tourism/#/list,API目录ID-44/2026-09-04,,,尚未映射到可回跳的知识库景点卡,,,1,CN-POOL-20260904-r0,MCT内容ID=56457；来源文件=content_44.json
CN-P-002180,ec2bb64e0eba0d1bf92480e7bdfab62540c383596c645cae69c217d6d42c4a26,黑龙江省大庆市杜尔伯特蒙古族自治县连环湖镇,,黑龙江省,,,非A,乡村旅游重点镇,unknown,pending,第二批全国乡村旅游重点镇,https://www.mct.gov.cn/tourism/#/list,API目录ID-44/2026-09-04,,,尚未映射到可回跳的知识库景点卡,,,1,CN-POOL-20260904-r0,MCT内容ID=56458；来源文件=content_44.json
CN-P-002181,f97d67c593a7f2d55bdcdd13919f37d579d98e6ebe8a00a7b010ab833260e062,黑龙江省大兴安岭地区漠河市北极镇,,黑龙江省,,,非A,乡村旅游重点镇,unknown,pending,第二批全国乡村旅游重点镇,https://www.mct.gov.cn/tourism/#/list,API目录ID-44/2026-09-04,,,尚未映射到可回跳的知识库景点卡,,,1,CN-POOL-20260904-r0,MCT内容ID=56459；来源文件=content_44.json
CN-P-002182,a2acdc46b80f984416b7b691873a58c11b443810ff1e485576573819ca8b3b3a,上海市崇明区竖新镇,,上海市,,,非A,乡村旅游重点镇,unknown,pending,第二批全国乡村旅游重点镇,https://www.mct.gov.cn/tourism/#/list,API目录ID-44/2026-09-04,,,尚未映射到可回跳的知识库景点卡,,,1,CN-POOL-20260904-r0,MCT内容ID=56460；来源文件=content_44.json
CN-P-002183,35a137367a90cb0717475f411f758565e4340cd20c76c141463de6aa7cb53a9a,上海市崇明区横沙乡,,上海市,,,非A,乡村旅游重点镇,unknown,pending,第二批全国乡村旅游重点镇,https://www.mct.gov.cn/tourism/#/list,API目录ID-44/2026-09-04,,,尚未映射到可回跳的知识库景点卡,,,1,CN-POOL-20260904-r0,MCT内容ID=56461；来源文件=content_44.json
CN-P-002184,e13d155021b73c89fa33273b80e40aceec10f78d6f1a0400f9563defe1914b89,江苏省南京市浦口区永宁街道,,江苏省,,,非A,乡村旅游重点镇,unknown,pending,第二批全国乡村旅游重点镇,https://www.mct.gov.cn/tourism/#/list,API目录ID-44/2026-09-04,,,尚未映射到可回跳的知识库景点卡,,,1,CN-POOL-20260904-r0,MCT内容ID=56462；来源文件=content_44.json
CN-P-002185,0875f268aaa260ffdc6d29cf056edff940a120c078a4d69c8fbfb2dae86cfd72,江苏省常州市溧阳市戴埠镇,,江苏省,,,非A,乡村旅游重点镇,unknown,pending,第二批全国乡村旅游重点镇,https://www.mct.gov.cn/tourism/#/list,API目录ID-44/2026-09-04,,,尚未映射到可回跳的知识库景点卡,,,1,CN-POOL-20260904-r0,MCT内容ID=56463；来源文件=content_44.json
CN-P-002186,c577ccd07b5b93625b0e9b04623bbf58b7b836bd87e643c5ac9d8bf42ff06ad7,江苏省南通市海门区常乐镇,,江苏省,,,非A,乡村旅游重点镇,unknown,pending,第二批全国乡村旅游重点镇,https://www.mct.gov.cn/tourism/#/list,API目录ID-44/2026-09-04,,,尚未映射到可回跳的知识库景点卡,,,1,CN-POOL-20260904-r0,MCT内容ID=56464；来源文件=content_44.json
CN-P-002187,05cedb8e108cb9fb4b34d139bd8bc9e970d464d516120f1ad14df3d64f4ca39f,浙江省绍兴市上虞区岭南乡,,浙江省,,,非A,乡村旅游重点镇,unknown,pending,第二批全国乡村旅游重点镇,https://www.mct.gov.cn/tourism/#/list,API目录ID-44/2026-09-04,,,尚未映射到可回跳的知识库景点卡,,,1,CN-POOL-20260904-r0,MCT内容ID=56465；来源文件=content_44.json
CN-P-002188,4ed4a8a2f97ea8e71bd9eea5f1cacc640a82d4504e8dd22236c10f576588eddf,浙江省宁波市宁海县前童镇,,浙江省,,,非A,乡村旅游重点镇,unknown,pending,第二批全国乡村旅游重点镇,https://www.mct.gov.cn/tourism/#/list,API目录ID-44/2026-09-04,,,尚未映射到可回跳的知识库景点卡,,,1,CN-POOL-20260904-r0,MCT内容ID=56466；来源文件=content_44.json
CN-P-002189,80975ace3d69ca019f2325f3a6a7af09c8498ec11b08c0640b036f80e928a71c,浙江省台州市天台县街头镇,,浙江省,,,非A,乡村旅游重点镇,unknown,pending,第二批全国乡村旅游重点镇,https://www.mct.gov.cn/tourism/#/list,API目录ID-44/2026-09-04,,,尚未映射到可回跳的知识库景点卡,,,1,CN-POOL-20260904-r0,MCT内容ID=56467；来源文件=content_44.json
CN-P-002190,eb415495537479c6d2e4ecac4d9e68c6f2ef36cfa37145de940da114806c83cb,安徽省芜湖市南陵县烟墩镇,,安徽省,,,非A,乡村旅游重点镇,unknown,pending,第二批全国乡村旅游重点镇,https://www.mct.gov.cn/tourism/#/list,API目录ID-44/2026-09-04,,,尚未映射到可回跳的知识库景点卡,,,1,CN-POOL-20260904-r0,MCT内容ID=56468；来源文件=content_44.json
CN-P-002191,f5a1f3bbb9b5da3a00afbfb949f87297dec1474fff2f2abc3d564b55d8e517a0,安徽省池州市青阳县朱备镇,,安徽省,,,非A,乡村旅游重点镇,unknown,pending,第二批全国乡村旅游重点镇,https://www.mct.gov.cn/tourism/#/list,API目录ID-44/2026-09-04,,,尚未映射到可回跳的知识库景点卡,,,1,CN-POOL-20260904-r0,MCT内容ID=56469；来源文件=content_44.json
CN-P-002192,228d37f7bb4ac4cab63152f3d1607bc410d8618aa272ab7b93c235e304701101,安徽省安庆市岳西县河图镇,,安徽省,,,非A,乡村旅游重点镇,unknown,pending,第二批全国乡村旅游重点镇,https://www.mct.gov.cn/tourism/#/list,API目录ID-44/2026-09-04,,,尚未映射到可回跳的知识库景点卡,,,1,CN-POOL-20260904-r0,MCT内容ID=56470；来源文件=content_44.json
CN-P-002193,5819452bd33020abd6d58dc52aa44af9bb457b67cd95bbb773bc2a8ad0408cd1,福建省福州市平潭县苏平镇,,福建省,,,非A,乡村旅游重点镇,unknown,pending,第二批全国乡村旅游重点镇,https://www.mct.gov.cn/tourism/#/list,API目录ID-44/2026-09-04,,,尚未映射到可回跳的知识库景点卡,,,1,CN-POOL-20260904-r0,MCT内容ID=56471；来源文件=content_44.json
CN-P-002194,43b44e53a3461fe4d98ca268ee81872954a5b92ce4b1a3fd5178199d88465163,福建省龙岩市永定区湖坑镇,,福建省,,,非A,乡村旅游重点镇,unknown,pending,第二批全国乡村旅游重点镇,https://www.mct.gov.cn/tourism/#/list,API目录ID-44/2026-09-04,,,尚未映射到可回跳的知识库景点卡,,,1,CN-POOL-20260904-r0,MCT内容ID=56472；来源文件=content_44.json
CN-P-002195,667ef7f22b6debc838ba6ff2e63c0870d97a73909cd88e3469a87ad182ed4947,福建省泉州市惠安县崇武镇,,福建省,,,非A,乡村旅游重点镇,unknown,pending,第二批全国乡村旅游重点镇,https://www.mct.gov.cn/tourism/#/list,API目录ID-44/2026-09-04,,,尚未映射到可回跳的知识库景点卡,,,1,CN-POOL-20260904-r0,MCT内容ID=56473；来源文件=content_44.json
CN-P-002196,e5df287cac8e9c37b9d486625d22f1a9d3ca26d363c70553c5b2c8a7a241dc1d,江西省萍乡市湘东区麻山镇,,江西省,,,非A,乡村旅游重点镇,unknown,pending,第二批全国乡村旅游重点镇,https://www.mct.gov.cn/tourism/#/list,API目录ID-44/2026-09-04,,,尚未映射到可回跳的知识库景点卡,,,1,CN-POOL-20260904-r0,MCT内容ID=56474；来源文件=content_44.json
CN-P-002197,f926785869220a24ddaf28a057485b93ee75ab304f7bc6236e32242d59651725,江西省吉安市安福县羊狮慕镇,,江西省,,,非A,乡村旅游重点镇,unknown,pending,第二批全国乡村旅游重点镇,https://www.mct.gov.cn/tourism/#/list,API目录ID-44/2026-09-04,,,尚未映射到可回跳的知识库景点卡,,,1,CN-POOL-20260904-r0,MCT内容ID=56475；来源文件=content_44.json
CN-P-002198,cf146f95edc350141ce569242e919ab5b128531e73f9a7462fbce9d7627057ab,江西省鹰潭市余江区杨溪乡,,江西省,,,非A,乡村旅游重点镇,unknown,pending,第二批全国乡村旅游重点镇,https://www.mct.gov.cn/tourism/#/list,API目录ID-44/2026-09-04,,,尚未映射到可回跳的知识库景点卡,,,1,CN-POOL-20260904-r0,MCT内容ID=56476；来源文件=content_44.json
CN-P-002199,b0f780a07c2fc5de552fe4e2e35c5c0651714a3a92d9b012f2003d88e7afa9ec,山东省济南市长清区万德街道,,山东省,,,非A,乡村旅游重点镇,unknown,pending,第二批全国乡村旅游重点镇,https://www.mct.gov.cn/tourism/#/list,API目录ID-44/2026-09-04,,,尚未映射到可回跳的知识库景点卡,,,1,CN-POOL-20260904-r0,MCT内容ID=56477；来源文件=content_44.json
CN-P-002200,282c6728840230fe599857e35b6b90d707ae886d13912f86ef9eed4d38451d02,山东省潍坊市临朐县五井镇,,山东省,,,非A,乡村旅游重点镇,unknown,pending,第二批全国乡村旅游重点镇,https://www.mct.gov.cn/tourism/#/list,API目录ID-44/2026-09-04,,,尚未映射到可回跳的知识库景点卡,,,1,CN-POOL-20260904-r0,MCT内容ID=56478；来源文件=content_44.json
CN-P-002201,2f49d70a1f19455c6944d3e34ad2ca87105423ae52cc95b322e342eb69ad1041,山东省临沂市沂南县铜井镇,,山东省,,,非A,乡村旅游重点镇,unknown,pending,第二批全国乡村旅游重点镇,https://www.mct.gov.cn/tourism/#/list,API目录ID-44/2026-09-04,,,尚未映射到可回跳的知识库景点卡,,,1,CN-POOL-20260904-r0,MCT内容ID=56479；来源文件=content_44.json
CN-P-002202,de0cb3f5232c66fc413cd63c8f1bff8536e45fab6307a72fd0aff240e2cef54e,河南省洛阳市嵩县车村镇,,河南省,,,非A,乡村旅游重点镇,unknown,pending,第二批全国乡村旅游重点镇,https://www.mct.gov.cn/tourism/#/list,API目录ID-44/2026-09-04,,,尚未映射到可回跳的知识库景点卡,,,1,CN-POOL-20260904-r0,MCT内容ID=56480；来源文件=content_44.json
CN-P-002203,73c11b754edbfb1c3d51838c5be7cced919abba9c02aaafaa7b58728ad59d24b,河南省郑州市二七区侯寨乡,,河南省,,,非A,乡村旅游重点镇,unknown,pending,第二批全国乡村旅游重点镇,https://www.mct.gov.cn/tourism/#/list,API目录ID-44/2026-09-04,,,尚未映射到可回跳的知识库景点卡,,,1,CN-POOL-20260904-r0,MCT内容ID=56481；来源文件=content_44.json
CN-P-002204,21076040a4ad4f44a8b7d12b5ffbe31052236b210fb246f512acb44d511612ca,河南省信阳市浉河区浉河港镇,,河南省,,,非A,乡村旅游重点镇,unknown,pending,第二批全国乡村旅游重点镇,https://www.mct.gov.cn/tourism/#/list,API目录ID-44/2026-09-04,,,尚未映射到可回跳的知识库景点卡,,,1,CN-POOL-20260904-r0,MCT内容ID=56482；来源文件=content_44.json
CN-P-002205,fd1ecd92f75ef230a7645484892cff9e49451d726a4451403b7edfde56153306,湖北省襄阳市谷城县五山镇,,湖北省,,,非A,乡村旅游重点镇,unknown,pending,第二批全国乡村旅游重点镇,https://www.mct.gov.cn/tourism/#/list,API目录ID-44/2026-09-04,,,尚未映射到可回跳的知识库景点卡,,,1,CN-POOL-20260904-r0,MCT内容ID=56483；来源文件=content_44.json
CN-P-002206,00a636d66612ed67f5814d987ac8a90aef56b27b96a3d6e4ad1868bfe47c5dcd,湖北省宜昌市远安县花林寺镇,,湖北省,,,非A,乡村旅游重点镇,unknown,pending,第二批全国乡村旅游重点镇,https://www.mct.gov.cn/tourism/#/list,API目录ID-44/2026-09-04,,,尚未映射到可回跳的知识库景点卡,,,1,CN-POOL-20260904-r0,MCT内容ID=56484；来源文件=content_44.json
CN-P-002207,bd4244725615448d21b57cced9170a76053c6e3b645a947a64e578c2c1fdf02c,湖北省孝感市安陆市烟店镇,,湖北省,,,非A,乡村旅游重点镇,unknown,pending,第二批全国乡村旅游重点镇,https://www.mct.gov.cn/tourism/#/list,API目录ID-44/2026-09-04,,,尚未映射到可回跳的知识库景点卡,,,1,CN-POOL-20260904-r0,MCT内容ID=56485；来源文件=content_44.json
CN-P-002208,b34d173af10a75fb96d6a5fa70cc106f3a654898a0a201033dfaee249a59a443,湖南省衡阳市南岳区南岳镇,,湖南省,,,非A,乡村旅游重点镇,unknown,pending,第二批全国乡村旅游重点镇,https://www.mct.gov.cn/tourism/#/list,API目录ID-44/2026-09-04,,,尚未映射到可回跳的知识库景点卡,,,1,CN-POOL-20260904-r0,MCT内容ID=56486；来源文件=content_44.json
CN-P-002209,a735ec9ef468a029b5894ad4a07f4a911ab33b88bef24f260b30ec36cbf6585e,湖南省张家界市武陵源区协合乡,,湖南省,,,非A,乡村旅游重点镇,unknown,pending,第二批全国乡村旅游重点镇,https://www.mct.gov.cn/tourism/#/list,API目录ID-44/2026-09-04,,,尚未映射到可回跳的知识库景点卡,,,1,CN-POOL-20260904-r0,MCT内容ID=56487；来源文件=content_44.json
CN-P-002210,6a5237dbf2636ddb1021485cb21ba4b92d2a850d3ca7affeef959b5f9ff8bbe6,湖南省永州市宁远县湾井镇,,湖南省,,,非A,乡村旅游重点镇,unknown,pending,第二批全国乡村旅游重点镇,https://www.mct.gov.cn/tourism/#/list,API目录ID-44/2026-09-04,,,尚未映射到可回跳的知识库景点卡,,,1,CN-POOL-20260904-r0,MCT内容ID=56488；来源文件=content_44.json
CN-P-002211,cfc2c5da19021110c9f2168062310cbc7a18ee70d5566f1ceab57d17a53a56d7,广东省惠州市惠阳区秋长街道,,广东省,,,非A,乡村旅游重点镇,unknown,pending,第二批全国乡村旅游重点镇,https://www.mct.gov.cn/tourism/#/list,API目录ID-44/2026-09-04,,,尚未映射到可回跳的知识库景点卡,,,1,CN-POOL-20260904-r0,MCT内容ID=56489；来源文件=content_44.json
CN-P-002212,64460d2b6544261579610c6a59d181101087d03292146b41a2c3f3d5b6907465,广东省潮州市潮安区凤凰镇,,广东省,,,非A,乡村旅游重点镇,unknown,pending,第二批全国乡村旅游重点镇,https://www.mct.gov.cn/tourism/#/list,API目录ID-44/2026-09-04,,,尚未映射到可回跳的知识库景点卡,,,1,CN-POOL-20260904-r0,MCT内容ID=56490；来源文件=content_44.json
CN-P-002213,be6d312f341b45dc142b2636fd9fb5a7003b8858fa254e10f067e2e7c8696926,广东省河源市源城区埔前镇,,广东省,,,非A,乡村旅游重点镇,unknown,pending,第二批全国乡村旅游重点镇,https://www.mct.gov.cn/tourism/#/list,API目录ID-44/2026-09-04,,,尚未映射到可回跳的知识库景点卡,,,1,CN-POOL-20260904-r0,MCT内容ID=56491；来源文件=content_44.json
CN-P-002214,bfceabc87666f78757a36e5cb5fd858dc03cc904884f954691361ff52550f210,广西壮族自治区来宾市金秀瑶族自治县长垌乡,,广西壮族自治区,,,非A,乡村旅游重点镇,unknown,pending,第二批全国乡村旅游重点镇,https://www.mct.gov.cn/tourism/#/list,API目录ID-44/2026-09-04,,,尚未映射到可回跳的知识库景点卡,,,1,CN-POOL-20260904-r0,MCT内容ID=56492；来源文件=content_44.json
CN-P-002215,ae864638ceb543c7a1c037ad187e0d3628b29074a5518f702969c92b6c1e23b4,广西壮族自治区贵港市覃塘区覃塘街道,,广西壮族自治区,,,非A,乡村旅游重点镇,unknown,pending,第二批全国乡村旅游重点镇,https://www.mct.gov.cn/tourism/#/list,API目录ID-44/2026-09-04,,,尚未映射到可回跳的知识库景点卡,,,1,CN-POOL-20260904-r0,MCT内容ID=56493；来源文件=content_44.json
CN-P-002216,f34a33b085c089cf0d915b5d9477ad9fc9c95ac3128385bc5adaa8d162b7e4be,广西壮族自治区贺州市昭平县黄姚镇,,广西壮族自治区,,,非A,乡村旅游重点镇,unknown,pending,第二批全国乡村旅游重点镇,https://www.mct.gov.cn/tourism/#/list,API目录ID-44/2026-09-04,,,尚未映射到可回跳的知识库景点卡,,,1,CN-POOL-20260904-r0,MCT内容ID=56494；来源文件=content_44.json
CN-P-002217,e98c15f25eedcc01904c11f8c12df2fb9dcdc0735f503dff9209cd9ac8f03d2a,海南省昌江黎族自治县王下乡,,海南省,,,非A,乡村旅游重点镇,unknown,pending,第二批全国乡村旅游重点镇,https://www.mct.gov.cn/tourism/#/list,API目录ID-44/2026-09-04,,,尚未映射到可回跳的知识库景点卡,,,1,CN-POOL-20260904-r0,MCT内容ID=56495；来源文件=content_44.json
CN-P-002218,5da76a233b292148d92a02b69af968e13a0a78341a89a740190ba2fd424d3562,海南省五指山市水满乡,,海南省,,,非A,乡村旅游重点镇,unknown,pending,第二批全国乡村旅游重点镇,https://www.mct.gov.cn/tourism/#/list,API目录ID-44/2026-09-04,,,尚未映射到可回跳的知识库景点卡,,,1,CN-POOL-20260904-r0,MCT内容ID=56496；来源文件=content_44.json
CN-P-002219,cc2f204ba98a5d2ff9e3f9d6633c612b0db1111d7535ba64db1e9b138b0d3bd7,重庆市涪陵区大木乡,,重庆市,,,非A,乡村旅游重点镇,unknown,pending,第二批全国乡村旅游重点镇,https://www.mct.gov.cn/tourism/#/list,API目录ID-44/2026-09-04,,,尚未映射到可回跳的知识库景点卡,,,1,CN-POOL-20260904-r0,MCT内容ID=56497；来源文件=content_44.json
CN-P-002220,545d8a34371057686c33f4489501b0994ba50b9e8c7713ff68d1be021d8cd010,重庆市南岸区南山街道,,重庆市,,,非A,乡村旅游重点镇,unknown,pending,第二批全国乡村旅游重点镇,https://www.mct.gov.cn/tourism/#/list,API目录ID-44/2026-09-04,,,尚未映射到可回跳的知识库景点卡,,,1,CN-POOL-20260904-r0,MCT内容ID=56498；来源文件=content_44.json
CN-P-002221,47eeb486c863b512282a9570fe5bbc5967ee01859c316bafb58670934faadbbb,重庆市永川区南大街街道,,重庆市,,,非A,乡村旅游重点镇,unknown,pending,第二批全国乡村旅游重点镇,https://www.mct.gov.cn/tourism/#/list,API目录ID-44/2026-09-04,,,尚未映射到可回跳的知识库景点卡,,,1,CN-POOL-20260904-r0,MCT内容ID=56499；来源文件=content_44.json
CN-P-002222,3feb9e9e937138627a1ebb581625fa7c5881b800f02d3f12c48bd23a087579e4,四川省阿坝藏族羌族自治州小金县四姑娘山镇,,四川省,,,非A,乡村旅游重点镇,unknown,pending,第二批全国乡村旅游重点镇,https://www.mct.gov.cn/tourism/#/list,API目录ID-44/2026-09-04,,,尚未映射到可回跳的知识库景点卡,,,1,CN-POOL-20260904-r0,MCT内容ID=56500；来源文件=content_44.json
CN-P-002223,84f39edd89dccc6e595244f06f966ef863fe8dc19f1aed709d6a9b1ea0a65873,四川省宜宾市翠屏区李庄镇,,四川省,,,非A,乡村旅游重点镇,unknown,pending,第二批全国乡村旅游重点镇,https://www.mct.gov.cn/tourism/#/list,API目录ID-44/2026-09-04,,,尚未映射到可回跳的知识库景点卡,,,1,CN-POOL-20260904-r0,MCT内容ID=56501；来源文件=content_44.json
CN-P-002224,9792968deb2753491b7f2ef7e66a04212a0820b674be1a34e24c4d3e2768c1b8,四川省攀枝花市米易县新山傈僳族乡,,四川省,,,非A,乡村旅游重点镇,unknown,pending,第二批全国乡村旅游重点镇,https://www.mct.gov.cn/tourism/#/list,API目录ID-44/2026-09-04,,,尚未映射到可回跳的知识库景点卡,,,1,CN-POOL-20260904-r0,MCT内容ID=56502；来源文件=content_44.json
CN-P-002225,743f45b582ca47a7fb19d2c0c67347d8b8066475b2f54727f84e7f80939ab970,贵州省贵阳市开阳县禾丰布依族苗族乡,,贵州省,,,非A,乡村旅游重点镇,unknown,pending,第二批全国乡村旅游重点镇,https://www.mct.gov.cn/tourism/#/list,API目录ID-44/2026-09-04,,,尚未映射到可回跳的知识库景点卡,,,1,CN-POOL-20260904-r0,MCT内容ID=56503；来源文件=content_44.json
CN-P-002226,a81e8763796d5e93fe158785ca55beebe7d66091a69c8d44d8b4d9971ee2819e,贵州省遵义市红花岗区新舟镇,,贵州省,,,非A,乡村旅游重点镇,unknown,pending,第二批全国乡村旅游重点镇,https://www.mct.gov.cn/tourism/#/list,API目录ID-44/2026-09-04,,,尚未映射到可回跳的知识库景点卡,,,1,CN-POOL-20260904-r0,MCT内容ID=56504；来源文件=content_44.json
CN-P-002227,f6c7cc9a46bb3559bc2ef355bfb447687ce0a14ba253c4903ad867b103a7ee45,贵州省六盘水市六枝特区落别布依族彝族乡,,贵州省,,,非A,乡村旅游重点镇,unknown,pending,第二批全国乡村旅游重点镇,https://www.mct.gov.cn/tourism/#/list,API目录ID-44/2026-09-04,,,尚未映射到可回跳的知识库景点卡,,,1,CN-POOL-20260904-r0,MCT内容ID=56505；来源文件=content_44.json
CN-P-002228,24c4e0197b3b6420ca55d5383d3303c11a69024a172c2f0f660c36a608d23820,云南省丽江市玉龙纳西族自治县拉市镇,,云南省,,,非A,乡村旅游重点镇,unknown,pending,第二批全国乡村旅游重点镇,https://www.mct.gov.cn/tourism/#/list,API目录ID-44/2026-09-04,,,尚未映射到可回跳的知识库景点卡,,,1,CN-POOL-20260904-r0,MCT内容ID=56506；来源文件=content_44.json
CN-P-002229,f37a3bc6a652f3350485964db9886edd11bca8645758eddbaca6c4e16d98cc21,云南省红河哈尼族彝族自治州元阳县新街镇,,云南省,,,非A,乡村旅游重点镇,unknown,pending,第二批全国乡村旅游重点镇,https://www.mct.gov.cn/tourism/#/list,API目录ID-44/2026-09-04,,,尚未映射到可回跳的知识库景点卡,,,1,CN-POOL-20260904-r0,MCT内容ID=56507；来源文件=content_44.json
CN-P-002230,cbcccc1244784fde54212b0b769ff4174a1c58aecc0e4c202b2670b221bb450c,云南省文山壮族苗族自治州丘北县双龙营镇,,云南省,,,非A,乡村旅游重点镇,unknown,pending,第二批全国乡村旅游重点镇,https://www.mct.gov.cn/tourism/#/list,API目录ID-44/2026-09-04,,,尚未映射到可回跳的知识库景点卡,,,1,CN-POOL-20260904-r0,MCT内容ID=56508；来源文件=content_44.json
CN-P-002231,3ce1a966da826fce6eb73c67b4d6045266e37eb72e1a21ee001eae8ea3e1ed60,西藏自治区日喀则市吉隆县吉隆镇,,西藏自治区,,,非A,乡村旅游重点镇,unknown,pending,第二批全国乡村旅游重点镇,https://www.mct.gov.cn/tourism/#/list,API目录ID-44/2026-09-04,,,尚未映射到可回跳的知识库景点卡,,,1,CN-POOL-20260904-r0,MCT内容ID=56509；来源文件=content_44.json
CN-P-002232,fa2b01f5b4fefbbf8e671c3cc9a6f19a4ca0044c43eead52b943a68f5b82f325,西藏自治区林芝市米林县派镇,,西藏自治区,,,非A,乡村旅游重点镇,unknown,pending,第二批全国乡村旅游重点镇,https://www.mct.gov.cn/tourism/#/list,API目录ID-44/2026-09-04,,,尚未映射到可回跳的知识库景点卡,,,1,CN-POOL-20260904-r0,MCT内容ID=56510；来源文件=content_44.json
CN-P-002233,a72ffab53c5659217809dffd5de8ba0c03bdc9bf67854e218fe4d8cacddd8d7d,西藏自治区昌都市江达县岗托镇,,西藏自治区,,,非A,乡村旅游重点镇,unknown,pending,第二批全国乡村旅游重点镇,https://www.mct.gov.cn/tourism/#/list,API目录ID-44/2026-09-04,,,尚未映射到可回跳的知识库景点卡,,,1,CN-POOL-20260904-r0,MCT内容ID=56511；来源文件=content_44.json
CN-P-002234,b72fbe7dcd23f8a2d2030fe75a983656931baab9303b2b40146d3b80241cd95c,西藏自治区阿里地区普兰县巴嘎乡,,西藏自治区,,,非A,乡村旅游重点镇,unknown,pending,第二批全国乡村旅游重点镇,https://www.mct.gov.cn/tourism/#/list,API目录ID-44/2026-09-04,,,尚未映射到可回跳的知识库景点卡,,,1,CN-POOL-20260904-r0,MCT内容ID=56512；来源文件=content_44.json
CN-P-002235,b6e09c1ee6200df4ea2db2cb9408e784adca05a2fdd3e4885f710b2f9ebe1a57,陕西省汉中市留坝县火烧店镇,,陕西省,,,非A,乡村旅游重点镇,unknown,pending,第二批全国乡村旅游重点镇,https://www.mct.gov.cn/tourism/#/list,API目录ID-44/2026-09-04,,,尚未映射到可回跳的知识库景点卡,,,1,CN-POOL-20260904-r0,MCT内容ID=56513；来源文件=content_44.json
CN-P-002236,b56ec68546026c8e60e69cfd5aaa3dababc1c0f4d20df955a1d5d37f01060f7d,陕西省商洛市柞水县营盘镇,,陕西省,,,非A,乡村旅游重点镇,unknown,pending,第二批全国乡村旅游重点镇,https://www.mct.gov.cn/tourism/#/list,API目录ID-44/2026-09-04,,,尚未映射到可回跳的知识库景点卡,,,1,CN-POOL-20260904-r0,MCT内容ID=56514；来源文件=content_44.json
CN-P-002237,27942aac1aa37bf5dd6d34e30d087460f12c4c929b2eafdc4e5d29c440c9cd17,陕西省延安市宝塔区万花山镇,,陕西省,,,非A,乡村旅游重点镇,unknown,pending,第二批全国乡村旅游重点镇,https://www.mct.gov.cn/tourism/#/list,API目录ID-44/2026-09-04,,,尚未映射到可回跳的知识库景点卡,,,1,CN-POOL-20260904-r0,MCT内容ID=56515；来源文件=content_44.json
CN-P-002238,e4976a9ec16a85463e1299e459d39e590aeaacea9343f105ef620f3c72a5c68e,甘肃省武威市天祝藏族自治县天堂镇,,甘肃省,,,非A,乡村旅游重点镇,unknown,pending,第二批全国乡村旅游重点镇,https://www.mct.gov.cn/tourism/#/list,API目录ID-44/2026-09-04,,,尚未映射到可回跳的知识库景点卡,,,1,CN-POOL-20260904-r0,MCT内容ID=56516；来源文件=content_44.json
CN-P-002239,5509ffc98a00ca3afe8a76d22f260fe26081d319319564373ff1a64c5ef13810,甘肃省临夏回族自治州临夏市折桥镇,,甘肃省,,,非A,乡村旅游重点镇,unknown,pending,第二批全国乡村旅游重点镇,https://www.mct.gov.cn/tourism/#/list,API目录ID-44/2026-09-04,,,尚未映射到可回跳的知识库景点卡,,,1,CN-POOL-20260904-r0,MCT内容ID=56517；来源文件=content_44.json
CN-P-002240,ac46ad2284b86cfb65c1348697c867d6a7fb82599e7cd8e6d27fb44d259b69bc,甘肃省白银市白银区水川镇,,甘肃省,,,非A,乡村旅游重点镇,unknown,pending,第二批全国乡村旅游重点镇,https://www.mct.gov.cn/tourism/#/list,API目录ID-44/2026-09-04,,,尚未映射到可回跳的知识库景点卡,,,1,CN-POOL-20260904-r0,MCT内容ID=56518；来源文件=content_44.json
CN-P-002241,024248947c3da18b947f7af60337081687eb0efc8ae93d124348648079a647b4,青海省西宁市湟中区拦隆口镇,,青海省,,,非A,乡村旅游重点镇,unknown,pending,第二批全国乡村旅游重点镇,https://www.mct.gov.cn/tourism/#/list,API目录ID-44/2026-09-04,,,尚未映射到可回跳的知识库景点卡,,,1,CN-POOL-20260904-r0,MCT内容ID=56519；来源文件=content_44.json
CN-P-002242,e4de677099b9c7361ffac7518bc06dc6d5eb9ab441efe470bee9c1c64bebd7fd,青海省西宁市大通回族土族自治县朔北乡,,青海省,,,非A,乡村旅游重点镇,unknown,pending,第二批全国乡村旅游重点镇,https://www.mct.gov.cn/tourism/#/list,API目录ID-44/2026-09-04,,,尚未映射到可回跳的知识库景点卡,,,1,CN-POOL-20260904-r0,MCT内容ID=56520；来源文件=content_44.json
CN-P-002243,a87bd1c6279a9d2fc2307f7df0a0ce14f898e43cd4a0e4b391894375bab43787,青海省海东市互助土族自治县南门峡镇,,青海省,,,非A,乡村旅游重点镇,unknown,pending,第二批全国乡村旅游重点镇,https://www.mct.gov.cn/tourism/#/list,API目录ID-44/2026-09-04,,,尚未映射到可回跳的知识库景点卡,,,1,CN-POOL-20260904-r0,MCT内容ID=56521；来源文件=content_44.json
CN-P-002244,05f6d3b4b246ad0707d1113a507356622e7e0d7c48f9be05b95cf4472fddda07,青海省海南藏族自治州贵德县河西镇,,青海省,,,非A,乡村旅游重点镇,unknown,pending,第二批全国乡村旅游重点镇,https://www.mct.gov.cn/tourism/#/list,API目录ID-44/2026-09-04,,,尚未映射到可回跳的知识库景点卡,,,1,CN-POOL-20260904-r0,MCT内容ID=56522；来源文件=content_44.json
CN-P-002245,ce3854ef6c391604178317da8498b82104fd3f2eb097d101a35496f1b7abb584,宁夏回族自治区固原市西吉县将台堡镇,,宁夏回族自治区,,,非A,乡村旅游重点镇,unknown,pending,第二批全国乡村旅游重点镇,https://www.mct.gov.cn/tourism/#/list,API目录ID-44/2026-09-04,,,尚未映射到可回跳的知识库景点卡,,,1,CN-POOL-20260904-r0,MCT内容ID=56523；来源文件=content_44.json
CN-P-002246,5b2db80e8aa9df6cd44973d922018726528685f6718bb7911a0de082e99769cc,宁夏回族自治区中卫市沙坡头区迎水桥镇,,宁夏回族自治区,,,非A,乡村旅游重点镇,unknown,pending,第二批全国乡村旅游重点镇,https://www.mct.gov.cn/tourism/#/list,API目录ID-44/2026-09-04,,,尚未映射到可回跳的知识库景点卡,,,1,CN-POOL-20260904-r0,MCT内容ID=56524；来源文件=content_44.json
CN-P-002247,ccf47e5a063503dee01a2d38016eea7febc21102c1bbf2d333d5a908715f589c,宁夏回族自治区吴忠市利通区东塔寺乡,,宁夏回族自治区,,,非A,乡村旅游重点镇,unknown,pending,第二批全国乡村旅游重点镇,https://www.mct.gov.cn/tourism/#/list,API目录ID-44/2026-09-04,,,尚未映射到可回跳的知识库景点卡,,,1,CN-POOL-20260904-r0,MCT内容ID=56525；来源文件=content_44.json
CN-P-002248,f39f638e1df7b4474867d7f5e33208f0e1b132ea18b81cfbfdcccf2c9a88e6da,新疆维吾尔自治区克拉玛依市乌尔禾区乌尔禾镇,,新疆维吾尔自治区,,,非A,乡村旅游重点镇,unknown,pending,第二批全国乡村旅游重点镇,https://www.mct.gov.cn/tourism/#/list,API目录ID-44/2026-09-04,,,尚未映射到可回跳的知识库景点卡,,,1,CN-POOL-20260904-r0,MCT内容ID=56526；来源文件=content_44.json
CN-P-002249,739c3ed476fc17e328a1ccac0e570f7f3524df3e0cfbcf8b9430659ac76d338a,新疆维吾尔自治区昌吉回族自治州阜康市城关镇,,新疆维吾尔自治区,,,非A,乡村旅游重点镇,unknown,pending,第二批全国乡村旅游重点镇,https://www.mct.gov.cn/tourism/#/list,API目录ID-44/2026-09-04,,,尚未映射到可回跳的知识库景点卡,,,1,CN-POOL-20260904-r0,MCT内容ID=56527；来源文件=content_44.json
CN-P-002250,e758cc714ff0d2fdbc70729707c53516910aab2abed8aaa4fe2368c51a3f6f5e,新疆维吾尔自治区乌鲁木齐市乌鲁木齐县水西沟镇,,新疆维吾尔自治区,,,非A,乡村旅游重点镇,unknown,pending,第二批全国乡村旅游重点镇,https://www.mct.gov.cn/tourism/#/list,API目录ID-44/2026-09-04,,,尚未映射到可回跳的知识库景点卡,,,1,CN-POOL-20260904-r0,MCT内容ID=56528；来源文件=content_44.json
CN-P-002251,58c5dbf9dbd80a5c474093ef6ee1d3b783adf05d8fb690a2c2b121766714f701,新疆维吾尔自治区克孜勒苏柯尔克孜自治州阿克陶县塔尔塔吉克民族乡,,新疆维吾尔自治区,,,非A,乡村旅游重点镇,unknown,pending,第二批全国乡村旅游重点镇,https://www.mct.gov.cn/tourism/#/list,API目录ID-44/2026-09-04,,,尚未映射到可回跳的知识库景点卡,,,1,CN-POOL-20260904-r0,MCT内容ID=56529；来源文件=content_44.json
CN-P-002252,8a6bff9ce58c4a46d5847349c52dbfefd169f98fefe8ddd3bba82ceafe48aaf2,新疆生产建设兵团第一师11团花桥镇,,新疆生产建设兵团,,,非A,乡村旅游重点镇,unknown,pending,第二批全国乡村旅游重点镇,https://www.mct.gov.cn/tourism/#/list,API目录ID-44/2026-09-04,,,尚未映射到可回跳的知识库景点卡,,,1,CN-POOL-20260904-r0,MCT内容ID=56530；来源文件=content_44.json
CN-P-002253,70f8bd2a775538d90e381c5d75e4fdfd04bb4a5c0d8613b4836cf9d2559d7a32,新疆生产建设兵团第十二师104团,,新疆生产建设兵团,,,非A,乡村旅游重点镇,unknown,pending,第二批全国乡村旅游重点镇,https://www.mct.gov.cn/tourism/#/list,API目录ID-44/2026-09-04,,,尚未映射到可回跳的知识库景点卡,,,1,CN-POOL-20260904-r0,MCT内容ID=56531；来源文件=content_44.json
CN-P-002254,c58a14ad41f4873cdd674f5d22de6e17983c135d138eccfa78bf28186c77884a,新疆生产建设兵团第四师78团,,新疆生产建设兵团,,,非A,乡村旅游重点镇,unknown,pending,第二批全国乡村旅游重点镇,https://www.mct.gov.cn/tourism/#/list,API目录ID-44/2026-09-04,,,尚未映射到可回跳的知识库景点卡,,,1,CN-POOL-20260904-r0,MCT内容ID=56532；来源文件=content_44.json
CN-P-002255,7d3d788b66f9a3b31ac1ed36e77af1dffc02166b0d1f4769325d97897da1a272,新疆生产建设兵团第九师161团,,新疆生产建设兵团,,,非A,乡村旅游重点镇,unknown,pending,第二批全国乡村旅游重点镇,https://www.mct.gov.cn/tourism/#/list,API目录ID-44/2026-09-04,,,尚未映射到可回跳的知识库景点卡,,,1,CN-POOL-20260904-r0,MCT内容ID=56533；来源文件=content_44.json
CN-P-002256,9a6cde0e001852895b263f8032b9d66ee1ccdf1c40bc98230b1401fda58aa631,崇礼冰雪旅游度假区,,河北省,,,非A,旅游度假区,unknown,pending,国家级旅游度假区,https://www.mct.gov.cn/tourism/#/list,API目录ID-56/2026-09-04,,,尚未映射到可回跳的知识库景点卡,,,1,CN-POOL-20260904-r0,MCT内容ID=57214；来源文件=content_56.json
CN-P-002257,0f9eb089a0ec274cf881e44270065b2687acd8950735b1faa4735b73cf7fd9a2,宝鸡市太白山温泉旅游度假区,,陕西省,,,非A,旅游度假区,unknown,pending,国家级旅游度假区,https://www.mct.gov.cn/tourism/#/list,API目录ID-56/2026-09-04,,,尚未映射到可回跳的知识库景点卡,,,1,CN-POOL-20260904-r0,MCT内容ID=57215；来源文件=content_56.json
CN-P-002258,021af0699791917e604c49bf0913329d622bc92ef1737252a7d65c07bc20b923,长白山旅游度假区,,吉林省,,,非A,旅游度假区,unknown,pending,国家级旅游度假区,https://www.mct.gov.cn/tourism/#/list,API目录ID-56/2026-09-04,,,尚未映射到可回跳的知识库景点卡,,,1,CN-POOL-20260904-r0,MCT内容ID=57216；来源文件=content_56.json
CN-P-002259,0c681695e9deecb59e4ce5aa3dad130f84f92914d56474c6ae86c9acf9f33875,亚布力滑雪旅游度假区,,黑龙江省,,,非A,旅游度假区,unknown,pending,国家级旅游度假区,https://www.mct.gov.cn/tourism/#/list,API目录ID-56/2026-09-04,,,尚未映射到可回跳的知识库景点卡,,,1,CN-POOL-20260904-r0,MCT内容ID=57217；来源文件=content_56.json
CN-P-002260,f2876f4304aa472430dd29764ec83e082a74172bebdf330f0225b15e5510d848,上海佘山国家旅游度假区,,上海市,,,非A,旅游度假区,unknown,pending,国家级旅游度假区,https://www.mct.gov.cn/tourism/#/list,API目录ID-56/2026-09-04,,,尚未映射到可回跳的知识库景点卡,,,1,CN-POOL-20260904-r0,MCT内容ID=57218；来源文件=content_56.json
CN-P-002261,9ae7d570af6f2761aaaeea25ee9f10d977f439411d8a1c4f3e5cbe73b37622fe,汤山温泉旅游度假区,,江苏省,,,非A,旅游度假区,unknown,pending,国家级旅游度假区,https://www.mct.gov.cn/tourism/#/list,API目录ID-56/2026-09-04,,,尚未映射到可回跳的知识库景点卡,,,1,CN-POOL-20260904-r0,MCT内容ID=57219；来源文件=content_56.json
CN-P-002262,0cd1e8351a4ce97934fc7e8bb2ec0ed36f73890dba0b887291be021e5b43f4c7,无锡市宜兴阳羡国家旅游度假区,,江苏省,,,非A,旅游度假区,unknown,pending,国家级旅游度假区,https://www.mct.gov.cn/tourism/#/list,API目录ID-56/2026-09-04,,,尚未映射到可回跳的知识库景点卡,,,1,CN-POOL-20260904-r0,MCT内容ID=57220；来源文件=content_56.json
CN-P-002263,1546cbe26d0fcad5bce9751ce3d13303a1477037a4ff7cf661b22c416a30fd4f,天目湖旅游度假区,,江苏省,,,非A,旅游度假区,unknown,pending,国家级旅游度假区,https://www.mct.gov.cn/tourism/#/list,API目录ID-56/2026-09-04,,,尚未映射到可回跳的知识库景点卡,,,1,CN-POOL-20260904-r0,MCT内容ID=57221；来源文件=content_56.json
CN-P-002264,0cd7fb0fb0dca7000fc28992ceb90d9a4c938430937c4b32a19662c8c24c39ed,阳澄湖半岛旅游度假区,,江苏省,,,非A,旅游度假区,unknown,pending,国家级旅游度假区,https://www.mct.gov.cn/tourism/#/list,API目录ID-56/2026-09-04,,,尚未映射到可回跳的知识库景点卡,,,1,CN-POOL-20260904-r0,MCT内容ID=57222；来源文件=content_56.json
CN-P-002265,c6577213dad7045367df8f145657465e5739c1665e50c432b0013e32b6fbe603,常州太湖湾旅游度假区,,江苏省,,,非A,旅游度假区,unknown,pending,国家级旅游度假区,https://www.mct.gov.cn/tourism/#/list,API目录ID-56/2026-09-04,,,尚未映射到可回跳的知识库景点卡,,,1,CN-POOL-20260904-r0,MCT内容ID=57223；来源文件=content_56.json
CN-P-002266,fe8d3cb8858fbebfd1321feae207582faaaa7626f0e708fbf6d5d2e2cd1e639f,东钱湖旅游度假区,,浙江省,,,非A,旅游度假区,unknown,pending,国家级旅游度假区,https://www.mct.gov.cn/tourism/#/list,API目录ID-56/2026-09-04,,,尚未映射到可回跳的知识库景点卡,,,1,CN-POOL-20260904-r0,MCT内容ID=57224；来源文件=content_56.json
CN-P-002267,eb9b6cc13263b4d4eacd18099364c9b0bf7de2d1cb26a494c7f863f4cc961a9c,太湖旅游度假区,,浙江省,,,非A,旅游度假区,unknown,pending,国家级旅游度假区,https://www.mct.gov.cn/tourism/#/list,API目录ID-56/2026-09-04,,,尚未映射到可回跳的知识库景点卡,,,1,CN-POOL-20260904-r0,MCT内容ID=57225；来源文件=content_56.json
CN-P-002268,08f3353fb8e7eee2d74a8a75563972156bdb2817a1ce3a1c8adb894660994b35,浙江湘湖旅游度假区,,浙江省,,,非A,旅游度假区,unknown,pending,国家级旅游度假区,https://www.mct.gov.cn/tourism/#/list,API目录ID-56/2026-09-04,,,尚未映射到可回跳的知识库景点卡,,,1,CN-POOL-20260904-r0,MCT内容ID=57226；来源文件=content_56.json
CN-P-002269,05714231b8309b5a9c9c6cbd8e8a512127fa4ef6d201d60fd225fd31e5897095,湖州市安吉灵峰旅游度假区,,浙江省,,,非A,旅游度假区,unknown,pending,国家级旅游度假区,https://www.mct.gov.cn/tourism/#/list,API目录ID-56/2026-09-04,,,尚未映射到可回跳的知识库景点卡,,,1,CN-POOL-20260904-r0,MCT内容ID=57227；来源文件=content_56.json
CN-P-002270,888ac3fb8c5d2c84250aa4802d8fc582e5d576193f95fbb40eca4437d16f08bd,德清莫干山国际旅游度假区,,浙江省,,,非A,旅游度假区,unknown,pending,国家级旅游度假区,https://www.mct.gov.cn/tourism/#/list,API目录ID-56/2026-09-04,,,尚未映射到可回跳的知识库景点卡,,,1,CN-POOL-20260904-r0,MCT内容ID=57228；来源文件=content_56.json
CN-P-002271,8314f638c209009d67f39801706cd6238b04aba91e88cfddcd180291b5e91404,淳安千岛湖旅游度假区,,浙江省,,,非A,旅游度假区,unknown,pending,国家级旅游度假区,https://www.mct.gov.cn/tourism/#/list,API目录ID-56/2026-09-04,,,尚未映射到可回跳的知识库景点卡,,,1,CN-POOL-20260904-r0,MCT内容ID=57229；来源文件=content_56.json
CN-P-002272,a9caa6e59c94561e1e158d614df32f13f581af679a3d4d8c94d49ae027987095,上饶市三清山金沙旅游度假区,,江西省,,,非A,旅游度假区,unknown,pending,国家级旅游度假区,https://www.mct.gov.cn/tourism/#/list,API目录ID-56/2026-09-04,,,尚未映射到可回跳的知识库景点卡,,,1,CN-POOL-20260904-r0,MCT内容ID=57230；来源文件=content_56.json
CN-P-002273,cf7ff4fc61a8d911ff35bb26395a1662f28ecc8b8cffe63f958fedd1eab3e6d6,合肥市巢湖半汤温泉养生度假区,,安徽省,,,非A,旅游度假区,unknown,pending,国家级旅游度假区,https://www.mct.gov.cn/tourism/#/list,API目录ID-56/2026-09-04,,,尚未映射到可回跳的知识库景点卡,,,1,CN-POOL-20260904-r0,MCT内容ID=57231；来源文件=content_56.json
CN-P-002274,ea32d65479caba9e052ca0a3cb02c51c38c2410e7212ed6b03b0c9ae5b96bc46,福州市鼓岭旅游度假区,,福建省,,,非A,旅游度假区,unknown,pending,国家级旅游度假区,https://www.mct.gov.cn/tourism/#/list,API目录ID-56/2026-09-04,,,尚未映射到可回跳的知识库景点卡,,,1,CN-POOL-20260904-r0,MCT内容ID=57232；来源文件=content_56.json
CN-P-002275,3cd28ca5d06fb060b3a33a650855e7a5d5d14f3cb49e5061ed93bc458acf8133,宜春市明月山温汤旅游度假区,,江西省,,,非A,旅游度假区,unknown,pending,国家级旅游度假区,https://www.mct.gov.cn/tourism/#/list,API目录ID-56/2026-09-04,,,尚未映射到可回跳的知识库景点卡,,,1,CN-POOL-20260904-r0,MCT内容ID=57233；来源文件=content_56.json
CN-P-002276,31a5eeb87989b50c60c4d8e6f96c65cdb353b930d12ac1ba31749dc84c672a60,凤凰岛旅游度假区,,山东省,,,非A,旅游度假区,unknown,pending,国家级旅游度假区,https://www.mct.gov.cn/tourism/#/list,API目录ID-56/2026-09-04,,,尚未映射到可回跳的知识库景点卡,,,1,CN-POOL-20260904-r0,MCT内容ID=57234；来源文件=content_56.json
CN-P-002277,a76ca69a213b51a7e81408ba7a0f011d355a15f0533a0a35ee7359ce720dd9d6,烟台市蓬莱旅游度假区,,山东省,,,非A,旅游度假区,unknown,pending,国家级旅游度假区,https://www.mct.gov.cn/tourism/#/list,API目录ID-56/2026-09-04,,,尚未映射到可回跳的知识库景点卡,,,1,CN-POOL-20260904-r0,MCT内容ID=57235；来源文件=content_56.json
CN-P-002278,e8dc7de765e34f1474a19e7057c56361620148e031d73924b4617a070730e579,海阳旅游度假区,,山东省,,,非A,旅游度假区,unknown,pending,国家级旅游度假区,https://www.mct.gov.cn/tourism/#/list,API目录ID-56/2026-09-04,,,尚未映射到可回跳的知识库景点卡,,,1,CN-POOL-20260904-r0,MCT内容ID=57236；来源文件=content_56.json
CN-P-002279,c735571ff5ba39270a43b0b5bb66645d944e3c73eba9ce52ee9b5cec618614eb,日照山海天旅游度假区,,山东省,,,非A,旅游度假区,unknown,pending,国家级旅游度假区,https://www.mct.gov.cn/tourism/#/list,API目录ID-56/2026-09-04,,,尚未映射到可回跳的知识库景点卡,,,1,CN-POOL-20260904-r0,MCT内容ID=57237；来源文件=content_56.json
CN-P-002280,e59f52f636beabb829ca546c61624d323b9c877d785cc36c879f5fb3d3988948,尧山温泉旅游度假区,,河南省,,,非A,旅游度假区,unknown,pending,国家级旅游度假区,https://www.mct.gov.cn/tourism/#/list,API目录ID-56/2026-09-04,,,尚未映射到可回跳的知识库景点卡,,,1,CN-POOL-20260904-r0,MCT内容ID=57238；来源文件=content_56.json
CN-P-002281,9fe0f2ac1d34925bf8deff49a4e76f4cffa4aab5172a3c80dfbc40476128b38f,武当山太极湖旅游度假区,,湖北省,,,非A,旅游度假区,unknown,pending,国家级旅游度假区,https://www.mct.gov.cn/tourism/#/list,API目录ID-56/2026-09-04,,,尚未映射到可回跳的知识库景点卡,,,1,CN-POOL-20260904-r0,MCT内容ID=57239；来源文件=content_56.json
CN-P-002282,02bef64e2abfffe5392d6b8e4a2af47263cfa844e29b0c30cc4f21b5f60d8e17,灰汤温泉旅游度假区,,湖南省,,,非A,旅游度假区,unknown,pending,国家级旅游度假区,https://www.mct.gov.cn/tourism/#/list,API目录ID-56/2026-09-04,,,尚未映射到可回跳的知识库景点卡,,,1,CN-POOL-20260904-r0,MCT内容ID=57240；来源文件=content_56.json
CN-P-002283,68fe5d7d00175e2dfb5339df9c7ea21df685680cd23a55131b0c55de88ee11ae,常德柳叶湖旅游度假区,,湖南省,,,非A,旅游度假区,unknown,pending,国家级旅游度假区,https://www.mct.gov.cn/tourism/#/list,API目录ID-56/2026-09-04,,,尚未映射到可回跳的知识库景点卡,,,1,CN-POOL-20260904-r0,MCT内容ID=57241；来源文件=content_56.json
CN-P-002284,9a50ea2ec84d591559d1dd01a7025828131c20bebf27d8e54214f7f8f8659da9,东部华侨城旅游度假区,,广东省,,,非A,旅游度假区,unknown,pending,国家级旅游度假区,https://www.mct.gov.cn/tourism/#/list,API目录ID-56/2026-09-04,,,尚未映射到可回跳的知识库景点卡,,,1,CN-POOL-20260904-r0,MCT内容ID=57242；来源文件=content_56.json
CN-P-002285,03a9d928ee7af222695c9801832de48fa73ade95ed11684a53e8fc9b6a21800b,河源巴伐利亚庄园,,广东省,,,非A,旅游度假区,unknown,pending,国家级旅游度假区,https://www.mct.gov.cn/tourism/#/list,API目录ID-56/2026-09-04,,,尚未映射到可回跳的知识库景点卡,,,1,CN-POOL-20260904-r0,MCT内容ID=57243；来源文件=content_56.json
CN-P-002286,266366ad6ba2889bbe06e0141c8c3ed2df8caf46483dee15d0bed4cee12b4a74,桂林阳朔遇龙河旅游度假区,,广西壮族自治区,,,非A,旅游度假区,unknown,pending,国家级旅游度假区,https://www.mct.gov.cn/tourism/#/list,API目录ID-56/2026-09-04,,,尚未映射到可回跳的知识库景点卡,,,1,CN-POOL-20260904-r0,MCT内容ID=57244；来源文件=content_56.json
CN-P-002287,dc27462c8baaf621a6d62030cd965c3397700b028e123cd34465153bf502094b,三亚市亚龙湾旅游度假区,,海南省,,,非A,旅游度假区,unknown,pending,国家级旅游度假区,https://www.mct.gov.cn/tourism/#/list,API目录ID-56/2026-09-04,,,尚未映射到可回跳的知识库景点卡,,,1,CN-POOL-20260904-r0,MCT内容ID=57245；来源文件=content_56.json
CN-P-002288,86c2e5086403c38fe28b2642fa1949c6c9e14defb8a1b4fdf61cb73ef77f2fb4,仙女山旅游度假区,,重庆市,,,非A,旅游度假区,unknown,pending,国家级旅游度假区,https://www.mct.gov.cn/tourism/#/list,API目录ID-56/2026-09-04,,,尚未映射到可回跳的知识库景点卡,,,1,CN-POOL-20260904-r0,MCT内容ID=57246；来源文件=content_56.json
CN-P-002289,88fd7efabd412af244cc8b14e7a215a88a3bb361b2f40e154ce1a4023492ad8f,重庆丰都南天湖旅游度假区,,重庆市,,,非A,旅游度假区,unknown,pending,国家级旅游度假区,https://www.mct.gov.cn/tourism/#/list,API目录ID-56/2026-09-04,,,尚未映射到可回跳的知识库景点卡,,,1,CN-POOL-20260904-r0,MCT内容ID=57247；来源文件=content_56.json
CN-P-002290,d34ba04e922a3d70901387dd9716b7048be93e33cad792ddeaad5e33d273cb5f,邛海旅游度假区,,四川省,,,非A,旅游度假区,unknown,pending,国家级旅游度假区,https://www.mct.gov.cn/tourism/#/list,API目录ID-56/2026-09-04,,,尚未映射到可回跳的知识库景点卡,,,1,CN-POOL-20260904-r0,MCT内容ID=57248；来源文件=content_56.json
CN-P-002291,2db1ff971dbfc652fccbbf974cb75c540cd514e6af42cc7939076f6c7edf1c9e,成都天府青城康养休闲旅游度假区,,四川省,,,非A,旅游度假区,unknown,pending,国家级旅游度假区,https://www.mct.gov.cn/tourism/#/list,API目录ID-56/2026-09-04,,,尚未映射到可回跳的知识库景点卡,,,1,CN-POOL-20260904-r0,MCT内容ID=57249；来源文件=content_56.json
CN-P-002292,f616fa9717e27c1145630bb34071f7f316a746cd159c9e81c6b6c15735364bd0,峨眉山市峨秀湖旅游度假区,,四川省,,,非A,旅游度假区,unknown,pending,国家级旅游度假区,https://www.mct.gov.cn/tourism/#/list,API目录ID-56/2026-09-04,,,尚未映射到可回跳的知识库景点卡,,,1,CN-POOL-20260904-r0,MCT内容ID=57250；来源文件=content_56.json
CN-P-002293,aaf74b94d8b1060ab5db0d14bfac3ecde1b254db5ea11d75b18dd19469f2eada,赤水市赤水河谷旅游度假区,,贵州省,,,非A,旅游度假区,unknown,pending,国家级旅游度假区,https://www.mct.gov.cn/tourism/#/list,API目录ID-56/2026-09-04,,,尚未映射到可回跳的知识库景点卡,,,1,CN-POOL-20260904-r0,MCT内容ID=57251；来源文件=content_56.json
CN-P-002294,8c7bea85e5451052e3b413baafb3770842438284e672b76732b9938a73c700df,六盘水市野玉海山地旅游度假区,,贵州省,,,非A,旅游度假区,unknown,pending,国家级旅游度假区,https://www.mct.gov.cn/tourism/#/list,API目录ID-56/2026-09-04,,,尚未映射到可回跳的知识库景点卡,,,1,CN-POOL-20260904-r0,MCT内容ID=57252；来源文件=content_56.json
CN-P-002295,6032452dd96af4fb71ee5bbbed21753d8808bcb26368f037cb4eb4f94e777662,阳宗海旅游度假区,,云南省,,,非A,旅游度假区,unknown,pending,国家级旅游度假区,https://www.mct.gov.cn/tourism/#/list,API目录ID-56/2026-09-04,,,尚未映射到可回跳的知识库景点卡,,,1,CN-POOL-20260904-r0,MCT内容ID=57253；来源文件=content_56.json
CN-P-002296,e70010c5e68486510f40ff762d4cc74516675d39773ce6e5bd231ca5285cb9e0,西双版纳旅游度假区,,云南省,,,非A,旅游度假区,unknown,pending,国家级旅游度假区,https://www.mct.gov.cn/tourism/#/list,API目录ID-56/2026-09-04,,,尚未映射到可回跳的知识库景点卡,,,1,CN-POOL-20260904-r0,MCT内容ID=57254；来源文件=content_56.json
CN-P-002297,d4067f1a89cf9687fc79c61b172ec110a883b46fc9995e3618b8e08528071053,玉溪抚仙湖旅游度假区,,云南省,,,非A,旅游度假区,unknown,pending,国家级旅游度假区,https://www.mct.gov.cn/tourism/#/list,API目录ID-56/2026-09-04,,,尚未映射到可回跳的知识库景点卡,,,1,CN-POOL-20260904-r0,MCT内容ID=57255；来源文件=content_56.json
CN-P-002298,857ed8fa5db822238a78df0ab5928c66c265dcc7bd5281b2a6df4a8876fda5db,大理古城旅游度假区,,云南省,,,非A,旅游度假区,unknown,pending,国家级旅游度假区,https://www.mct.gov.cn/tourism/#/list,API目录ID-56/2026-09-04,,,尚未映射到可回跳的知识库景点卡,,,1,CN-POOL-20260904-r0,MCT内容ID=57256；来源文件=content_56.json
CN-P-002299,94c325adec93c31d6f383ae02f9fa580d8d522dc40eccf8a01081421e6063f07,林芝市鲁朗小镇旅游度假区,,西藏自治区,,,非A,旅游度假区,unknown,pending,国家级旅游度假区,https://www.mct.gov.cn/tourism/#/list,API目录ID-56/2026-09-04,,,尚未映射到可回跳的知识库景点卡,,,1,CN-POOL-20260904-r0,MCT内容ID=57257；来源文件=content_56.json
CN-P-002300,ff09bf690f6990f3c10f98cc2d1e0b7e66383898e07a746e43bcef8529c06551,那拉提旅游度假区,,新疆维吾尔自治区,,,非A,旅游度假区,unknown,pending,国家级旅游度假区,https://www.mct.gov.cn/tourism/#/list,API目录ID-56/2026-09-04,,,尚未映射到可回跳的知识库景点卡,,,1,CN-POOL-20260904-r0,MCT内容ID=57258；来源文件=content_56.json
CN-P-002301,0e871063f4aa5ba8a47b95bc57a2ce7eb10d2ca771b1a9fd6e45c56fd80a0541,河北省秦皇岛市北戴河度假区,,河北省,,,非A,旅游度假区,unknown,pending,国家级旅游度假区,https://www.mct.gov.cn/tourism/#/list,API目录ID-56/2026-09-04,,,尚未映射到可回跳的知识库景点卡,,,1,CN-POOL-20260904-r0,MCT内容ID=57259；来源文件=content_56.json
CN-P-002302,3a54fb8320349755621076adc4241cfed851a56df4b92dac0c98fffbed78c02c,上海市上海国际旅游度假区,,上海市,,,非A,旅游度假区,unknown,pending,国家级旅游度假区,https://www.mct.gov.cn/tourism/#/list,API目录ID-56/2026-09-04,,,尚未映射到可回跳的知识库景点卡,,,1,CN-POOL-20260904-r0,MCT内容ID=57260；来源文件=content_56.json
CN-P-002303,934b02044c8f35b7403ecf38baff6069ffa7a39aa922d88ab21ff3970f800e84,江苏省常熟虞山文化旅游度假区,,江苏省,,,非A,旅游度假区,unknown,pending,国家级旅游度假区,https://www.mct.gov.cn/tourism/#/list,API目录ID-56/2026-09-04,,,尚未映射到可回跳的知识库景点卡,,,1,CN-POOL-20260904-r0,MCT内容ID=57261；来源文件=content_56.json
CN-P-002304,059ff13e7f9ae42f3e40dcc25735d354a0f11a8b0ca1f212891e7bee8178cd10,浙江省泰顺廊桥-氡泉旅游度假区,,浙江省,,,非A,旅游度假区,unknown,pending,国家级旅游度假区,https://www.mct.gov.cn/tourism/#/list,API目录ID-56/2026-09-04,,,尚未映射到可回跳的知识库景点卡,,,1,CN-POOL-20260904-r0,MCT内容ID=57262；来源文件=content_56.json
CN-P-002305,d8dec15db8917288612a5a4711f12cebd219e8a7b3c8f788fca90a8f567e5e21,浙江省鉴湖旅游度假区,,浙江省,,,非A,旅游度假区,unknown,pending,国家级旅游度假区,https://www.mct.gov.cn/tourism/#/list,API目录ID-56/2026-09-04,,,尚未映射到可回跳的知识库景点卡,,,1,CN-POOL-20260904-r0,MCT内容ID=57263；来源文件=content_56.json
CN-P-002306,57246cc63e63fcbd9c3d0cf9b05e94e964ad380cbdbe7ae70119afa810dacda9,江西省新余市仙女湖七夕文化旅游度假区,,江西省,,,非A,旅游度假区,unknown,pending,国家级旅游度假区,https://www.mct.gov.cn/tourism/#/list,API目录ID-56/2026-09-04,,,尚未映射到可回跳的知识库景点卡,,,1,CN-POOL-20260904-r0,MCT内容ID=57264；来源文件=content_56.json
CN-P-002307,311fc3c644c47da645b8c3b2e63ee46e9692f7a81204877f6a6f0a8a5c708897,江西省赣州市大余县丫山旅游度假区,,江西省,,,非A,旅游度假区,unknown,pending,国家级旅游度假区,https://www.mct.gov.cn/tourism/#/list,API目录ID-56/2026-09-04,,,尚未映射到可回跳的知识库景点卡,,,1,CN-POOL-20260904-r0,MCT内容ID=57265；来源文件=content_56.json
CN-P-002308,a41bad0a1454c6cae7dd866bebfe2c39ee92a4fe27db7efbd56ed28da44a9976,山东省烟台金沙滩旅游度假区,,山东省,,,非A,旅游度假区,unknown,pending,国家级旅游度假区,https://www.mct.gov.cn/tourism/#/list,API目录ID-56/2026-09-04,,,尚未映射到可回跳的知识库景点卡,,,1,CN-POOL-20260904-r0,MCT内容ID=57266；来源文件=content_56.json
CN-P-002309,db4b8ef3f6baee53a664a61e91d5c0adbe6e1e29ba39a3e42317487db66dd631,山东省荣成好运角旅游度假区,,山东省,,,非A,旅游度假区,unknown,pending,国家级旅游度假区,https://www.mct.gov.cn/tourism/#/list,API目录ID-56/2026-09-04,,,尚未映射到可回跳的知识库景点卡,,,1,CN-POOL-20260904-r0,MCT内容ID=57267；来源文件=content_56.json
CN-P-002310,7fbb68688ffa4b6056e5503500f8532854cc54605e8703ff96b0ee2d4eaa4bc4,河南省三门峡市天鹅湖旅游度假区,,河南省,,,非A,旅游度假区,unknown,pending,国家级旅游度假区,https://www.mct.gov.cn/tourism/#/list,API目录ID-56/2026-09-04,,,尚未映射到可回跳的知识库景点卡,,,1,CN-POOL-20260904-r0,MCT内容ID=57268；来源文件=content_56.json
CN-P-002311,50da9c181701ba2f0158b285295e646fa0dbad96d45c011a141e8d298c3536a8,湖北省神农架木鱼旅游度假区,,湖北省,,,非A,旅游度假区,unknown,pending,国家级旅游度假区,https://www.mct.gov.cn/tourism/#/list,API目录ID-56/2026-09-04,,,尚未映射到可回跳的知识库景点卡,,,1,CN-POOL-20260904-r0,MCT内容ID=57269；来源文件=content_56.json
CN-P-002312,d8e94061fdfcb22cb17a270b26fd721d7ffae6ed1ec09929fdad9b91431b6a4d,湖南省岳阳洞庭湖旅游度假区,,湖南省,,,非A,旅游度假区,unknown,pending,国家级旅游度假区,https://www.mct.gov.cn/tourism/#/list,API目录ID-56/2026-09-04,,,尚未映射到可回跳的知识库景点卡,,,1,CN-POOL-20260904-r0,MCT内容ID=57270；来源文件=content_56.json
CN-P-002313,1a0403c8cd42fa7f1c390554b05008037f6b24c6424d998c319f9fb4d3dcbb2e,广西壮族自治区大新明仕旅游度假区,,广西壮族自治区,,,非A,旅游度假区,unknown,pending,国家级旅游度假区,https://www.mct.gov.cn/tourism/#/list,API目录ID-56/2026-09-04,,,尚未映射到可回跳的知识库景点卡,,,1,CN-POOL-20260904-r0,MCT内容ID=57271；来源文件=content_56.json
CN-P-002314,f12a43962b64ee33920ed659e5abdf9f2c03cd69b1c98ba3752015c058ae6806,四川省宜宾蜀南竹海旅游度假区,,四川省,,,非A,旅游度假区,unknown,pending,国家级旅游度假区,https://www.mct.gov.cn/tourism/#/list,API目录ID-56/2026-09-04,,,尚未映射到可回跳的知识库景点卡,,,1,CN-POOL-20260904-r0,MCT内容ID=57272；来源文件=content_56.json
CN-P-002315,6920c8b652e287d01fd9aadfbe20e6314c861bccf38595891d40f5d8058ec509,陕西省商洛市牛背梁旅游度假区,,陕西省,,,非A,旅游度假区,unknown,pending,国家级旅游度假区,https://www.mct.gov.cn/tourism/#/list,API目录ID-56/2026-09-04,,,尚未映射到可回跳的知识库景点卡,,,1,CN-POOL-20260904-r0,MCT内容ID=57273；来源文件=content_56.json
CN-P-002316,d5576edb9bf22d2336c5bd277adc2a4a84bfa1825321b1138d4272d5f22fa88a,宿迁骆马湖旅游度假区,,江苏省,,,非A,旅游度假区,unknown,pending,国家级旅游度假区,https://www.mct.gov.cn/tourism/#/list,API目录ID-56/2026-09-04,,,尚未映射到可回跳的知识库景点卡,,,1,CN-POOL-20260904-r0,MCT内容ID=72668；来源文件=content_56.json
CN-P-002317,f3ecb848b47fa37e85228ce2ca1f2c43401da0826fcd1e8e5b5e637ea6c7627f,北海银滩国家旅游度假区,,广西壮族自治区,,,非A,旅游度假区,unknown,pending,国家级旅游度假区,https://www.mct.gov.cn/tourism/#/list,API目录ID-56/2026-09-04,,,尚未映射到可回跳的知识库景点卡,,,1,CN-POOL-20260904-r0,MCT内容ID=72669；来源文件=content_56.json
CN-P-002318,f0eec9bd0b11c7afc39ccaa1d2cba08196824e6bd3e523316f1e6c9182992362,琼海博鳌东屿岛旅游度假区,,海南省,,,非A,旅游度假区,unknown,pending,国家级旅游度假区,https://www.mct.gov.cn/tourism/#/list,API目录ID-56/2026-09-04,,,尚未映射到可回跳的知识库景点卡,,,1,CN-POOL-20260904-r0,MCT内容ID=72670；来源文件=content_56.json
CN-P-002319,26fb626d5852bde05c52890ed21951b71dbd75c6977cff30c4582f39a41f339b,密云古北水镇国际休闲旅游度假区,,北京市,,,非A,旅游度假区,unknown,pending,国家级旅游度假区,https://www.mct.gov.cn/tourism/#/list,API目录ID-56/2026-09-04,,,尚未映射到可回跳的知识库景点卡,,,1,CN-POOL-20260904-r0,MCT内容ID=73394；来源文件=content_56.json
CN-P-002320,ae00edef74403324bf94f6d17fcb915b43e17af0e01d90103f83cda72d8fe876,晋城太行锡崖沟旅游度假区,,山西省,,,非A,旅游度假区,unknown,pending,国家级旅游度假区,https://www.mct.gov.cn/tourism/#/list,API目录ID-56/2026-09-04,,,尚未映射到可回跳的知识库景点卡,,,1,CN-POOL-20260904-r0,MCT内容ID=73395；来源文件=content_56.json
CN-P-002321,e9af08fcfc4172a1a364b3f626b952bf32124baee585f688ab5b60eb07bdb0e9,兴安盟阿尔山旅游度假区,,内蒙古自治区,,,非A,旅游度假区,unknown,pending,国家级旅游度假区,https://www.mct.gov.cn/tourism/#/list,API目录ID-56/2026-09-04,,,尚未映射到可回跳的知识库景点卡,,,1,CN-POOL-20260904-r0,MCT内容ID=73396；来源文件=content_56.json
CN-P-002322,8e91f5630ede1aa8ebf61a34f78ce0c8fd3eec9cd8b4fa96fc887cfd75bfd53b,大连长山群岛旅游度假区,,辽宁省,,,非A,旅游度假区,unknown,pending,国家级旅游度假区,https://www.mct.gov.cn/tourism/#/list,API目录ID-56/2026-09-04,,,尚未映射到可回跳的知识库景点卡,,,1,CN-POOL-20260904-r0,MCT内容ID=73397；来源文件=content_56.json
CN-P-002323,a307eae7b81615ea47aff1f42add192549b79b25b2240daa104c55752a2b3657,长白山华美胜地旅游度假区,,吉林省,,,非A,旅游度假区,unknown,pending,国家级旅游度假区,https://www.mct.gov.cn/tourism/#/list,API目录ID-56/2026-09-04,,,尚未映射到可回跳的知识库景点卡,,,1,CN-POOL-20260904-r0,MCT内容ID=73398；来源文件=content_56.json
CN-P-002324,3184f6c0e9ba6f3e5fdd2679602887df04b15ffc39acdbdd49391193f37e7755,苏州吴江东太湖生态旅游度假区,,江苏省,,,非A,旅游度假区,unknown,pending,国家级旅游度假区,https://www.mct.gov.cn/tourism/#/list,API目录ID-56/2026-09-04,,,尚未映射到可回跳的知识库景点卡,,,1,CN-POOL-20260904-r0,MCT内容ID=73399；来源文件=content_56.json
CN-P-002325,b15d58e0106c8ca6fcde457a55f9662a5bd4a2036eac7568feede38b9c474088,湖州吴兴西塞山旅游度假区,,浙江省,,,非A,旅游度假区,unknown,pending,国家级旅游度假区,https://www.mct.gov.cn/tourism/#/list,API目录ID-56/2026-09-04,,,尚未映射到可回跳的知识库景点卡,,,1,CN-POOL-20260904-r0,MCT内容ID=73400；来源文件=content_56.json
CN-P-002326,26cb6d1db196b7f937bb7d2c4fc82190f0fc7a195a9288b5ba477ff36eacda91,黄山黟县国际乡村旅游度假区,,安徽省,,,非A,旅游度假区,unknown,pending,国家级旅游度假区,https://www.mct.gov.cn/tourism/#/list,API目录ID-56/2026-09-04,,,尚未映射到可回跳的知识库景点卡,,,1,CN-POOL-20260904-r0,MCT内容ID=73401；来源文件=content_56.json
CN-P-002327,f4eced2761c87b00a79e4e97552a0a29da0be849da6ec185942e2aaf22747feb,南昌梅岭生态旅游度假区,,江西省,,,非A,旅游度假区,unknown,pending,国家级旅游度假区,https://www.mct.gov.cn/tourism/#/list,API目录ID-56/2026-09-04,,,尚未映射到可回跳的知识库景点卡,,,1,CN-POOL-20260904-r0,MCT内容ID=73402；来源文件=content_56.json
CN-P-002328,fac77f661f564d792c609ca96646ea3ec80a9fa0812ef36068b807d7ad1e909f,德州齐河黄河国际生态城旅游度假区,,山东省,,,非A,旅游度假区,unknown,pending,国家级旅游度假区,https://www.mct.gov.cn/tourism/#/list,API目录ID-56/2026-09-04,,,尚未映射到可回跳的知识库景点卡,,,1,CN-POOL-20260904-r0,MCT内容ID=73403；来源文件=content_56.json
CN-P-002329,4f1cf6db6f47d42bf7165cfbfe1810632f149adfca4fd24fa91a80d765c9e231,郑州银基国际旅游度假区,,河南省,,,非A,旅游度假区,unknown,pending,国家级旅游度假区,https://www.mct.gov.cn/tourism/#/list,API目录ID-56/2026-09-04,,,尚未映射到可回跳的知识库景点卡,,,1,CN-POOL-20260904-r0,MCT内容ID=73404；来源文件=content_56.json
CN-P-002330,e46f7b58647f412d6091fcfdeaa97c99ae2d2ddf67ec5e2e0b498af00d9c47c4,武汉黄陂区木兰湖旅游度假区,,湖北省,,,非A,旅游度假区,unknown,pending,国家级旅游度假区,https://www.mct.gov.cn/tourism/#/list,API目录ID-56/2026-09-04,,,尚未映射到可回跳的知识库景点卡,,,1,CN-POOL-20260904-r0,MCT内容ID=73405；来源文件=content_56.json
CN-P-002331,40f7534ea705e488e26649a13beb6f2f6fe9d138472a776dc2751a2eb857b1e0,长沙铜官窑文化旅游度假区,,湖南省,,,非A,旅游度假区,unknown,pending,国家级旅游度假区,https://www.mct.gov.cn/tourism/#/list,API目录ID-56/2026-09-04,,,尚未映射到可回跳的知识库景点卡,,,1,CN-POOL-20260904-r0,MCT内容ID=73406；来源文件=content_56.json
CN-P-002332,ef1351a867575073fdede7ab97bf7782d0a4c2d1be67efde6c525720976fba78,珠海横琴长隆国际海洋度假区,,广东省,,,非A,旅游度假区,unknown,pending,国家级旅游度假区,https://www.mct.gov.cn/tourism/#/list,API目录ID-56/2026-09-04,,,尚未映射到可回跳的知识库景点卡,,,1,CN-POOL-20260904-r0,MCT内容ID=73407；来源文件=content_56.json
CN-P-002333,00894d459cf7a0aac077ae8f6a1a1c91c79c1516acea4822b184720ffac6cbc7,桂林雁山旅游度假区,,广西壮族自治区,,,非A,旅游度假区,unknown,pending,国家级旅游度假区,https://www.mct.gov.cn/tourism/#/list,API目录ID-56/2026-09-04,,,尚未映射到可回跳的知识库景点卡,,,1,CN-POOL-20260904-r0,MCT内容ID=73408；来源文件=content_56.json
CN-P-002334,d8a0aa73e7522fcae2625a94bdeb251feabc782e0cc2e4e8486e29495a40d6f8,万宁石梅湾旅游度假区,,海南省,,,非A,旅游度假区,unknown,pending,国家级旅游度假区,https://www.mct.gov.cn/tourism/#/list,API目录ID-56/2026-09-04,,,尚未映射到可回跳的知识库景点卡,,,1,CN-POOL-20260904-r0,MCT内容ID=73409；来源文件=content_56.json
CN-P-002335,1551ab03611738f8b5779561e6e95646a3e3110fd27e2064b3c0802f9c5ccef9,石柱黄水旅游度假区,,重庆市,,,非A,旅游度假区,unknown,pending,国家级旅游度假区,https://www.mct.gov.cn/tourism/#/list,API目录ID-56/2026-09-04,,,尚未映射到可回跳的知识库景点卡,,,1,CN-POOL-20260904-r0,MCT内容ID=73410；来源文件=content_56.json
CN-P-002336,ceba9630bb71ab07715d185de3ed0bf928789c12c7b547d2ea64e1baa24fa4ee,成都西岭雪山-花水湾旅游度假区,,四川省,,,非A,旅游度假区,unknown,pending,国家级旅游度假区,https://www.mct.gov.cn/tourism/#/list,API目录ID-56/2026-09-04,,,尚未映射到可回跳的知识库景点卡,,,1,CN-POOL-20260904-r0,MCT内容ID=73411；来源文件=content_56.json
CN-P-002337,09b7b0eb88f5bce0a3b4e703808b3ae3c937bc3462552d5d20f51a479dbb1316,德宏芒市孔雀湖旅游度假区,,云南省,,,非A,旅游度假区,unknown,pending,国家级旅游度假区,https://www.mct.gov.cn/tourism/#/list,API目录ID-56/2026-09-04,,,尚未映射到可回跳的知识库景点卡,,,1,CN-POOL-20260904-r0,MCT内容ID=73412；来源文件=content_56.json
CN-P-002338,2c61ea9de965f5b8cfea404f33bf828d3c20e668426688a83edebb30d9fc89dd,临夏永靖刘家峡旅游度假区,,甘肃省,,,非A,旅游度假区,unknown,pending,国家级旅游度假区,https://www.mct.gov.cn/tourism/#/list,API目录ID-56/2026-09-04,,,尚未映射到可回跳的知识库景点卡,,,1,CN-POOL-20260904-r0,MCT内容ID=73413；来源文件=content_56.json
CN-P-002339,91f914c07a0e438174487ed281dbef09f3c009833b85d39a62dc7b83174ac8bd,中卫大漠黄河（沙坡头）旅游度假区,,宁夏回族自治区,,,非A,旅游度假区,unknown,pending,国家级旅游度假区,https://www.mct.gov.cn/tourism/#/list,API目录ID-56/2026-09-04,,,尚未映射到可回跳的知识库景点卡,,,1,CN-POOL-20260904-r0,MCT内容ID=73414；来源文件=content_56.json
CN-P-002340,0398b7145db3bf6ba47400947c09f0d36adba0005fb9659a4a2701e8372301a2,五家渠青格达湖旅游度假区,,新疆生产建设兵团,,,非A,旅游度假区,unknown,pending,国家级旅游度假区,https://www.mct.gov.cn/tourism/#/list,API目录ID-56/2026-09-04,,,尚未映射到可回跳的知识库景点卡,,,1,CN-POOL-20260904-r0,MCT内容ID=73415；来源文件=content_56.json
CN-P-002341,3269f6fb3befa6507640112b6fbc6cf8acf975b366b33f8e023f549f8653aa79,前门大街,,北京市,,,非A,旅游休闲街区,unknown,pending,第一批国家级旅游休闲街区,https://www.mct.gov.cn/tourism/#/list,API目录ID-49/2026-09-04,,,尚未映射到可回跳的知识库景点卡,,,1,CN-POOL-20260904-r0,MCT内容ID=56859；来源文件=content_49.json
CN-P-002342,8bcf5e4ca5285348d6952497e5c26c9f01e5ba9f181f4c5024e7ddde12739d42,三里屯太古里,,北京市,,,非A,旅游休闲街区,unknown,pending,第一批国家级旅游休闲街区,https://www.mct.gov.cn/tourism/#/list,API目录ID-49/2026-09-04,,,尚未映射到可回跳的知识库景点卡,,,1,CN-POOL-20260904-r0,MCT内容ID=56860；来源文件=content_49.json
CN-P-002343,c98e85a75f3f75aa42399bf5e49c4a62c5ff4b3898126306af271b65482f1261,杨柳青古镇街区,,天津市,,,非A,旅游休闲街区,unknown,pending,第一批国家级旅游休闲街区,https://www.mct.gov.cn/tourism/#/list,API目录ID-49/2026-09-04,,,尚未映射到可回跳的知识库景点卡,,,1,CN-POOL-20260904-r0,MCT内容ID=56861；来源文件=content_49.json
CN-P-002344,d003418b4d49c9bfc6b0722ee0edcc02be30e7c3ef18eb22e93e7fbb0e35b66c,培仁历史文化街,,河北省,,,非A,旅游休闲街区,unknown,pending,第一批国家级旅游休闲街区,https://www.mct.gov.cn/tourism/#/list,API目录ID-49/2026-09-04,,,尚未映射到可回跳的知识库景点卡,,,1,CN-POOL-20260904-r0,MCT内容ID=56862；来源文件=content_49.json
CN-P-002345,db0a82113888eaa6aa51d7fd88051caa85b698ea672d5774f8d9647fe61a25ac,金龙旅游休闲街区,,河北省,,,非A,旅游休闲街区,unknown,pending,第一批国家级旅游休闲街区,https://www.mct.gov.cn/tourism/#/list,API目录ID-49/2026-09-04,,,尚未映射到可回跳的知识库景点卡,,,1,CN-POOL-20260904-r0,MCT内容ID=56863；来源文件=content_49.json
CN-P-002346,49bb962a6147aa6a2da6e9dd60f51158502369c9147e2551636398136e33d55e,古城文旅休闲生活街区,,山西省,,,非A,旅游休闲街区,unknown,pending,第一批国家级旅游休闲街区,https://www.mct.gov.cn/tourism/#/list,API目录ID-49/2026-09-04,,,尚未映射到可回跳的知识库景点卡,,,1,CN-POOL-20260904-r0,MCT内容ID=56864；来源文件=content_49.json
CN-P-002347,ad0254db660cef606abb40dda14a467a06586743afae23bc380a0c73fb34103e,塞上老街旅游休闲街区,,内蒙古自治区,,,非A,旅游休闲街区,unknown,pending,第一批国家级旅游休闲街区,https://www.mct.gov.cn/tourism/#/list,API目录ID-49/2026-09-04,,,尚未映射到可回跳的知识库景点卡,,,1,CN-POOL-20260904-r0,MCT内容ID=56865；来源文件=content_49.json
CN-P-002348,4feecd44ab839ba9ce07671d8d93cdac71cf50a72bea5eec4321945a592feec6,中街旅游休闲街区,,辽宁省,,,非A,旅游休闲街区,unknown,pending,第一批国家级旅游休闲街区,https://www.mct.gov.cn/tourism/#/list,API目录ID-49/2026-09-04,,,尚未映射到可回跳的知识库景点卡,,,1,CN-POOL-20260904-r0,MCT内容ID=56866；来源文件=content_49.json
CN-P-002349,47dd6f013078038b685480db605772668fb2b5880a5cf216d0352564f56f245e,白桦旅游休闲街区,,吉林省,,,非A,旅游休闲街区,unknown,pending,第一批国家级旅游休闲街区,https://www.mct.gov.cn/tourism/#/list,API目录ID-49/2026-09-04,,,尚未映射到可回跳的知识库景点卡,,,1,CN-POOL-20260904-r0,MCT内容ID=56867；来源文件=content_49.json
CN-P-002350,ffc87f33e7629dc4e497aa2b79a0b9ea7d67da191fd76ef8664faa21cca0095b,中央大街步行街,,黑龙江省,,,非A,旅游休闲街区,unknown,covered,第一批国家级旅游休闲街区,https://www.mct.gov.cn/tourism/#/list,API目录ID-49/2026-09-04,知识库数据/02-景点库-哈尔滨.md,A122,,,,1,CN-POOL-20260904-r0,MCT内容ID=56868；来源文件=content_49.json
CN-P-002351,0c32ecc262b9e63bfb5f0a07a4c03c71188c2fd5c6a18ca414f49e2b96d3d620,思南公馆街区,,上海市,,,非A,旅游休闲街区,unknown,pending,第一批国家级旅游休闲街区,https://www.mct.gov.cn/tourism/#/list,API目录ID-49/2026-09-04,,,尚未映射到可回跳的知识库景点卡,,,1,CN-POOL-20260904-r0,MCT内容ID=56869；来源文件=content_49.json
CN-P-002352,ce037db4f6da200ec266f594cee88cbc6b646fe03eb6a45a025ed37faf5f968e,武康路-安福路街区,,上海市,,,非A,旅游休闲街区,unknown,pending,第一批国家级旅游休闲街区,https://www.mct.gov.cn/tourism/#/list,API目录ID-49/2026-09-04,,,尚未映射到可回跳的知识库景点卡,,,1,CN-POOL-20260904-r0,MCT内容ID=56870；来源文件=content_49.json
CN-P-002353,c94e45764df081ebad2acb25abea344106902e73fd2d6a68409b4fa993a23e5b,夫子庙步行街,,江苏省,,,非A,旅游休闲街区,unknown,pending,第一批国家级旅游休闲街区,https://www.mct.gov.cn/tourism/#/list,API目录ID-49/2026-09-04,,,尚未映射到可回跳的知识库景点卡,,,1,CN-POOL-20260904-r0,MCT内容ID=56871；来源文件=content_49.json
CN-P-002354,469c1a9a23259fb92ce23bd1c48441cacb30f93a2d8d7227dbfed7ba018ba5f7,清名桥历史文化街区,,江苏省,,,非A,旅游休闲街区,unknown,pending,第一批国家级旅游休闲街区,https://www.mct.gov.cn/tourism/#/list,API目录ID-49/2026-09-04,,,尚未映射到可回跳的知识库景点卡,,,1,CN-POOL-20260904-r0,MCT内容ID=56872；来源文件=content_49.json
CN-P-002355,8190bb004f6f9e0ba57140386d1fdf7debd63717a74f6b2b47d3edc70f258390,平江历史街区,,江苏省,,,非A,旅游休闲街区,unknown,covered,第一批国家级旅游休闲街区,https://www.mct.gov.cn/tourism/#/list,API目录ID-49/2026-09-04,知识库数据/02-景点库-苏州.md,A283,,,,1,CN-POOL-20260904-r0,MCT内容ID=56873；来源文件=content_49.json
CN-P-002356,120c251a86d309c2a07fdfccc477bdbd3db7e163b1f67e65a90d6586f1bbb472,清河坊历史文化街区,,浙江省,,,非A,旅游休闲街区,unknown,covered,第一批国家级旅游休闲街区,https://www.mct.gov.cn/tourism/#/list,API目录ID-49/2026-09-04,知识库数据/02-景点库-杭州.md,A299,,,,1,CN-POOL-20260904-r0,MCT内容ID=56874；来源文件=content_49.json
CN-P-002357,55d2315724792b841c139153d8c7e1d4ad5fdf88dae352759e75a9ba64cb2a76,老外滩街区,,浙江省,,,非A,旅游休闲街区,unknown,pending,第一批国家级旅游休闲街区,https://www.mct.gov.cn/tourism/#/list,API目录ID-49/2026-09-04,,,尚未映射到可回跳的知识库景点卡,,,1,CN-POOL-20260904-r0,MCT内容ID=56875；来源文件=content_49.json
CN-P-002358,7b43df6f525734175057c863b648fcbeea6deba41e336c3182ac10488725ead4,五马历史文化街区,,浙江省,,,非A,旅游休闲街区,unknown,pending,第一批国家级旅游休闲街区,https://www.mct.gov.cn/tourism/#/list,API目录ID-49/2026-09-04,,,尚未映射到可回跳的知识库景点卡,,,1,CN-POOL-20260904-r0,MCT内容ID=56876；来源文件=content_49.json
CN-P-002359,800c647ba305c228b4f4d4c3287c24e2c6269d705c4685dab8acac2afd4a5dd8,罍街,,安徽省,,,非A,旅游休闲街区,unknown,pending,第一批国家级旅游休闲街区,https://www.mct.gov.cn/tourism/#/list,API目录ID-49/2026-09-04,,,尚未映射到可回跳的知识库景点卡,,,1,CN-POOL-20260904-r0,MCT内容ID=56877；来源文件=content_49.json
CN-P-002360,b108b0af6b19fa64327e837be820fa92b56f85acf551d117ae824712bd263b61,黎阳映像街区,,安徽省,,,非A,旅游休闲街区,unknown,pending,第一批国家级旅游休闲街区,https://www.mct.gov.cn/tourism/#/list,API目录ID-49/2026-09-04,,,尚未映射到可回跳的知识库景点卡,,,1,CN-POOL-20260904-r0,MCT内容ID=56878；来源文件=content_49.json
CN-P-002361,c67fae6dc4ab40b68ef8116512255caabcf1e45b3f961137dca77c022b7612c3,三坊七巷历史文化街区,,福建省,,,非A,旅游休闲街区,unknown,pending,第一批国家级旅游休闲街区,https://www.mct.gov.cn/tourism/#/list,API目录ID-49/2026-09-04,,,尚未映射到可回跳的知识库景点卡,,,1,CN-POOL-20260904-r0,MCT内容ID=56879；来源文件=content_49.json
CN-P-002362,d634b61b2b279b63bb89a7490e2a89188e6c24c0fcdc7796e75a05c479f056f3,上下杭历史文化街区,,福建省,,,非A,旅游休闲街区,unknown,pending,第一批国家级旅游休闲街区,https://www.mct.gov.cn/tourism/#/list,API目录ID-49/2026-09-04,,,尚未映射到可回跳的知识库景点卡,,,1,CN-POOL-20260904-r0,MCT内容ID=56880；来源文件=content_49.json
CN-P-002363,72b116dd02dca807e2bf805f90e797a026013de5a0ddc4b60e6ac4e174f3ce3f,五店市传统文化旅游区,,福建省,,,非A,旅游休闲街区,unknown,pending,第一批国家级旅游休闲街区,https://www.mct.gov.cn/tourism/#/list,API目录ID-49/2026-09-04,,,尚未映射到可回跳的知识库景点卡,,,1,CN-POOL-20260904-r0,MCT内容ID=56881；来源文件=content_49.json
CN-P-002364,71e601cbdec10d669506401acd60b605dacbd2d60e1a44355e2999d0ff6d171e,饶州古镇旅游休闲街区,,江西省,,,非A,旅游休闲街区,unknown,pending,第一批国家级旅游休闲街区,https://www.mct.gov.cn/tourism/#/list,API目录ID-49/2026-09-04,,,尚未映射到可回跳的知识库景点卡,,,1,CN-POOL-20260904-r0,MCT内容ID=56882；来源文件=content_49.json
CN-P-002365,01f407f35c209e3f4f253f74469c5591aa605c9661a70b51cb1a631031e4fac0,百花洲历史文化街区,,山东省,,,非A,旅游休闲街区,unknown,pending,第一批国家级旅游休闲街区,https://www.mct.gov.cn/tourism/#/list,API目录ID-49/2026-09-04,,,尚未映射到可回跳的知识库景点卡,,,1,CN-POOL-20260904-r0,MCT内容ID=56883；来源文件=content_49.json
CN-P-002366,1f33861620a0dc5cece9ae868727a4b529982f7443375c33f381e10b59bdf0c3,古商城历史文化街区,,山东省,,,非A,旅游休闲街区,unknown,pending,第一批国家级旅游休闲街区,https://www.mct.gov.cn/tourism/#/list,API目录ID-49/2026-09-04,,,尚未映射到可回跳的知识库景点卡,,,1,CN-POOL-20260904-r0,MCT内容ID=56884；来源文件=content_49.json
CN-P-002367,22a71361d3d7080c87ee92328064c181cf143b2c727dc8af4f696de52853cd96,德化步行街,,河南省,,,非A,旅游休闲街区,unknown,pending,第一批国家级旅游休闲街区,https://www.mct.gov.cn/tourism/#/list,API目录ID-49/2026-09-04,,,尚未映射到可回跳的知识库景点卡,,,1,CN-POOL-20260904-r0,MCT内容ID=56885；来源文件=content_49.json
CN-P-002368,65a72a93f5805fa1800619a0963ca10bc4997c570cf83def6ea8935c65e3d20e,洛阳古城历史文化街区,,河南省,,,非A,旅游休闲街区,unknown,pending,第一批国家级旅游休闲街区,https://www.mct.gov.cn/tourism/#/list,API目录ID-49/2026-09-04,,,尚未映射到可回跳的知识库景点卡,,,1,CN-POOL-20260904-r0,MCT内容ID=56886；来源文件=content_49.json
CN-P-002369,fb485c5e487042c2876cd8c073b32dbc029d7a85fbd3b236650f43ec88f54ccc,襄阳北街,,湖北省,,,非A,旅游休闲街区,unknown,pending,第一批国家级旅游休闲街区,https://www.mct.gov.cn/tourism/#/list,API目录ID-49/2026-09-04,,,尚未映射到可回跳的知识库景点卡,,,1,CN-POOL-20260904-r0,MCT内容ID=56887；来源文件=content_49.json
CN-P-002370,367d6a0a64b922485eafb163624d0f7d492968541032d736569c45261e97942b,太平街,,湖南省,,,非A,旅游休闲街区,unknown,covered,第一批国家级旅游休闲街区,https://www.mct.gov.cn/tourism/#/list,API目录ID-49/2026-09-04,知识库数据/02-景点库-长沙.md,A235,,,,1,CN-POOL-20260904-r0,MCT内容ID=56888；来源文件=content_49.json
CN-P-002371,ff8651e144fe23e8513cd600992547e1cb91e0bc4e1cf46829d09392a05ff083,河街,,湖南省,,,非A,旅游休闲街区,unknown,pending,第一批国家级旅游休闲街区,https://www.mct.gov.cn/tourism/#/list,API目录ID-49/2026-09-04,,,尚未映射到可回跳的知识库景点卡,,,1,CN-POOL-20260904-r0,MCT内容ID=56889；来源文件=content_49.json
CN-P-002372,a7897c6908dabc0f0235748f7fb6da3f0115a405e3259f71c33b0486d9ac1130,永庆坊,,广东省,,,非A,旅游休闲街区,unknown,covered,第一批国家级旅游休闲街区,https://www.mct.gov.cn/tourism/#/list,API目录ID-49/2026-09-04,知识库数据/02-景点库-广州.md,A257,,,,1,CN-POOL-20260904-r0,MCT内容ID=56890；来源文件=content_49.json
CN-P-002373,7611d82c22d99a815bd8af49b04ddd3d8f62d38641be5216cbf7b6bef2828559,牌坊街,,广东省,,,非A,旅游休闲街区,unknown,pending,第一批国家级旅游休闲街区,https://www.mct.gov.cn/tourism/#/list,API目录ID-49/2026-09-04,,,尚未映射到可回跳的知识库景点卡,,,1,CN-POOL-20260904-r0,MCT内容ID=56891；来源文件=content_49.json
CN-P-002374,09a478d120b1f46d60a9d005bd0ec2497055dcd135cbb1e1edf7a7cd5a670ac4,老南宁·三街两巷历史文化街区,,广西壮族自治区,,,非A,旅游休闲街区,unknown,pending,第一批国家级旅游休闲街区,https://www.mct.gov.cn/tourism/#/list,API目录ID-49/2026-09-04,,,尚未映射到可回跳的知识库景点卡,,,1,CN-POOL-20260904-r0,MCT内容ID=56892；来源文件=content_49.json
CN-P-002375,35ef9797a99dddd28842a22a4b587f3dc56cbc8bdfa35b9b6414134aa57fa433,东西巷历史文化街区,,广西壮族自治区,,,非A,旅游休闲街区,unknown,pending,第一批国家级旅游休闲街区,https://www.mct.gov.cn/tourism/#/list,API目录ID-49/2026-09-04,,,尚未映射到可回跳的知识库景点卡,,,1,CN-POOL-20260904-r0,MCT内容ID=56893；来源文件=content_49.json
CN-P-002376,1a513ffddc2e63dc3e326b6398680fc945b5da3acb2ef8c8b3e78dbfdec6001e,骑楼建筑历史文化街区,,海南省,,,非A,旅游休闲街区,unknown,pending,第一批国家级旅游休闲街区,https://www.mct.gov.cn/tourism/#/list,API目录ID-49/2026-09-04,,,尚未映射到可回跳的知识库景点卡,,,1,CN-POOL-20260904-r0,MCT内容ID=56894；来源文件=content_49.json
CN-P-002377,65f4615607019468a238a4d493d09d3445725248b243c2c5452ac120ea65aa56,大九街旅游休闲街区,,重庆市,,,非A,旅游休闲街区,unknown,pending,第一批国家级旅游休闲街区,https://www.mct.gov.cn/tourism/#/list,API目录ID-49/2026-09-04,,,尚未映射到可回跳的知识库景点卡,,,1,CN-POOL-20260904-r0,MCT内容ID=56895；来源文件=content_49.json
CN-P-002378,01613e7ff1c954337468e3695acb29794728b463d4e016e56ed87e1654b5b65a,磁器口街区,,重庆市,,,非A,旅游休闲街区,unknown,covered,第一批国家级旅游休闲街区,https://www.mct.gov.cn/tourism/#/list,API目录ID-49/2026-09-04,知识库数据/02-景点库-重庆.md,A303,,,,1,CN-POOL-20260904-r0,MCT内容ID=56896；来源文件=content_49.json
CN-P-002379,5207d3f85dae7a46557098c80560d044fc29839c975532230c6f50dae7a68d7f,弹子石老街,,重庆市,,,非A,旅游休闲街区,unknown,pending,第一批国家级旅游休闲街区,https://www.mct.gov.cn/tourism/#/list,API目录ID-49/2026-09-04,,,尚未映射到可回跳的知识库景点卡,,,1,CN-POOL-20260904-r0,MCT内容ID=56897；来源文件=content_49.json
CN-P-002380,23531109d1ee3c77dc1a7cd5b17f2d58a3a8f254f78e356e7fb9426fcc0096c1,武侯祠·锦里,,四川省,,,非A,旅游休闲街区,unknown,pending,第一批国家级旅游休闲街区,https://www.mct.gov.cn/tourism/#/list,API目录ID-49/2026-09-04,,,尚未映射到可回跳的知识库景点卡,,,1,CN-POOL-20260904-r0,MCT内容ID=56898；来源文件=content_49.json
CN-P-002381,ff4eb430009aa2fd64701d3b34d569819de6c0dbb2de359bac3f61535b3133c1,春熙路,,四川省,,,非A,旅游休闲街区,unknown,pending,第一批国家级旅游休闲街区,https://www.mct.gov.cn/tourism/#/list,API目录ID-49/2026-09-04,,,尚未映射到可回跳的知识库景点卡,,,1,CN-POOL-20260904-r0,MCT内容ID=56899；来源文件=content_49.json
CN-P-002382,d32d713a66a8ef2205d2621fd0dd9437fca8b74018c44f34fe72cb0cb79f6b33,宽窄巷子,,四川省,,,非A,旅游休闲街区,unknown,covered,第一批国家级旅游休闲街区,https://www.mct.gov.cn/tourism/#/list,API目录ID-49/2026-09-04,知识库数据/02-景点库-成都.md,A313,,,,1,CN-POOL-20260904-r0,MCT内容ID=56900；来源文件=content_49.json
CN-P-002383,9a451a2e52eb87f5ebe7a775e6965b0cce009e9851392a01fd843f661452c4b5,镇远古城文化步行街,,贵州省,,,非A,旅游休闲街区,unknown,pending,第一批国家级旅游休闲街区,https://www.mct.gov.cn/tourism/#/list,API目录ID-49/2026-09-04,,,尚未映射到可回跳的知识库景点卡,,,1,CN-POOL-20260904-r0,MCT内容ID=56901；来源文件=content_49.json
CN-P-002384,dde9315716cc3511162cf108c1c4baa94affad6b6c614b2f365084f55ddcdf48,大研花巷旅游休闲街区,,云南省,,,非A,旅游休闲街区,unknown,pending,第一批国家级旅游休闲街区,https://www.mct.gov.cn/tourism/#/list,API目录ID-49/2026-09-04,,,尚未映射到可回跳的知识库景点卡,,,1,CN-POOL-20260904-r0,MCT内容ID=56902；来源文件=content_49.json
CN-P-002385,1cec8860a0f1603ee48aaf751271532dcde4f18601da91fc23f7804a55cf33c0,临安古城主题特色街区,,云南省,,,非A,旅游休闲街区,unknown,pending,第一批国家级旅游休闲街区,https://www.mct.gov.cn/tourism/#/list,API目录ID-49/2026-09-04,,,尚未映射到可回跳的知识库景点卡,,,1,CN-POOL-20260904-r0,MCT内容ID=56903；来源文件=content_49.json
CN-P-002386,69e4bfab36754ec7d7c077df9c84c7e3bd9a9f9e76ca2a2c3dd7d12ff401450f,慈觉林藏院风情街,,西藏自治区,,,非A,旅游休闲街区,unknown,pending,第一批国家级旅游休闲街区,https://www.mct.gov.cn/tourism/#/list,API目录ID-49/2026-09-04,,,尚未映射到可回跳的知识库景点卡,,,1,CN-POOL-20260904-r0,MCT内容ID=56904；来源文件=content_49.json
CN-P-002387,6131873927d6bf94fd175e8302695261166d7cb47b51f562d5b6212c05f994e8,茶马城街区,,西藏自治区,,,非A,旅游休闲街区,unknown,pending,第一批国家级旅游休闲街区,https://www.mct.gov.cn/tourism/#/list,API目录ID-49/2026-09-04,,,尚未映射到可回跳的知识库景点卡,,,1,CN-POOL-20260904-r0,MCT内容ID=56905；来源文件=content_49.json
CN-P-002388,49f262660dcc243e1b7b477cdc97d271ec30f7f9149c57aa05a0dacbe54f66dc,秦巴老街,,陕西省,,,非A,旅游休闲街区,unknown,pending,第一批国家级旅游休闲街区,https://www.mct.gov.cn/tourism/#/list,API目录ID-49/2026-09-04,,,尚未映射到可回跳的知识库景点卡,,,1,CN-POOL-20260904-r0,MCT内容ID=56906；来源文件=content_49.json
CN-P-002389,0518764295ebf22cdb47d2bba8e20d219b77059735663361a4f8c9a0b649649f,八坊十三巷,,甘肃省,,,非A,旅游休闲街区,unknown,pending,第一批国家级旅游休闲街区,https://www.mct.gov.cn/tourism/#/list,API目录ID-49/2026-09-04,,,尚未映射到可回跳的知识库景点卡,,,1,CN-POOL-20260904-r0,MCT内容ID=56907；来源文件=content_49.json
CN-P-002390,ce362eb0da4f1d8be1813ce7393121fc62764bab52c055f4e6416e55625b9955,唐道·637休闲文旅步行街,,青海省,,,非A,旅游休闲街区,unknown,pending,第一批国家级旅游休闲街区,https://www.mct.gov.cn/tourism/#/list,API目录ID-49/2026-09-04,,,尚未映射到可回跳的知识库景点卡,,,1,CN-POOL-20260904-r0,MCT内容ID=56908；来源文件=content_49.json
CN-P-002391,670ae722f6718f2c47f1930d92fafa3f68bd47c51d04640e66b7c87ce21c25a1,怀远旅游休闲街区,,宁夏回族自治区,,,非A,旅游休闲街区,unknown,pending,第一批国家级旅游休闲街区,https://www.mct.gov.cn/tourism/#/list,API目录ID-49/2026-09-04,,,尚未映射到可回跳的知识库景点卡,,,1,CN-POOL-20260904-r0,MCT内容ID=56909；来源文件=content_49.json
CN-P-002392,cde7c9c010571ef630e15b1f819e727f2b5771dd6143c2c3643bfbc717cd4582,大巴扎旅游休闲街区,,新疆维吾尔自治区,,,非A,旅游休闲街区,unknown,covered,第一批国家级旅游休闲街区,https://www.mct.gov.cn/tourism/#/list,API目录ID-49/2026-09-04,知识库数据/02-景点库-北疆（乌鲁木齐-喀纳斯）.md,A104,,,,1,CN-POOL-20260904-r0,MCT内容ID=56910；来源文件=content_49.json
CN-P-002393,03059ffce8c0c445dab00f183a54b69533546ed44854ef63e54b69d9e3c5b531,六星街历史文化街区,,新疆维吾尔自治区,,,非A,旅游休闲街区,unknown,pending,第一批国家级旅游休闲街区,https://www.mct.gov.cn/tourism/#/list,API目录ID-49/2026-09-04,,,尚未映射到可回跳的知识库景点卡,,,1,CN-POOL-20260904-r0,MCT内容ID=56911；来源文件=content_49.json
CN-P-002394,a8e72ca5c25e81c6a9ff5271b4558529f7f06ad155d4898a9faf0ae2c2765080,幸福路步行街,,新疆生产建设兵团,,,非A,旅游休闲街区,unknown,pending,第一批国家级旅游休闲街区,https://www.mct.gov.cn/tourism/#/list,API目录ID-49/2026-09-04,,,尚未映射到可回跳的知识库景点卡,,,1,CN-POOL-20260904-r0,MCT内容ID=56912；来源文件=content_49.json
CN-P-002395,6e0e2d4fee3b3a70c6a01da03012eee3636f6e11a5bfa94be40162085481f50f,751旅游休闲街区,,北京市,,,非A,旅游休闲街区,unknown,pending,第二批国家级旅游休闲街区,https://www.mct.gov.cn/tourism/#/list,API目录ID-50/2026-09-04,,,尚未映射到可回跳的知识库景点卡,,,1,CN-POOL-20260904-r0,MCT内容ID=56913；来源文件=content_50.json
CN-P-002396,a716f94777b74eba6d181752580988448ff1d83e973c445cd558432a878c7025,华熙LIVE·五棵松旅游休闲街区,,北京市,,,非A,旅游休闲街区,unknown,pending,第二批国家级旅游休闲街区,https://www.mct.gov.cn/tourism/#/list,API目录ID-50/2026-09-04,,,尚未映射到可回跳的知识库景点卡,,,1,CN-POOL-20260904-r0,MCT内容ID=56914；来源文件=content_50.json
CN-P-002397,93dd68ccf4f5ad9de2b677f4500160c861f1c8b538f3907c3c650fc46b61642d,古文化街,,天津市,,,非A,旅游休闲街区,unknown,pending,第二批国家级旅游休闲街区,https://www.mct.gov.cn/tourism/#/list,API目录ID-50/2026-09-04,,,尚未映射到可回跳的知识库景点卡,,,1,CN-POOL-20260904-r0,MCT内容ID=56915；来源文件=content_50.json
CN-P-002398,1a999b6ab84ef8838192673edd57a0af66b31a9770496010a3be7fbb20a62578,意风区旅游休闲街区,,天津市,,,非A,旅游休闲街区,unknown,pending,第二批国家级旅游休闲街区,https://www.mct.gov.cn/tourism/#/list,API目录ID-50/2026-09-04,,,尚未映射到可回跳的知识库景点卡,,,1,CN-POOL-20260904-r0,MCT内容ID=56916；来源文件=content_50.json
CN-P-002399,0cdd3469db152311ea7d2bfb76dc4d187979c1c127509c9d3a97e0a394253ca6,启新1889文化旅游街区,,河北省,,,非A,旅游休闲街区,unknown,pending,第二批国家级旅游休闲街区,https://www.mct.gov.cn/tourism/#/list,API目录ID-50/2026-09-04,,,尚未映射到可回跳的知识库景点卡,,,1,CN-POOL-20260904-r0,MCT内容ID=56917；来源文件=content_50.json
CN-P-002400,273049b364d0457e4d7be913f78cd0c19779797dfa8fa801f27f45c904946f5f,富龙风铃乐谷休闲街区,,河北省,,,非A,旅游休闲街区,unknown,pending,第二批国家级旅游休闲街区,https://www.mct.gov.cn/tourism/#/list,API目录ID-50/2026-09-04,,,尚未映射到可回跳的知识库景点卡,,,1,CN-POOL-20260904-r0,MCT内容ID=56918；来源文件=content_50.json
CN-P-002401,513c31a8296ea4884cc6485ac14ae0f3acd79b8d1a640f13ce40a4ee072f039c,钟楼步行街,,山西省,,,非A,旅游休闲街区,unknown,pending,第二批国家级旅游休闲街区,https://www.mct.gov.cn/tourism/#/list,API目录ID-50/2026-09-04,,,尚未映射到可回跳的知识库景点卡,,,1,CN-POOL-20260904-r0,MCT内容ID=56919；来源文件=content_50.json
CN-P-002402,04ae7d9970ea5eca32f879b98b3e5a22b279c9df8418205ecbdf4f39dab02b83,岚山根·运城印象步行街,,山西省,,,非A,旅游休闲街区,unknown,pending,第二批国家级旅游休闲街区,https://www.mct.gov.cn/tourism/#/list,API目录ID-50/2026-09-04,,,尚未映射到可回跳的知识库景点卡,,,1,CN-POOL-20260904-r0,MCT内容ID=56920；来源文件=content_50.json
CN-P-002403,adac31de9508404fa2f33fd2a2b95adbc6df8ecf6ea51d60e8b9b2cf9928eb59,乔家金街旅游休闲街区,,内蒙古自治区,,,非A,旅游休闲街区,unknown,pending,第二批国家级旅游休闲街区,https://www.mct.gov.cn/tourism/#/list,API目录ID-50/2026-09-04,,,尚未映射到可回跳的知识库景点卡,,,1,CN-POOL-20260904-r0,MCT内容ID=56921；来源文件=content_50.json
CN-P-002404,44b5a30f86b418d84b8a543e1485dd1ff2a06138df3e5c3c31fdb870e9d10131,黄河湾步行街,,内蒙古自治区,,,非A,旅游休闲街区,unknown,pending,第二批国家级旅游休闲街区,https://www.mct.gov.cn/tourism/#/list,API目录ID-50/2026-09-04,,,尚未映射到可回跳的知识库景点卡,,,1,CN-POOL-20260904-r0,MCT内容ID=56922；来源文件=content_50.json
CN-P-002405,1e2c1d0ed74c817e14ca9e6ab9aa06e5e9b200f65847ad20cd40c05c941969c4,沈阳老北市旅游休闲街区,,辽宁省,,,非A,旅游休闲街区,unknown,pending,第二批国家级旅游休闲街区,https://www.mct.gov.cn/tourism/#/list,API目录ID-50/2026-09-04,,,尚未映射到可回跳的知识库景点卡,,,1,CN-POOL-20260904-r0,MCT内容ID=56923；来源文件=content_50.json
CN-P-002406,280e5ff58cfef91822108973cb6f1eba77e5eff950bb4091b9c73fa4190c969d,海昌·东方水城旅游休闲街区,,辽宁省,,,非A,旅游休闲街区,unknown,pending,第二批国家级旅游休闲街区,https://www.mct.gov.cn/tourism/#/list,API目录ID-50/2026-09-04,,,尚未映射到可回跳的知识库景点卡,,,1,CN-POOL-20260904-r0,MCT内容ID=56924；来源文件=content_50.json
CN-P-002407,e1e1c5bd105723d2b4dc14f082fffbb5ed838a95dec50368f75b3ffa1beb55c6,东北不夜城旅游休闲街区,,吉林省,,,非A,旅游休闲街区,unknown,pending,第二批国家级旅游休闲街区,https://www.mct.gov.cn/tourism/#/list,API目录ID-50/2026-09-04,,,尚未映射到可回跳的知识库景点卡,,,1,CN-POOL-20260904-r0,MCT内容ID=56925；来源文件=content_50.json
CN-P-002408,6c7bfabc27a608f3fced3cbc5cd6d25aac0d8f0b58afe8cddd4ed8bea14d58d8,东一中俄风情街,,黑龙江省,,,非A,旅游休闲街区,unknown,pending,第二批国家级旅游休闲街区,https://www.mct.gov.cn/tourism/#/list,API目录ID-50/2026-09-04,,,尚未映射到可回跳的知识库景点卡,,,1,CN-POOL-20260904-r0,MCT内容ID=56926；来源文件=content_50.json
CN-P-002409,4b647f3d07cf62c96ae73bb9b23f864d90277a88c2f01f9a6e92d269fc3ee56b,愚园艺术生活街区,,上海市,,,非A,旅游休闲街区,unknown,pending,第二批国家级旅游休闲街区,https://www.mct.gov.cn/tourism/#/list,API目录ID-50/2026-09-04,,,尚未映射到可回跳的知识库景点卡,,,1,CN-POOL-20260904-r0,MCT内容ID=56927；来源文件=content_50.json
CN-P-002410,6d8d79ecf1fe096d95ba91c88d34c97914645835bfae41741c627f775a8ba876,青果巷历史文化街区,,江苏省,,,非A,旅游休闲街区,unknown,pending,第二批国家级旅游休闲街区,https://www.mct.gov.cn/tourism/#/list,API目录ID-50/2026-09-04,,,尚未映射到可回跳的知识库景点卡,,,1,CN-POOL-20260904-r0,MCT内容ID=56928；来源文件=content_50.json
CN-P-002411,aab2167a2f9ed95c18ad84c9df652444fc6b43f3581fa6478666add974915611,李公堤旅游休闲街区,,江苏省,,,非A,旅游休闲街区,unknown,pending,第二批国家级旅游休闲街区,https://www.mct.gov.cn/tourism/#/list,API目录ID-50/2026-09-04,,,尚未映射到可回跳的知识库景点卡,,,1,CN-POOL-20260904-r0,MCT内容ID=56929；来源文件=content_50.json
CN-P-002412,6dbb7cfde2c2496db611ea5bbe1e2c212d7a64411096489ca963e20675a5c858,东关街,,江苏省,,,非A,旅游休闲街区,unknown,pending,第二批国家级旅游休闲街区,https://www.mct.gov.cn/tourism/#/list,API目录ID-50/2026-09-04,,,尚未映射到可回跳的知识库景点卡,,,1,CN-POOL-20260904-r0,MCT内容ID=56930；来源文件=content_50.json
CN-P-002413,d1547e7b20a2eb02f1a0a51c0b19f3979ed9c1fc18a1660debf4567efa43b289,桥西历史文化街区,,浙江省,,,非A,旅游休闲街区,unknown,pending,第二批国家级旅游休闲街区,https://www.mct.gov.cn/tourism/#/list,API目录ID-50/2026-09-04,,,尚未映射到可回跳的知识库景点卡,,,1,CN-POOL-20260904-r0,MCT内容ID=56931；来源文件=content_50.json
CN-P-002414,2fa939bb2502406bd8febc83241ae3bfadd2ce366f2ef9179612e73c06d8d7e1,湖州小西街-衣裳街-状元街旅游休闲街区,,浙江省,,,非A,旅游休闲街区,unknown,pending,第二批国家级旅游休闲街区,https://www.mct.gov.cn/tourism/#/list,API目录ID-50/2026-09-04,,,尚未映射到可回跳的知识库景点卡,,,1,CN-POOL-20260904-r0,MCT内容ID=56932；来源文件=content_50.json
CN-P-002415,19572b88ffd8bf4166b79847f551d41d9dabfa941cfde7eeb63f137acb655b2f,水亭门历史文化街区,,浙江省,,,非A,旅游休闲街区,unknown,pending,第二批国家级旅游休闲街区,https://www.mct.gov.cn/tourism/#/list,API目录ID-50/2026-09-04,,,尚未映射到可回跳的知识库景点卡,,,1,CN-POOL-20260904-r0,MCT内容ID=56933；来源文件=content_50.json
CN-P-002416,0866098a282a278b0a332b1ac52aa022a1b5c62ac9bcd8311928a44de570b463,芜湖古城旅游休闲街区,,安徽省,,,非A,旅游休闲街区,unknown,pending,第二批国家级旅游休闲街区,https://www.mct.gov.cn/tourism/#/list,API目录ID-50/2026-09-04,,,尚未映射到可回跳的知识库景点卡,,,1,CN-POOL-20260904-r0,MCT内容ID=56934；来源文件=content_50.json
CN-P-002417,b77843c90d0cfe7bcf23155023e4b3aa96c5ecc74b089708c8a43df2c1c4e1e9,亳州北关历史街区,,安徽省,,,非A,旅游休闲街区,unknown,pending,第二批国家级旅游休闲街区,https://www.mct.gov.cn/tourism/#/list,API目录ID-50/2026-09-04,,,尚未映射到可回跳的知识库景点卡,,,1,CN-POOL-20260904-r0,MCT内容ID=56935；来源文件=content_50.json
CN-P-002418,fb2f3e19e160bff28b7cc91288c536c91a68fed0e8f7f86b4764198937765598,泉州中山路旅游休闲街区,,福建省,,,非A,旅游休闲街区,unknown,covered,第二批国家级旅游休闲街区,https://www.mct.gov.cn/tourism/#/list,API目录ID-50/2026-09-04,知识库数据/02-景点库-泉州.md,A048,,,,1,CN-POOL-20260904-r0,MCT内容ID=56936；来源文件=content_50.json
CN-P-002419,e034c6f5802798aebb75407f4a03c8aa0824aa5758d134af36aed7801abd3408,漳州古城旅游休闲街区,,福建省,,,非A,旅游休闲街区,unknown,pending,第二批国家级旅游休闲街区,https://www.mct.gov.cn/tourism/#/list,API目录ID-50/2026-09-04,,,尚未映射到可回跳的知识库景点卡,,,1,CN-POOL-20260904-r0,MCT内容ID=56937；来源文件=content_50.json
CN-P-002420,23f7c99f48b12f2979759eeb6ee3071c2042db3ed90952648348649d1be471be,万寿宫旅游休闲街区,,江西省,,,非A,旅游休闲街区,unknown,pending,第二批国家级旅游休闲街区,https://www.mct.gov.cn/tourism/#/list,API目录ID-50/2026-09-04,,,尚未映射到可回跳的知识库景点卡,,,1,CN-POOL-20260904-r0,MCT内容ID=56938；来源文件=content_50.json
CN-P-002421,b749e9556317f6a316cf36694947989f03bc34a392c19c6d9b30e07c026f906f,望仙谷岩铺老街旅游休闲街区,,江西省,,,非A,旅游休闲街区,unknown,pending,第二批国家级旅游休闲街区,https://www.mct.gov.cn/tourism/#/list,API目录ID-50/2026-09-04,,,尚未映射到可回跳的知识库景点卡,,,1,CN-POOL-20260904-r0,MCT内容ID=56939；来源文件=content_50.json
CN-P-002422,1c22cdbca6d821ae48ef466028bac6a56a2e2228b4f689dc39f7165eeab327c1,金沙滩啤酒城旅游休闲街区,,山东省,,,非A,旅游休闲街区,unknown,pending,第二批国家级旅游休闲街区,https://www.mct.gov.cn/tourism/#/list,API目录ID-50/2026-09-04,,,尚未映射到可回跳的知识库景点卡,,,1,CN-POOL-20260904-r0,MCT内容ID=56940；来源文件=content_50.json
CN-P-002423,cab6dc8b9b67d84a91b717a157400a8b5dfcb1e35bf5335d29afe194199f7717,朝阳街,,山东省,,,非A,旅游休闲街区,unknown,pending,第二批国家级旅游休闲街区,https://www.mct.gov.cn/tourism/#/list,API目录ID-50/2026-09-04,,,尚未映射到可回跳的知识库景点卡,,,1,CN-POOL-20260904-r0,MCT内容ID=56941；来源文件=content_50.json
CN-P-002424,fba6f3c09ab5a8de29cd23da14135dd699b2818e0081bb82b4cf257e410b917d,七盛角旅游休闲街区,,河南省,,,非A,旅游休闲街区,unknown,pending,第二批国家级旅游休闲街区,https://www.mct.gov.cn/tourism/#/list,API目录ID-50/2026-09-04,,,尚未映射到可回跳的知识库景点卡,,,1,CN-POOL-20260904-r0,MCT内容ID=56942；来源文件=content_50.json
CN-P-002425,05fbac950543d931df7aa6481072f88678de6f9579299dbef01a80670aba5d75,岸上旅游休闲街区,,河南省,,,非A,旅游休闲街区,unknown,pending,第二批国家级旅游休闲街区,https://www.mct.gov.cn/tourism/#/list,API目录ID-50/2026-09-04,,,尚未映射到可回跳的知识库景点卡,,,1,CN-POOL-20260904-r0,MCT内容ID=56943；来源文件=content_50.json
CN-P-002426,4a2054150c7a1e06bb16cd026a340e68863b32b0ff6d4752621290b1c2928b38,黎黄陂路历史文化街区,,湖北省,,,非A,旅游休闲街区,unknown,pending,第二批国家级旅游休闲街区,https://www.mct.gov.cn/tourism/#/list,API目录ID-50/2026-09-04,,,尚未映射到可回跳的知识库景点卡,,,1,CN-POOL-20260904-r0,MCT内容ID=56944；来源文件=content_50.json
CN-P-002427,e60f4b01d3bac80f4f200451a617dc517bf5d799db7a0952c8c8fdaed448cc70,西关印象旅游休闲街区,,湖北省,,,非A,旅游休闲街区,unknown,pending,第二批国家级旅游休闲街区,https://www.mct.gov.cn/tourism/#/list,API目录ID-50/2026-09-04,,,尚未映射到可回跳的知识库景点卡,,,1,CN-POOL-20260904-r0,MCT内容ID=56945；来源文件=content_50.json
CN-P-002428,a8a8523e4183395e41c398fd02efc5f365adede244ebe8ce2633e6fddfe911b2,柳子街,,湖南省,,,非A,旅游休闲街区,unknown,pending,第二批国家级旅游休闲街区,https://www.mct.gov.cn/tourism/#/list,API目录ID-50/2026-09-04,,,尚未映射到可回跳的知识库景点卡,,,1,CN-POOL-20260904-r0,MCT内容ID=56946；来源文件=content_50.json
CN-P-002429,0b00e58ad6e5accde7c471dbd4289243642d3cf419148b2e28f884699b0a13ee,乾州古城旅游休闲街区,,湖南省,,,非A,旅游休闲街区,unknown,pending,第二批国家级旅游休闲街区,https://www.mct.gov.cn/tourism/#/list,API目录ID-50/2026-09-04,,,尚未映射到可回跳的知识库景点卡,,,1,CN-POOL-20260904-r0,MCT内容ID=56947；来源文件=content_50.json
CN-P-002430,4102c26f1871908216f6b5955f54360c6d66b200f8b75f5d69b801c6f4610ec1,水东街,,广东省,,,非A,旅游休闲街区,unknown,pending,第二批国家级旅游休闲街区,https://www.mct.gov.cn/tourism/#/list,API目录ID-50/2026-09-04,,,尚未映射到可回跳的知识库景点卡,,,1,CN-POOL-20260904-r0,MCT内容ID=56948；来源文件=content_50.json
CN-P-002431,e37ae7695e75b0899ab0d5e507def19c900a0903719c32a5c666d627a6ab8701,孙文西路旅游休闲街区,,广东省,,,非A,旅游休闲街区,unknown,pending,第二批国家级旅游休闲街区,https://www.mct.gov.cn/tourism/#/list,API目录ID-50/2026-09-04,,,尚未映射到可回跳的知识库景点卡,,,1,CN-POOL-20260904-r0,MCT内容ID=56949；来源文件=content_50.json
CN-P-002432,1070ee3f4cb58c745368fac28a8f89d947723de4c15d695af043a14ed9bad5a6,阳朔西街,,广西壮族自治区,,,非A,旅游休闲街区,unknown,covered,第二批国家级旅游休闲街区,https://www.mct.gov.cn/tourism/#/list,API目录ID-50/2026-09-04,知识库数据/02-景点库-桂林.md,A162,,,,1,CN-POOL-20260904-r0,MCT内容ID=56950；来源文件=content_50.json
CN-P-002433,95df2946381e2b1d0d929ddd9de266fbae0d1611481dc199f6f731cbbd2927d8,北海老城历史文化旅游街区,,广西壮族自治区,,,非A,旅游休闲街区,unknown,pending,第二批国家级旅游休闲街区,https://www.mct.gov.cn/tourism/#/list,API目录ID-50/2026-09-04,,,尚未映射到可回跳的知识库景点卡,,,1,CN-POOL-20260904-r0,MCT内容ID=56951；来源文件=content_50.json
CN-P-002434,5cc34fb9318a31403a76a001dd1533029370321f7a74fe5eba9c8125e533b1fb,鸿洲码头旅游休闲街区,,海南省,,,非A,旅游休闲街区,unknown,pending,第二批国家级旅游休闲街区,https://www.mct.gov.cn/tourism/#/list,API目录ID-50/2026-09-04,,,尚未映射到可回跳的知识库景点卡,,,1,CN-POOL-20260904-r0,MCT内容ID=56952；来源文件=content_50.json
CN-P-002435,4198fa300e7ed834872314849589f29ebbf6b0b169bf97cde2eed656c628919e,贰厂文创街区,,重庆市,,,非A,旅游休闲街区,unknown,pending,第二批国家级旅游休闲街区,https://www.mct.gov.cn/tourism/#/list,API目录ID-50/2026-09-04,,,尚未映射到可回跳的知识库景点卡,,,1,CN-POOL-20260904-r0,MCT内容ID=56953；来源文件=content_50.json
CN-P-002436,369e3e4568d226856b12077ef051fc32ef314d197e2f4263a100d2621222256d,酉州古城步行街,,重庆市,,,非A,旅游休闲街区,unknown,pending,第二批国家级旅游休闲街区,https://www.mct.gov.cn/tourism/#/list,API目录ID-50/2026-09-04,,,尚未映射到可回跳的知识库景点卡,,,1,CN-POOL-20260904-r0,MCT内容ID=56954；来源文件=content_50.json
CN-P-002437,b4e2d183215aeef584685b8c3b5f76fdae438b022807318ebc82bdd6a4d24e19,上中顺特色街区,,四川省,,,非A,旅游休闲街区,unknown,pending,第二批国家级旅游休闲街区,https://www.mct.gov.cn/tourism/#/list,API目录ID-50/2026-09-04,,,尚未映射到可回跳的知识库景点卡,,,1,CN-POOL-20260904-r0,MCT内容ID=56955；来源文件=content_50.json
CN-P-002438,5eb1541294cc4bacd009da880410369e56e24a47ea60bb1fab4bc3fa8458888c,仁康古街,,四川省,,,非A,旅游休闲街区,unknown,pending,第二批国家级旅游休闲街区,https://www.mct.gov.cn/tourism/#/list,API目录ID-50/2026-09-04,,,尚未映射到可回跳的知识库景点卡,,,1,CN-POOL-20260904-r0,MCT内容ID=56956；来源文件=content_50.json
CN-P-002439,148125ac6f2efe73bfa22d7a2419313c1dd443b819ab73b0406085dbf9221026,中南门历史文化旅游休闲街区,,贵州省,,,非A,旅游休闲街区,unknown,pending,第二批国家级旅游休闲街区,https://www.mct.gov.cn/tourism/#/list,API目录ID-50/2026-09-04,,,尚未映射到可回跳的知识库景点卡,,,1,CN-POOL-20260904-r0,MCT内容ID=56957；来源文件=content_50.json
CN-P-002440,4f8fde143854bf1ed9548c0fa51f1121b1a2159a10fec56d7b087ae82a30e515,云上丹寨旅游休闲街区,,贵州省,,,非A,旅游休闲街区,unknown,pending,第二批国家级旅游休闲街区,https://www.mct.gov.cn/tourism/#/list,API目录ID-50/2026-09-04,,,尚未映射到可回跳的知识库景点卡,,,1,CN-POOL-20260904-r0,MCT内容ID=56958；来源文件=content_50.json
CN-P-002441,c9bf3066b8b24c35af41f7250d5897529716cf4dd5ca421e99fd273441c89d3b,中国石林双龙旅游休闲街区,,云南省,,,非A,旅游休闲街区,unknown,pending,第二批国家级旅游休闲街区,https://www.mct.gov.cn/tourism/#/list,API目录ID-50/2026-09-04,,,尚未映射到可回跳的知识库景点卡,,,1,CN-POOL-20260904-r0,MCT内容ID=56959；来源文件=content_50.json
CN-P-002442,420210ab185ceb57b61c14d0b789126ea1f6d51a0648c744c98ebbb0e50a0f3c,双廊镇民族文化街,,云南省,,,非A,旅游休闲街区,unknown,covered,第二批国家级旅游休闲街区,https://www.mct.gov.cn/tourism/#/list,API目录ID-50/2026-09-04,知识库数据/02-景点库-大理-丽江.md,A189,,,,1,CN-POOL-20260904-r0,MCT内容ID=56960；来源文件=content_50.json
CN-P-002443,8f7022d2e0341cf71410ba93eda84fe681d9e3ce88a86b439d10fd369126fe8f,昌珠镇扎西曲登,,西藏自治区,,,非A,旅游休闲街区,unknown,pending,第二批国家级旅游休闲街区,https://www.mct.gov.cn/tourism/#/list,API目录ID-50/2026-09-04,,,尚未映射到可回跳的知识库景点卡,,,1,CN-POOL-20260904-r0,MCT内容ID=56961；来源文件=content_50.json
CN-P-002444,0d4134e71ebb759412b896504101fefca437736b58c7a5b9aac6f4cbb1129cfd,大唐不夜城步行街,,陕西省,,,非A,旅游休闲街区,unknown,pending,第二批国家级旅游休闲街区,https://www.mct.gov.cn/tourism/#/list,API目录ID-50/2026-09-04,,,尚未映射到可回跳的知识库景点卡,,,1,CN-POOL-20260904-r0,MCT内容ID=56962；来源文件=content_50.json
CN-P-002445,ea9aac261dd5ccaceb188ee0e157ea5c8a5e9ca0a683b3ee4e2b69ee8dc0e513,榆林夫子庙文化旅游步行街,,陕西省,,,非A,旅游休闲街区,unknown,pending,第二批国家级旅游休闲街区,https://www.mct.gov.cn/tourism/#/list,API目录ID-50/2026-09-04,,,尚未映射到可回跳的知识库景点卡,,,1,CN-POOL-20260904-r0,MCT内容ID=56963；来源文件=content_50.json
CN-P-002446,80f7b4bbf92c1830f0629ce94d7ebd8f9207dc26640550781ea5ad7e00c2c7eb,河口古镇旅游休闲街区,,甘肃省,,,非A,旅游休闲街区,unknown,pending,第二批国家级旅游休闲街区,https://www.mct.gov.cn/tourism/#/list,API目录ID-50/2026-09-04,,,尚未映射到可回跳的知识库景点卡,,,1,CN-POOL-20260904-r0,MCT内容ID=56964；来源文件=content_50.json
CN-P-002447,a6a40544bac84073bcf6ebf22a7e4769d5fcaa20c337c3e32a01f8c343137d50,平安驿·河湟民俗文化体验街,,青海省,,,非A,旅游休闲街区,unknown,pending,第二批国家级旅游休闲街区,https://www.mct.gov.cn/tourism/#/list,API目录ID-50/2026-09-04,,,尚未映射到可回跳的知识库景点卡,,,1,CN-POOL-20260904-r0,MCT内容ID=56965；来源文件=content_50.json
CN-P-002448,56cdbde6b776e802a0ea7e08be00b89f9d24b0f6a37a14dc2efd41a9513fce11,光耀旅游休闲街区,,宁夏回族自治区,,,非A,旅游休闲街区,unknown,pending,第二批国家级旅游休闲街区,https://www.mct.gov.cn/tourism/#/list,API目录ID-50/2026-09-04,,,尚未映射到可回跳的知识库景点卡,,,1,CN-POOL-20260904-r0,MCT内容ID=56966；来源文件=content_50.json
CN-P-002449,2e1f6062e7e7f5ce6f79614274cb438713bde9da1e4b494ad8d22ee205004e2c,喀什古城印象一条街-九龙泉特色商业街区,,新疆维吾尔自治区,,,非A,旅游休闲街区,unknown,pending,第二批国家级旅游休闲街区,https://www.mct.gov.cn/tourism/#/list,API目录ID-50/2026-09-04,,,尚未映射到可回跳的知识库景点卡,,,1,CN-POOL-20260904-r0,MCT内容ID=56967；来源文件=content_50.json
CN-P-002450,b81a96577f3f8ca2dfa02797aedbd644b65e350de1f82defd2e4a80ebc172c5f,团城旅游休闲街区,,新疆维吾尔自治区,,,非A,旅游休闲街区,unknown,pending,第二批国家级旅游休闲街区,https://www.mct.gov.cn/tourism/#/list,API目录ID-50/2026-09-04,,,尚未映射到可回跳的知识库景点卡,,,1,CN-POOL-20260904-r0,MCT内容ID=56968；来源文件=content_50.json
CN-P-002451,254086afff130bc5d96143f5fd6628d1853d732cb3e1cfc14d3f40c7a6568789,新天润美食天街,,新疆生产建设兵团,,,非A,旅游休闲街区,unknown,pending,第二批国家级旅游休闲街区,https://www.mct.gov.cn/tourism/#/list,API目录ID-50/2026-09-04,,,尚未映射到可回跳的知识库景点卡,,,1,CN-POOL-20260904-r0,MCT内容ID=56969；来源文件=content_50.json
CN-P-002452,2980c1d3a572c96ab431d80da1c26375406f94b927c46395c79a05e8d2abc484,乐多港假日广场旅游休闲街区,,北京市,,,非A,旅游休闲街区,unknown,pending,第三批国家级旅游休闲街区,https://www.mct.gov.cn/tourism/#/list,API目录ID-60/2026-09-04,,,尚未映射到可回跳的知识库景点卡,,,1,CN-POOL-20260904-r0,MCT内容ID=58358；来源文件=content_60.json
CN-P-002453,79aeef74e8ac074d95d88779dcc0bb1a62d1cfe478d0bb66ee5608c804a9f887,渔阳古街,,天津市,,,非A,旅游休闲街区,unknown,pending,第三批国家级旅游休闲街区,https://www.mct.gov.cn/tourism/#/list,API目录ID-60/2026-09-04,,,尚未映射到可回跳的知识库景点卡,,,1,CN-POOL-20260904-r0,MCT内容ID=58359；来源文件=content_60.json
CN-P-002454,a60374950bda3bf483ed03ea7f120a298aeb7bb6d717ce1ff2e53ea2094caf09,河头老街文化街区,,河北省,,,非A,旅游休闲街区,unknown,pending,第三批国家级旅游休闲街区,https://www.mct.gov.cn/tourism/#/list,API目录ID-60/2026-09-04,,,尚未映射到可回跳的知识库景点卡,,,1,CN-POOL-20260904-r0,MCT内容ID=58360；来源文件=content_60.json
CN-P-002455,310855533458a90d30d71e3f6419b708fceae54977cd65fdda1855e5d44f0069,鼎盛·元宝街,,河北省,,,非A,旅游休闲街区,unknown,pending,第三批国家级旅游休闲街区,https://www.mct.gov.cn/tourism/#/list,API目录ID-60/2026-09-04,,,尚未映射到可回跳的知识库景点卡,,,1,CN-POOL-20260904-r0,MCT内容ID=58361；来源文件=content_60.json
CN-P-002456,915496ec8a3863958e839716e0ee4b049d6745b0e1259f4c1a24ba2978f813a3,太原古县城十字街,,山西省,,,非A,旅游休闲街区,unknown,pending,第三批国家级旅游休闲街区,https://www.mct.gov.cn/tourism/#/list,API目录ID-60/2026-09-04,,,尚未映射到可回跳的知识库景点卡,,,1,CN-POOL-20260904-r0,MCT内容ID=58362；来源文件=content_60.json
CN-P-002457,2f6ede8a9659290529ec1c54fea246b83e5d13695653a8fbdd38bf15e84c6c97,又见平遥文化产业园区印象新街,,山西省,,,非A,旅游休闲街区,unknown,pending,第三批国家级旅游休闲街区,https://www.mct.gov.cn/tourism/#/list,API目录ID-60/2026-09-04,,,尚未映射到可回跳的知识库景点卡,,,1,CN-POOL-20260904-r0,MCT内容ID=58363；来源文件=content_60.json
CN-P-002458,7004661b73234c88903b7c92b300ef0ee4fc884fa52159c35043dcfc1f01477e,恼包旅游休闲街区,,内蒙古自治区,,,非A,旅游休闲街区,unknown,pending,第三批国家级旅游休闲街区,https://www.mct.gov.cn/tourism/#/list,API目录ID-60/2026-09-04,,,尚未映射到可回跳的知识库景点卡,,,1,CN-POOL-20260904-r0,MCT内容ID=58364；来源文件=content_60.json
CN-P-002459,b42ea66d3d92b6bd64acb6db872141fe6c18c9fe8ebd7870a706fd448a8612b3,呼伦贝尔古城旅游休闲街区,,内蒙古自治区,,,非A,旅游休闲街区,unknown,pending,第三批国家级旅游休闲街区,https://www.mct.gov.cn/tourism/#/list,API目录ID-60/2026-09-04,,,尚未映射到可回跳的知识库景点卡,,,1,CN-POOL-20260904-r0,MCT内容ID=58365；来源文件=content_60.json
CN-P-002460,be5d3cb8f96d9cec787f50e657280c8465bae84d79ce340e543c30f0ddedf913,红梅文创园旅游休闲街区,,辽宁省,,,非A,旅游休闲街区,unknown,pending,第三批国家级旅游休闲街区,https://www.mct.gov.cn/tourism/#/list,API目录ID-60/2026-09-04,,,尚未映射到可回跳的知识库景点卡,,,1,CN-POOL-20260904-r0,MCT内容ID=58366；来源文件=content_60.json
CN-P-002461,70ba58efd798b432e4494b7411e072e56fc528f60df38d9197d7c8c4adc8d2c4,红旗街旅游休闲街区,,吉林省,,,非A,旅游休闲街区,unknown,pending,第三批国家级旅游休闲街区,https://www.mct.gov.cn/tourism/#/list,API目录ID-60/2026-09-04,,,尚未映射到可回跳的知识库景点卡,,,1,CN-POOL-20260904-r0,MCT内容ID=58367；来源文件=content_60.json
CN-P-002462,f195bcf2ee8f06e683cb79868adc78ebfcc9a5ed909e269a637188469b057e28,中华巴洛克历史文化街区,,黑龙江省,,,非A,旅游休闲街区,unknown,pending,第三批国家级旅游休闲街区,https://www.mct.gov.cn/tourism/#/list,API目录ID-60/2026-09-04,,,尚未映射到可回跳的知识库景点卡,,,1,CN-POOL-20260904-r0,MCT内容ID=58368；来源文件=content_60.json
CN-P-002463,096d9b5660d5818d9887bd5e90cc40bd1890b20e21be5ccf8f5cea9a979e5fcd,新天地石库门街区,,上海市,,,非A,旅游休闲街区,unknown,pending,第三批国家级旅游休闲街区,https://www.mct.gov.cn/tourism/#/list,API目录ID-60/2026-09-04,,,尚未映射到可回跳的知识库景点卡,,,1,CN-POOL-20260904-r0,MCT内容ID=58369；来源文件=content_60.json
CN-P-002464,ce7a9cc94c4a8bf23edc5d640d4c19f6253fa7beec911e6f62bf8a32b6eba21a,静安嘉里中心—安义路街区,,上海市,,,非A,旅游休闲街区,unknown,pending,第三批国家级旅游休闲街区,https://www.mct.gov.cn/tourism/#/list,API目录ID-60/2026-09-04,,,尚未映射到可回跳的知识库景点卡,,,1,CN-POOL-20260904-r0,MCT内容ID=58370；来源文件=content_60.json
CN-P-002465,59d86b8a43de9714f3714ded608d5e400a39c1d2bae18d3274e8aba93270add0,户部山—回龙窝街区,,江苏省,,,非A,旅游休闲街区,unknown,pending,第三批国家级旅游休闲街区,https://www.mct.gov.cn/tourism/#/list,API目录ID-60/2026-09-04,,,尚未映射到可回跳的知识库景点卡,,,1,CN-POOL-20260904-r0,MCT内容ID=58371；来源文件=content_60.json
CN-P-002466,b35ca5da05ca23f9c6c6a9475e29dfecf7fcec3ab6d98485903570323a038902,三堡街旅游休闲街区,,江苏省,,,非A,旅游休闲街区,unknown,pending,第三批国家级旅游休闲街区,https://www.mct.gov.cn/tourism/#/list,API目录ID-60/2026-09-04,,,尚未映射到可回跳的知识库景点卡,,,1,CN-POOL-20260904-r0,MCT内容ID=58372；来源文件=content_60.json
CN-P-002467,1a703ea1986ab5eec96a8cd725a12c7b446c0442520ba6dd00553c740ad540ac,运河·盂城驿街区,,江苏省,,,非A,旅游休闲街区,unknown,pending,第三批国家级旅游休闲街区,https://www.mct.gov.cn/tourism/#/list,API目录ID-60/2026-09-04,,,尚未映射到可回跳的知识库景点卡,,,1,CN-POOL-20260904-r0,MCT内容ID=58373；来源文件=content_60.json
CN-P-002468,3b48149e09aba03b0a976225d47b65d5a195ec50e6b376f49639dfe43d939415,运河·塘栖古镇历史风情街区,,浙江省,,,非A,旅游休闲街区,unknown,pending,第三批国家级旅游休闲街区,https://www.mct.gov.cn/tourism/#/list,API目录ID-60/2026-09-04,,,尚未映射到可回跳的知识库景点卡,,,1,CN-POOL-20260904-r0,MCT内容ID=58374；来源文件=content_60.json
CN-P-002469,2765c5cce0c6c9b6cecefee8ed81e56ac98188895842b28d984a09fae28b1e8e,南塘河历史文化街区,,浙江省,,,非A,旅游休闲街区,unknown,pending,第三批国家级旅游休闲街区,https://www.mct.gov.cn/tourism/#/list,API目录ID-60/2026-09-04,,,尚未映射到可回跳的知识库景点卡,,,1,CN-POOL-20260904-r0,MCT内容ID=58375；来源文件=content_60.json
CN-P-002470,c11d8883f30887e4919a0a7d887729e978a25500993dcae7dc9306348668e7f0,婺州古城历史文化街区,,浙江省,,,非A,旅游休闲街区,unknown,pending,第三批国家级旅游休闲街区,https://www.mct.gov.cn/tourism/#/list,API目录ID-60/2026-09-04,,,尚未映射到可回跳的知识库景点卡,,,1,CN-POOL-20260904-r0,MCT内容ID=58376；来源文件=content_60.json
CN-P-002471,077d8792ec836070d40da43d1368fd9c1d2b5542ec2c6c3b07ca79f947ee822a,隋唐运河古镇旅游休闲街区,,安徽省,,,非A,旅游休闲街区,unknown,pending,第三批国家级旅游休闲街区,https://www.mct.gov.cn/tourism/#/list,API目录ID-60/2026-09-04,,,尚未映射到可回跳的知识库景点卡,,,1,CN-POOL-20260904-r0,MCT内容ID=58377；来源文件=content_60.json
CN-P-002472,af6059d78b2fd457129235327792c89c5a611095a08c0b6741f129c0a028f815,安庆古城·倒扒狮历史文化街区,,安徽省,,,非A,旅游休闲街区,unknown,pending,第三批国家级旅游休闲街区,https://www.mct.gov.cn/tourism/#/list,API目录ID-60/2026-09-04,,,尚未映射到可回跳的知识库景点卡,,,1,CN-POOL-20260904-r0,MCT内容ID=58378；来源文件=content_60.json
CN-P-002473,3fee252d770564248a150624b63ececb070fe3a2cfadf4bb5a580c090300ae76,店头街历史文化街区,,福建省,,,非A,旅游休闲街区,unknown,pending,第三批国家级旅游休闲街区,https://www.mct.gov.cn/tourism/#/list,API目录ID-60/2026-09-04,,,尚未映射到可回跳的知识库景点卡,,,1,CN-POOL-20260904-r0,MCT内容ID=58379；来源文件=content_60.json
CN-P-002474,7c7de9a0f81ca08f943506e1e9e3ee9e4f9a034262e3e3b06a66fdf2da936603,尚书街旅游休闲街区,,福建省,,,非A,旅游休闲街区,unknown,pending,第三批国家级旅游休闲街区,https://www.mct.gov.cn/tourism/#/list,API目录ID-60/2026-09-04,,,尚未映射到可回跳的知识库景点卡,,,1,CN-POOL-20260904-r0,MCT内容ID=58380；来源文件=content_60.json
CN-P-002475,6fdda53d2a982ce1b9a2173d3773a7b9a51a1ab0585c4866c8475fd32517f067,郁孤台旅游休闲街区,,江西省,,,非A,旅游休闲街区,unknown,pending,第三批国家级旅游休闲街区,https://www.mct.gov.cn/tourism/#/list,API目录ID-60/2026-09-04,,,尚未映射到可回跳的知识库景点卡,,,1,CN-POOL-20260904-r0,MCT内容ID=58381；来源文件=content_60.json
CN-P-002476,f2823506ce3091ee75155ffcf6457b3b36a7fb15cf48971196b25530dc14cf11,文昌里旅游休闲街区,,江西省,,,非A,旅游休闲街区,unknown,pending,第三批国家级旅游休闲街区,https://www.mct.gov.cn/tourism/#/list,API目录ID-60/2026-09-04,,,尚未映射到可回跳的知识库景点卡,,,1,CN-POOL-20260904-r0,MCT内容ID=58382；来源文件=content_60.json
CN-P-002477,6ad23e5d6a5d9d520ccca94165d7868099220465205989635b0494267eb0c9d4,印象济南·泉世界文化旅游休闲街区,,山东省,,,非A,旅游休闲街区,unknown,pending,第三批国家级旅游休闲街区,https://www.mct.gov.cn/tourism/#/list,API目录ID-60/2026-09-04,,,尚未映射到可回跳的知识库景点卡,,,1,CN-POOL-20260904-r0,MCT内容ID=58383；来源文件=content_60.json
CN-P-002478,a16ae1740eb549aedcadb3c027addff152a976c0016ac159f9693703ef028be6,大鲍岛文化旅游休闲街区,,山东省,,,非A,旅游休闲街区,unknown,pending,第三批国家级旅游休闲街区,https://www.mct.gov.cn/tourism/#/list,API目录ID-60/2026-09-04,,,尚未映射到可回跳的知识库景点卡,,,1,CN-POOL-20260904-r0,MCT内容ID=58384；来源文件=content_60.json
CN-P-002479,12c487627f44b81c96cdbe605196eebf58016a79a70deb03bde86e2d58924ce1,鼓楼特色文化旅游休闲街区,,河南省,,,非A,旅游休闲街区,unknown,pending,第三批国家级旅游休闲街区,https://www.mct.gov.cn/tourism/#/list,API目录ID-60/2026-09-04,,,尚未映射到可回跳的知识库景点卡,,,1,CN-POOL-20260904-r0,MCT内容ID=58385；来源文件=content_60.json
CN-P-002480,cf49dcce972e31433345bd1a9724d5a2d8d4169fbc94761f86ac084d203bea4a,广州市场步行街,,河南省,,,非A,旅游休闲街区,unknown,pending,第三批国家级旅游休闲街区,https://www.mct.gov.cn/tourism/#/list,API目录ID-60/2026-09-04,,,尚未映射到可回跳的知识库景点卡,,,1,CN-POOL-20260904-r0,MCT内容ID=58386；来源文件=content_60.json
CN-P-002481,7246d83225e7a6cc15dae10f7e0d28587ce6f718113364e4ad0b14a663782df1,昙华林历史文化街区,,湖北省,,,非A,旅游休闲街区,unknown,covered,第三批国家级旅游休闲街区,https://www.mct.gov.cn/tourism/#/list,API目录ID-60/2026-09-04,知识库数据/02-景点库-武汉.md,A227,,,,1,CN-POOL-20260904-r0,MCT内容ID=58387；来源文件=content_60.json
CN-P-002482,205d8add4e4745f481bf5d4f9798e0b44e5c966ae1d6d90f9ee0cec5c951df6d,仙山贡水兴隆老街,,湖北省,,,非A,旅游休闲街区,unknown,pending,第三批国家级旅游休闲街区,https://www.mct.gov.cn/tourism/#/list,API目录ID-60/2026-09-04,,,尚未映射到可回跳的知识库景点卡,,,1,CN-POOL-20260904-r0,MCT内容ID=58388；来源文件=content_60.json
CN-P-002483,5fdf456816e474daf0fdb9fe82853fd060f741aaa3399eb8266de4cad34200a4,潮宗街,,湖南省,,,非A,旅游休闲街区,unknown,pending,第三批国家级旅游休闲街区,https://www.mct.gov.cn/tourism/#/list,API目录ID-60/2026-09-04,,,尚未映射到可回跳的知识库景点卡,,,1,CN-POOL-20260904-r0,MCT内容ID=58389；来源文件=content_60.json
CN-P-002484,e87449548138ae221511f911349421a8462404b8d2373b739050c026c67e7087,洞庭南路历史文化街区,,湖南省,,,非A,旅游休闲街区,unknown,pending,第三批国家级旅游休闲街区,https://www.mct.gov.cn/tourism/#/list,API目录ID-60/2026-09-04,,,尚未映射到可回跳的知识库景点卡,,,1,CN-POOL-20260904-r0,MCT内容ID=58390；来源文件=content_60.json
CN-P-002485,ccb24a9a3b709b61c0099e6361c8c9c1e8beb5e7ae5d45ae4e5f29392ead05c1,南头古城旅游休闲街区,,广东省,,,非A,旅游休闲街区,unknown,pending,第三批国家级旅游休闲街区,https://www.mct.gov.cn/tourism/#/list,API目录ID-60/2026-09-04,,,尚未映射到可回跳的知识库景点卡,,,1,CN-POOL-20260904-r0,MCT内容ID=58391；来源文件=content_60.json
CN-P-002486,ebc84de271285357073b46c7461d3da2d127077b0768fe6501d86761ff4993d8,南风古灶旅游休闲街区,,广东省,,,非A,旅游休闲街区,unknown,pending,第三批国家级旅游休闲街区,https://www.mct.gov.cn/tourism/#/list,API目录ID-60/2026-09-04,,,尚未映射到可回跳的知识库景点卡,,,1,CN-POOL-20260904-r0,MCT内容ID=58392；来源文件=content_60.json
CN-P-002487,61c497a9e35b8ab5a3b4019065e27c178ce01a837fb3eea006c967f5b4f40676,窑埠古镇街区,,广西壮族自治区,,,非A,旅游休闲街区,unknown,pending,第三批国家级旅游休闲街区,https://www.mct.gov.cn/tourism/#/list,API目录ID-60/2026-09-04,,,尚未映射到可回跳的知识库景点卡,,,1,CN-POOL-20260904-r0,MCT内容ID=58393；来源文件=content_60.json
CN-P-002488,7c216d4027d9e4596cbd164e5ab60fd760c947dfefd8c8d59129962d5f498d6e,环海艺术美食街区,,海南省,,,非A,旅游休闲街区,unknown,pending,第三批国家级旅游休闲街区,https://www.mct.gov.cn/tourism/#/list,API目录ID-60/2026-09-04,,,尚未映射到可回跳的知识库景点卡,,,1,CN-POOL-20260904-r0,MCT内容ID=58394；来源文件=content_60.json
CN-P-002489,e8b1efd22b9a8eaf5e5ddd6630a960611a981c7b317fd9b846a9ba3b2d52f358,观音桥商圈旅游休闲街区,,重庆市,,,非A,旅游休闲街区,unknown,pending,第三批国家级旅游休闲街区,https://www.mct.gov.cn/tourism/#/list,API目录ID-60/2026-09-04,,,尚未映射到可回跳的知识库景点卡,,,1,CN-POOL-20260904-r0,MCT内容ID=58395；来源文件=content_60.json
CN-P-002490,971098a470ecc2a08143630bc3cc24576882fe696eb63e7a960f997322565e45,杨家坪步行街旅游休闲街区,,重庆市,,,非A,旅游休闲街区,unknown,pending,第三批国家级旅游休闲街区,https://www.mct.gov.cn/tourism/#/list,API目录ID-60/2026-09-04,,,尚未映射到可回跳的知识库景点卡,,,1,CN-POOL-20260904-r0,MCT内容ID=58396；来源文件=content_60.json
CN-P-002491,ac13de7a97606dc3f1c2692a2c537cc5992f94c644fff070e4f870e6cacacb0f,南川东街,,重庆市,,,非A,旅游休闲街区,unknown,pending,第三批国家级旅游休闲街区,https://www.mct.gov.cn/tourism/#/list,API目录ID-60/2026-09-04,,,尚未映射到可回跳的知识库景点卡,,,1,CN-POOL-20260904-r0,MCT内容ID=58397；来源文件=content_60.json
CN-P-002492,a0e4ca3278ec46eb586ec236d35fb75f6699e468ff32bc744f2a1fef3d20ebd7,望平坊旅游休闲街区,,四川省,,,非A,旅游休闲街区,unknown,pending,第三批国家级旅游休闲街区,https://www.mct.gov.cn/tourism/#/list,API目录ID-60/2026-09-04,,,尚未映射到可回跳的知识库景点卡,,,1,CN-POOL-20260904-r0,MCT内容ID=58398；来源文件=content_60.json
CN-P-002493,420fd293a9f9b3d0fb7fe916244bbf2447ba863919c8f6c19dfb89e29cd70049,青岩古镇南北明清街旅游休闲街区,,贵州省,,,非A,旅游休闲街区,unknown,pending,第三批国家级旅游休闲街区,https://www.mct.gov.cn/tourism/#/list,API目录ID-60/2026-09-04,,,尚未映射到可回跳的知识库景点卡,,,1,CN-POOL-20260904-r0,MCT内容ID=58399；来源文件=content_60.json
CN-P-002494,1dce07df1c8ad6a286c25327246786500128abd26561c56745626cc342f1a897,荔波古镇旅游休闲街区,,贵州省,,,非A,旅游休闲街区,unknown,pending,第三批国家级旅游休闲街区,https://www.mct.gov.cn/tourism/#/list,API目录ID-60/2026-09-04,,,尚未映射到可回跳的知识库景点卡,,,1,CN-POOL-20260904-r0,MCT内容ID=58400；来源文件=content_60.json
CN-P-002495,65f8c27448945d8a43f68a5498b33d0c667b6070b909ba9e0067cda53c3bb5ef,湄公河星光夜市旅游休闲街区,,云南省,,,非A,旅游休闲街区,unknown,pending,第三批国家级旅游休闲街区,https://www.mct.gov.cn/tourism/#/list,API目录ID-60/2026-09-04,,,尚未映射到可回跳的知识库景点卡,,,1,CN-POOL-20260904-r0,MCT内容ID=58401；来源文件=content_60.json
CN-P-002496,a391e85b04c13c8aad5bef1b339c76cbf5dfc869500771845625a726a5722768,南诏古街,,云南省,,,非A,旅游休闲街区,unknown,pending,第三批国家级旅游休闲街区,https://www.mct.gov.cn/tourism/#/list,API目录ID-60/2026-09-04,,,尚未映射到可回跳的知识库景点卡,,,1,CN-POOL-20260904-r0,MCT内容ID=58402；来源文件=content_60.json
CN-P-002497,f82c51ee178b9cd9ee3b77a4bcfa36079d7ac2a02fcbb3b926a1dd4bed890189,八廓街,,西藏自治区,,,非A,旅游休闲街区,unknown,covered,第三批国家级旅游休闲街区,https://www.mct.gov.cn/tourism/#/list,API目录ID-60/2026-09-04,知识库数据/02-景点库-拉萨.md,A063,,,,1,CN-POOL-20260904-r0,MCT内容ID=58403；来源文件=content_60.json
CN-P-002498,6a8667f7c2bcb1fad0ba874371b9e65e22b6dd0c8b5d23749507f2d7c50fe664,留坝厅老街,,陕西省,,,非A,旅游休闲街区,unknown,pending,第三批国家级旅游休闲街区,https://www.mct.gov.cn/tourism/#/list,API目录ID-60/2026-09-04,,,尚未映射到可回跳的知识库景点卡,,,1,CN-POOL-20260904-r0,MCT内容ID=58404；来源文件=content_60.json
CN-P-002499,a746bff2ff305578cf984e84f70be26dc147e8230d4788a1f94570d6868e6123,古今里旅游休闲街区,,甘肃省,,,非A,旅游休闲街区,unknown,pending,第三批国家级旅游休闲街区,https://www.mct.gov.cn/tourism/#/list,API目录ID-60/2026-09-04,,,尚未映射到可回跳的知识库景点卡,,,1,CN-POOL-20260904-r0,MCT内容ID=58405；来源文件=content_60.json
CN-P-002500,73661832e8225944d41427c441f1c568fdb55d9b4a800fd006e2cedc835b9b86,旱码头·1960旅游休闲街区,,青海省,,,非A,旅游休闲街区,unknown,pending,第三批国家级旅游休闲街区,https://www.mct.gov.cn/tourism/#/list,API目录ID-60/2026-09-04,,,尚未映射到可回跳的知识库景点卡,,,1,CN-POOL-20260904-r0,MCT内容ID=58406；来源文件=content_60.json
CN-P-002501,2b9a72d7c33495f0c4a0be54b20af2bde57500a337d6723f23985ae5cebf18b5,向阳街旅游休闲街区,,宁夏回族自治区,,,非A,旅游休闲街区,unknown,pending,第三批国家级旅游休闲街区,https://www.mct.gov.cn/tourism/#/list,API目录ID-60/2026-09-04,,,尚未映射到可回跳的知识库景点卡,,,1,CN-POOL-20260904-r0,MCT内容ID=58407；来源文件=content_60.json
CN-P-002502,aab27e24295002c484ea6597e67a0bb7cea9228ca4e4e17abaf4ec4f1278880c,离街民俗风情步行街,,新疆维吾尔自治区,,,非A,旅游休闲街区,unknown,pending,第三批国家级旅游休闲街区,https://www.mct.gov.cn/tourism/#/list,API目录ID-60/2026-09-04,,,尚未映射到可回跳的知识库景点卡,,,1,CN-POOL-20260904-r0,MCT内容ID=58408；来源文件=content_60.json
CN-P-002503,1ddd5bd9c7b2e7b806739a6b3e524fdbc8b9d452969d6e57e93fb2be3772d4de,五百里风情街,,新疆维吾尔自治区,,,非A,旅游休闲街区,unknown,pending,第三批国家级旅游休闲街区,https://www.mct.gov.cn/tourism/#/list,API目录ID-60/2026-09-04,,,尚未映射到可回跳的知识库景点卡,,,1,CN-POOL-20260904-r0,MCT内容ID=58409；来源文件=content_60.json
CN-P-002504,a7d2907fcfadacc766320fa3e1ad997b2f3dfcace02313bc5a4e5c152c069a43,草原之夜文化旅游休闲街区,,新疆生产建设兵团,,,非A,旅游休闲街区,unknown,pending,第三批国家级旅游休闲街区,https://www.mct.gov.cn/tourism/#/list,API目录ID-60/2026-09-04,,,尚未映射到可回跳的知识库景点卡,,,1,CN-POOL-20260904-r0,MCT内容ID=58410；来源文件=content_60.json
CN-P-002505,d9b104bb013542349f4fc69e45fc1526923384591b9c5f88b58260c3c10e6b0d,王府井商业街区,,北京市,,,非A,旅游休闲街区,unknown,pending,第四批国家级旅游休闲街区,https://www.mct.gov.cn/tourism/#/list,API目录ID-61/2026-09-04,,,尚未映射到可回跳的知识库景点卡,,,1,CN-POOL-20260904-r0,MCT内容ID=98111；来源文件=content_61.json
CN-P-002506,31f9880ad143c352f7486eb480458720195a3adb144ced9ffb5361db30715af2,模式口历史文化街区,,北京市,,,非A,旅游休闲街区,unknown,pending,第四批国家级旅游休闲街区,https://www.mct.gov.cn/tourism/#/list,API目录ID-61/2026-09-04,,,尚未映射到可回跳的知识库景点卡,,,1,CN-POOL-20260904-r0,MCT内容ID=98112；来源文件=content_61.json
CN-P-002507,5cf91afe4cf78afaa53e21bc23101ac803775e2cf9e1fc34a36545db82063339,新华区湾里庙步行街,,河北省,,,非A,旅游休闲街区,unknown,pending,第四批国家级旅游休闲街区,https://www.mct.gov.cn/tourism/#/list,API目录ID-61/2026-09-04,,,尚未映射到可回跳的知识库景点卡,,,1,CN-POOL-20260904-r0,MCT内容ID=98113；来源文件=content_61.json
CN-P-002508,1fd2f53e9d54c71706bdba319cff8407f4358c5dacf0eaf9dc22b0ddeb6887d1,莲池区西大街,,河北省,,,非A,旅游休闲街区,unknown,pending,第四批国家级旅游休闲街区,https://www.mct.gov.cn/tourism/#/list,API目录ID-61/2026-09-04,,,尚未映射到可回跳的知识库景点卡,,,1,CN-POOL-20260904-r0,MCT内容ID=98114；来源文件=content_61.json
CN-P-002509,074a42d048683b20f5c8921874d777a8e1f8e3403d42a4212541e1497f092907,阿拉善左旗定远营古城旅游休闲街区,,内蒙古自治区,,,非A,旅游休闲街区,unknown,pending,第四批国家级旅游休闲街区,https://www.mct.gov.cn/tourism/#/list,API目录ID-61/2026-09-04,,,尚未映射到可回跳的知识库景点卡,,,1,CN-POOL-20260904-r0,MCT内容ID=98115；来源文件=content_61.json
CN-P-002510,fe905f7278ce5b22a3280f1af167668badc2b78292716c5811d1eda91155a9dd,振兴区安东老街,,辽宁省,,,非A,旅游休闲街区,unknown,pending,第四批国家级旅游休闲街区,https://www.mct.gov.cn/tourism/#/list,API目录ID-61/2026-09-04,,,尚未映射到可回跳的知识库景点卡,,,1,CN-POOL-20260904-r0,MCT内容ID=98116；来源文件=content_61.json
CN-P-002511,4a7a722c0b578a8ecd9c6bd9c781a212be4f1decddeeb4a615aa961dd1d3445b,仁兴里沉浸式文旅街区,,吉林省,,,非A,旅游休闲街区,unknown,pending,第四批国家级旅游休闲街区,https://www.mct.gov.cn/tourism/#/list,API目录ID-61/2026-09-04,,,尚未映射到可回跳的知识库景点卡,,,1,CN-POOL-20260904-r0,MCT内容ID=98117；来源文件=content_61.json
CN-P-002512,e3f5bfc19be327af30081bc66ce0c0ce2a079fd66c753715cc812ba860b0b5c0,油坊胡同美食步行街,,黑龙江省,,,非A,旅游休闲街区,unknown,pending,第四批国家级旅游休闲街区,https://www.mct.gov.cn/tourism/#/list,API目录ID-61/2026-09-04,,,尚未映射到可回跳的知识库景点卡,,,1,CN-POOL-20260904-r0,MCT内容ID=98118；来源文件=content_61.json
CN-P-002513,9ff6b298154a2a5e46385d4c6f52cb61d895dfb2f8c4bb8ac02387ef85bb87fe,衡复音乐街区,,上海市,,,非A,旅游休闲街区,unknown,pending,第四批国家级旅游休闲街区,https://www.mct.gov.cn/tourism/#/list,API目录ID-61/2026-09-04,,,尚未映射到可回跳的知识库景点卡,,,1,CN-POOL-20260904-r0,MCT内容ID=98119；来源文件=content_61.json
CN-P-002514,c24f9b7f066adaba33b67eab362cd947be85d34a1db79d5d62e1554439f94893,蟠龙天地街区,,上海市,,,非A,旅游休闲街区,unknown,pending,第四批国家级旅游休闲街区,https://www.mct.gov.cn/tourism/#/list,API目录ID-61/2026-09-04,,,尚未映射到可回跳的知识库景点卡,,,1,CN-POOL-20260904-r0,MCT内容ID=98120；来源文件=content_61.json
CN-P-002515,3d81d1984cc469fb2cb3d0a8e8ff4da9faa50a9309b6212c459eb5a0f5c3bd17,御码头运河文化美食休闲街区,,江苏省,,,非A,旅游休闲街区,unknown,pending,第四批国家级旅游休闲街区,https://www.mct.gov.cn/tourism/#/list,API目录ID-61/2026-09-04,,,尚未映射到可回跳的知识库景点卡,,,1,CN-POOL-20260904-r0,MCT内容ID=98121；来源文件=content_61.json
CN-P-002516,1c1e4e7a6fefdfb1d784ee82ffe90219c012441541f9a850cbb8f186b9e45a54,西津渡历史文化街区,,江苏省,,,非A,旅游休闲街区,unknown,pending,第四批国家级旅游休闲街区,https://www.mct.gov.cn/tourism/#/list,API目录ID-61/2026-09-04,,,尚未映射到可回跳的知识库景点卡,,,1,CN-POOL-20260904-r0,MCT内容ID=98122；来源文件=content_61.json
CN-P-002517,782d5006391b9fe9836e1e7fb4901df4e3e98d5d605081c1ddb15045effb2634,紫阳街,,浙江省,,,非A,旅游休闲街区,unknown,pending,第四批国家级旅游休闲街区,https://www.mct.gov.cn/tourism/#/list,API目录ID-61/2026-09-04,,,尚未映射到可回跳的知识库景点卡,,,1,CN-POOL-20260904-r0,MCT内容ID=98123；来源文件=content_61.json
CN-P-002518,cc4cbe05286baab2d85560e22c35d21917846b855f15cd5abc49a78c5a541661,长江不夜城旅游休闲街区,,安徽省,,,非A,旅游休闲街区,unknown,pending,第四批国家级旅游休闲街区,https://www.mct.gov.cn/tourism/#/list,API目录ID-61/2026-09-04,,,尚未映射到可回跳的知识库景点卡,,,1,CN-POOL-20260904-r0,MCT内容ID=98124；来源文件=content_61.json
CN-P-002519,18e4d21633e98a4608deb4ff1632e7a15853ef71fa1b98d16b8fd4c4d8f01c05,兴化府历史文化街区,,福建省,,,非A,旅游休闲街区,unknown,pending,第四批国家级旅游休闲街区,https://www.mct.gov.cn/tourism/#/list,API目录ID-61/2026-09-04,,,尚未映射到可回跳的知识库景点卡,,,1,CN-POOL-20260904-r0,MCT内容ID=98125；来源文件=content_61.json
CN-P-002520,96869bd390cbefa33f4e7bb2667de3651f3fad590340099b1b2fb4548fa0d816,明清古城老街,,江西省,,,非A,旅游休闲街区,unknown,pending,第四批国家级旅游休闲街区,https://www.mct.gov.cn/tourism/#/list,API目录ID-61/2026-09-04,,,尚未映射到可回跳的知识库景点卡,,,1,CN-POOL-20260904-r0,MCT内容ID=98126；来源文件=content_61.json
CN-P-002521,8b35e57fa148495056edffe4f15e81b06b8faa876c3d478e74ad4b43b7a10928,金龙岗青年艺术街区,,江西省,,,非A,旅游休闲街区,unknown,pending,第四批国家级旅游休闲街区,https://www.mct.gov.cn/tourism/#/list,API目录ID-61/2026-09-04,,,尚未映射到可回跳的知识库景点卡,,,1,CN-POOL-20260904-r0,MCT内容ID=98127；来源文件=content_61.json
CN-P-002522,eb8381a826f07119f38bf575b850fa76483dd10b956a662238ba6aaa0e87c6f2,台东旅游休闲街区,,山东省,,,非A,旅游休闲街区,unknown,pending,第四批国家级旅游休闲街区,https://www.mct.gov.cn/tourism/#/list,API目录ID-61/2026-09-04,,,尚未映射到可回跳的知识库景点卡,,,1,CN-POOL-20260904-r0,MCT内容ID=98128；来源文件=content_61.json
CN-P-002523,ae1a29d964b35531e272637fb5997c2287c024b5b11f5082fa7582a8a62a6db9,灯火兰山·新琅琊旅游休闲街区,,山东省,,,非A,旅游休闲街区,unknown,pending,第四批国家级旅游休闲街区,https://www.mct.gov.cn/tourism/#/list,API目录ID-61/2026-09-04,,,尚未映射到可回跳的知识库景点卡,,,1,CN-POOL-20260904-r0,MCT内容ID=98129；来源文件=content_61.json
CN-P-002524,09c43a7954099abd6ad0dbcf7776c4dd5d1acf5f2e0aa00b78dd5e700e57d944,郑州记忆1952油化厂旅游休闲街区,,河南省,,,非A,旅游休闲街区,unknown,pending,第四批国家级旅游休闲街区,https://www.mct.gov.cn/tourism/#/list,API目录ID-61/2026-09-04,,,尚未映射到可回跳的知识库景点卡,,,1,CN-POOL-20260904-r0,MCT内容ID=98130；来源文件=content_61.json
CN-P-002525,8d6c3ad41c573e64ad1687b77141d4e6f3bc5e3ce8240a1da08a682cb3c643f4,吉庆民俗街区,,湖北省,,,非A,旅游休闲街区,unknown,pending,第四批国家级旅游休闲街区,https://www.mct.gov.cn/tourism/#/list,API目录ID-61/2026-09-04,,,尚未映射到可回跳的知识库景点卡,,,1,CN-POOL-20260904-r0,MCT内容ID=98131；来源文件=content_61.json
CN-P-002526,8b04c9a5ce6e54224c58acb77dd899af111039b1565e94c249a6f88a34ed13c0,江汉路步行街区,,湖北省,,,非A,旅游休闲街区,unknown,pending,第四批国家级旅游休闲街区,https://www.mct.gov.cn/tourism/#/list,API目录ID-61/2026-09-04,,,尚未映射到可回跳的知识库景点卡,,,1,CN-POOL-20260904-r0,MCT内容ID=98132；来源文件=content_61.json
CN-P-002527,93db230d2947d04da53f278dce8dbf926555dc649e6dcc24559edaf8b508cb1a,裕后街,,湖南省,,,非A,旅游休闲街区,unknown,pending,第四批国家级旅游休闲街区,https://www.mct.gov.cn/tourism/#/list,API目录ID-61/2026-09-04,,,尚未映射到可回跳的知识库景点卡,,,1,CN-POOL-20260904-r0,MCT内容ID=98133；来源文件=content_61.json
CN-P-002528,e390a2c824cfdd9503e7900a95fe7a1653aa9f3420c78141fcd04202eac2b956,黔阳古城旅游休闲街区,,湖南省,,,非A,旅游休闲街区,unknown,pending,第四批国家级旅游休闲街区,https://www.mct.gov.cn/tourism/#/list,API目录ID-61/2026-09-04,,,尚未映射到可回跳的知识库景点卡,,,1,CN-POOL-20260904-r0,MCT内容ID=98134；来源文件=content_61.json
CN-P-002529,d9661cb9a587220cfa5b18f97bae414c29b111785311e44c94088be2432e4d8a,启明里,,广东省,,,非A,旅游休闲街区,unknown,pending,第四批国家级旅游休闲街区,https://www.mct.gov.cn/tourism/#/list,API目录ID-61/2026-09-04,,,尚未映射到可回跳的知识库景点卡,,,1,CN-POOL-20260904-r0,MCT内容ID=98135；来源文件=content_61.json
CN-P-002530,0e15c40eb92edc863ac65f413a295c71c44e0e75eede7133a17cf93f5ce2771d,祝屋巷,,广东省,,,非A,旅游休闲街区,unknown,pending,第四批国家级旅游休闲街区,https://www.mct.gov.cn/tourism/#/list,API目录ID-61/2026-09-04,,,尚未映射到可回跳的知识库景点卡,,,1,CN-POOL-20260904-r0,MCT内容ID=98136；来源文件=content_61.json
CN-P-002531,140fa6cfc28b7c8383c3d934707846f166db680f8c5613b8d99c89d86e7a760f,钦州老街,,广西壮族自治区,,,非A,旅游休闲街区,unknown,pending,第四批国家级旅游休闲街区,https://www.mct.gov.cn/tourism/#/list,API目录ID-61/2026-09-04,,,尚未映射到可回跳的知识库景点卡,,,1,CN-POOL-20260904-r0,MCT内容ID=98137；来源文件=content_61.json
CN-P-002532,372c9a045753522fad288e209b31369b216d35c8b66f658c5ddddf8a81aae615,高兴里潮酷文化街区,,海南省,,,非A,旅游休闲街区,unknown,pending,第四批国家级旅游休闲街区,https://www.mct.gov.cn/tourism/#/list,API目录ID-61/2026-09-04,,,尚未映射到可回跳的知识库景点卡,,,1,CN-POOL-20260904-r0,MCT内容ID=98138；来源文件=content_61.json
CN-P-002533,b7321795a4bfeb3f427a7e09892de5c28add0c3b74e8d26c3621f9ed686181d2,大东海国际滨海旅游休闲街区,,海南省,,,非A,旅游休闲街区,unknown,pending,第四批国家级旅游休闲街区,https://www.mct.gov.cn/tourism/#/list,API目录ID-61/2026-09-04,,,尚未映射到可回跳的知识库景点卡,,,1,CN-POOL-20260904-r0,MCT内容ID=98139；来源文件=content_61.json
CN-P-002534,26b5fff8a8d453b226e6ffb1e9eab6959a7d24ba3bf6a943f9bc1ea78c950cfa,十八梯传统风貌区,,重庆市,,,非A,旅游休闲街区,unknown,pending,第四批国家级旅游休闲街区,https://www.mct.gov.cn/tourism/#/list,API目录ID-61/2026-09-04,,,尚未映射到可回跳的知识库景点卡,,,1,CN-POOL-20260904-r0,MCT内容ID=98140；来源文件=content_61.json
CN-P-002535,421fe38dba927591eb9fec5ec1d844264d6d55ae0f5c12dfb25fde0561e1ad90,龙门浩老街,,重庆市,,,非A,旅游休闲街区,unknown,pending,第四批国家级旅游休闲街区,https://www.mct.gov.cn/tourism/#/list,API目录ID-61/2026-09-04,,,尚未映射到可回跳的知识库景点卡,,,1,CN-POOL-20260904-r0,MCT内容ID=98141；来源文件=content_61.json
CN-P-002536,5854b18a2114d8d2fbb60a8c72bc0eb444832692539da4d6aec24e4cc7576312,僰道历史文化旅游休闲街区,,四川省,,,非A,旅游休闲街区,unknown,pending,第四批国家级旅游休闲街区,https://www.mct.gov.cn/tourism/#/list,API目录ID-61/2026-09-04,,,尚未映射到可回跳的知识库景点卡,,,1,CN-POOL-20260904-r0,MCT内容ID=98142；来源文件=content_61.json
CN-P-002537,d77b9c502faf854b68426ead44f456b29e703f04ac9155c733e128fe3a12d9f1,唐园旅游休闲街区,,四川省,,,非A,旅游休闲街区,unknown,pending,第四批国家级旅游休闲街区,https://www.mct.gov.cn/tourism/#/list,API目录ID-61/2026-09-04,,,尚未映射到可回跳的知识库景点卡,,,1,CN-POOL-20260904-r0,MCT内容ID=98143；来源文件=content_61.json
CN-P-002538,b3c62afdd7c5fe4a6ae3e92a695231a5d50db6a49215dd8731b5a8eb05dcdf7e,青云路步行街,,贵州省,,,非A,旅游休闲街区,unknown,covered,第四批国家级旅游休闲街区,https://www.mct.gov.cn/tourism/#/list,API目录ID-61/2026-09-04,知识库数据/02-景点库-贵阳.md,A155,,,,1,CN-POOL-20260904-r0,MCT内容ID=98144；来源文件=content_61.json
CN-P-002539,d1fe10463ea55aa363f1f59d54f2af377aca3a2d28c77ae65de408feae1d9c99,彝人古镇主题街区,,云南省,,,非A,旅游休闲街区,unknown,pending,第四批国家级旅游休闲街区,https://www.mct.gov.cn/tourism/#/list,API目录ID-61/2026-09-04,,,尚未映射到可回跳的知识库景点卡,,,1,CN-POOL-20260904-r0,MCT内容ID=98145；来源文件=content_61.json
CN-P-002540,d8b2fdb442dd08d078e5145c3b43a3dff0509611fd3bec8ded14d3084cf821cd,石鼓文化城旅游休闲街区,,陕西省,,,非A,旅游休闲街区,unknown,pending,第四批国家级旅游休闲街区,https://www.mct.gov.cn/tourism/#/list,API目录ID-61/2026-09-04,,,尚未映射到可回跳的知识库景点卡,,,1,CN-POOL-20260904-r0,MCT内容ID=98146；来源文件=content_61.json
CN-P-002541,320dce3334c6caae2f4a9257db0b4e40ccb17414cbc25478172d5b5243f7daf6,榆林古城休闲街区,,陕西省,,,非A,旅游休闲街区,unknown,pending,第四批国家级旅游休闲街区,https://www.mct.gov.cn/tourism/#/list,API目录ID-61/2026-09-04,,,尚未映射到可回跳的知识库景点卡,,,1,CN-POOL-20260904-r0,MCT内容ID=98147；来源文件=content_61.json
CN-P-002542,b9872da78d640bd25e5fce451fc41300fc79c37eb3989aaddef2af188eddb5fd,敦煌夜市文化旅游休闲街区,,甘肃省,,,非A,旅游休闲街区,unknown,covered,第四批国家级旅游休闲街区,https://www.mct.gov.cn/tourism/#/list,API目录ID-61/2026-09-04,知识库数据/02-景点库-敦煌-嘉峪关.md,A088,,,,1,CN-POOL-20260904-r0,MCT内容ID=98148；来源文件=content_61.json
CN-P-002543,1f2cfb2b744e2dbab51b04cb71237b50a694588af2f2dae2e0f9dedd7e673ef1,贺兰山·漫葡小镇旅游休闲街区,,宁夏回族自治区,,,非A,旅游休闲街区,unknown,pending,第四批国家级旅游休闲街区,https://www.mct.gov.cn/tourism/#/list,API目录ID-61/2026-09-04,,,尚未映射到可回跳的知识库景点卡,,,1,CN-POOL-20260904-r0,MCT内容ID=98149；来源文件=content_61.json
CN-P-002544,f72a166413126b980c4d4dc1ebdaffca2aa6c04ff69da5e65adecb05ee9be072,热斯坦旅游休闲街区,,新疆维吾尔自治区,,,非A,旅游休闲街区,unknown,pending,第四批国家级旅游休闲街区,https://www.mct.gov.cn/tourism/#/list,API目录ID-61/2026-09-04,,,尚未映射到可回跳的知识库景点卡,,,1,CN-POOL-20260904-r0,MCT内容ID=98150；来源文件=content_61.json
CN-P-002545,f523d6556bc989955057531ed38a28d522ad4e94e8449264429287828241d4c1,北京延庆海陀滑雪旅游度假地,,北京市,,,非A,滑雪旅游度假地,unknown,pending,第一批国家级滑雪旅游度假地,https://www.mct.gov.cn/tourism/#/list,API目录ID-51/2026-09-04,,,尚未映射到可回跳的知识库景点卡,,,1,CN-POOL-20260904-r0,MCT内容ID=56971；来源文件=content_51.json
CN-P-002546,2bc71b46b013df419198e62a4be9230c7ac48b697d88b3a9ebfe5553d1d01bec,河北崇礼滑雪旅游度假地,,河北省,,,非A,滑雪旅游度假地,unknown,pending,第一批国家级滑雪旅游度假地,https://www.mct.gov.cn/tourism/#/list,API目录ID-51/2026-09-04,,,尚未映射到可回跳的知识库景点卡,,,1,CN-POOL-20260904-r0,MCT内容ID=56972；来源文件=content_51.json
CN-P-002547,9283e715ad7e20aa66d14307a63f4bfce0bc7965f484082f4144fc25e5cf6e1c,河北涞源滑雪旅游度假地,,河北省,,,非A,滑雪旅游度假地,unknown,pending,第一批国家级滑雪旅游度假地,https://www.mct.gov.cn/tourism/#/list,API目录ID-51/2026-09-04,,,尚未映射到可回跳的知识库景点卡,,,1,CN-POOL-20260904-r0,MCT内容ID=56973；来源文件=content_51.json
CN-P-002548,f58cc013d39a435786c9347da5f162ced82f7f168bb341f52b663b9fdd4667ad,辽宁宽甸天桥沟滑雪旅游度假地,,辽宁省,,,非A,滑雪旅游度假地,unknown,pending,第一批国家级滑雪旅游度假地,https://www.mct.gov.cn/tourism/#/list,API目录ID-51/2026-09-04,,,尚未映射到可回跳的知识库景点卡,,,1,CN-POOL-20260904-r0,MCT内容ID=56974；来源文件=content_51.json
CN-P-002549,b4767b66eb93cc5654d167748bf6538df5c881578f5bbde5e671b36a534942fd,内蒙古扎兰屯滑雪旅游度假地,,内蒙古自治区,,,非A,滑雪旅游度假地,unknown,pending,第一批国家级滑雪旅游度假地,https://www.mct.gov.cn/tourism/#/list,API目录ID-51/2026-09-04,,,尚未映射到可回跳的知识库景点卡,,,1,CN-POOL-20260904-r0,MCT内容ID=56975；来源文件=content_51.json
CN-P-002550,c9bb265a3ff25119ce9b566c11aef0cda4349e9b55980ab914b5eae350ca9d4e,吉林抚松长白山滑雪旅游度假地,,吉林省,,,非A,滑雪旅游度假地,unknown,pending,第一批国家级滑雪旅游度假地,https://www.mct.gov.cn/tourism/#/list,API目录ID-51/2026-09-04,,,尚未映射到可回跳的知识库景点卡,,,1,CN-POOL-20260904-r0,MCT内容ID=56976；来源文件=content_51.json
CN-P-002551,29552c7339adbd5dcb1c501a4e847d71e66182b8b2e3b0efce0099d0072cca26,吉林丰满松花湖滑雪旅游度假地,,吉林省,,,非A,滑雪旅游度假地,unknown,pending,第一批国家级滑雪旅游度假地,https://www.mct.gov.cn/tourism/#/list,API目录ID-51/2026-09-04,,,尚未映射到可回跳的知识库景点卡,,,1,CN-POOL-20260904-r0,MCT内容ID=56977；来源文件=content_51.json
CN-P-002552,f0f56d31fe7cbef7394c7a24662ead3dfb222806c5cb8c78d9d625bb2e42b3e0,黑龙江亚布力滑雪旅游度假地,,黑龙江省,,,非A,滑雪旅游度假地,unknown,pending,第一批国家级滑雪旅游度假地,https://www.mct.gov.cn/tourism/#/list,API目录ID-51/2026-09-04,,,尚未映射到可回跳的知识库景点卡,,,1,CN-POOL-20260904-r0,MCT内容ID=56978；来源文件=content_51.json
CN-P-002553,1760dd29172e9916d5bb746a6cfcfd406bbdfac75750184c3204605a29a52bec,四川大邑西岭雪山滑雪旅游度假地,,四川省,,,非A,滑雪旅游度假地,unknown,pending,第一批国家级滑雪旅游度假地,https://www.mct.gov.cn/tourism/#/list,API目录ID-51/2026-09-04,,,尚未映射到可回跳的知识库景点卡,,,1,CN-POOL-20260904-r0,MCT内容ID=56979；来源文件=content_51.json
CN-P-002554,2d7c6dc8091d8c221435f42bbb9ea92fe32a142c3492011c6c7ba421cd2529ba,陕西太白鳌山滑雪旅游度假地,,陕西省,,,非A,滑雪旅游度假地,unknown,pending,第一批国家级滑雪旅游度假地,https://www.mct.gov.cn/tourism/#/list,API目录ID-51/2026-09-04,,,尚未映射到可回跳的知识库景点卡,,,1,CN-POOL-20260904-r0,MCT内容ID=56980；来源文件=content_51.json
CN-P-002555,51abf7c5edf29fa374c8e1843d0bf57a07f90e6cc099c4c4a88d5f4300298784,新疆阿勒泰滑雪旅游度假地,,新疆维吾尔自治区,,,非A,滑雪旅游度假地,unknown,pending,第一批国家级滑雪旅游度假地,https://www.mct.gov.cn/tourism/#/list,API目录ID-51/2026-09-04,,,尚未映射到可回跳的知识库景点卡,,,1,CN-POOL-20260904-r0,MCT内容ID=56981；来源文件=content_51.json
CN-P-002556,7cb09373688cee2001badd12dd053c91e1dd4e97ea469f0c48c7d4fe2c599897,新疆乌鲁木齐南山滑雪旅游度假地,,新疆维吾尔自治区,,,非A,滑雪旅游度假地,unknown,pending,第一批国家级滑雪旅游度假地,https://www.mct.gov.cn/tourism/#/list,API目录ID-51/2026-09-04,,,尚未映射到可回跳的知识库景点卡,,,1,CN-POOL-20260904-r0,MCT内容ID=56982；来源文件=content_51.json
CN-P-002557,a418c91e687c3590d7d4ef045df230f6caa530d194985b8b3cd11ed55aa6218a,河北滦平金山岭滑雪旅游度假地,,河北省,,,非A,滑雪旅游度假地,unknown,pending,第二批国家级滑雪旅游度假地,https://www.mct.gov.cn/tourism/#/list,API目录ID-52/2026-09-04,,,尚未映射到可回跳的知识库景点卡,,,1,CN-POOL-20260904-r0,MCT内容ID=56983；来源文件=content_52.json
CN-P-002558,48cda8e40ce177ce294d8ad0f6b7556c413c911d862db3562338c5eb9dce55d2,内蒙古喀喇沁美林谷滑雪旅游度假,,内蒙古自治区,,,非A,滑雪旅游度假地,unknown,pending,第二批国家级滑雪旅游度假地,https://www.mct.gov.cn/tourism/#/list,API目录ID-52/2026-09-04,,,尚未映射到可回跳的知识库景点卡,,,1,CN-POOL-20260904-r0,MCT内容ID=56984；来源文件=content_52.json
CN-P-002559,7aa2937464ae409b558e9a9c408443ac8453005738fb1ce552879ee12d5ae891,内蒙古牙克石滑雪旅游度假地,,内蒙古自治区,,,非A,滑雪旅游度假地,unknown,pending,第二批国家级滑雪旅游度假地,https://www.mct.gov.cn/tourism/#/list,API目录ID-52/2026-09-04,,,尚未映射到可回跳的知识库景点卡,,,1,CN-POOL-20260904-r0,MCT内容ID=56985；来源文件=content_52.json
CN-P-002560,a9fdd84c5b03a0b6112a45edb99fc981af966e76ddd9c80eab165bcf9a85c7f3,吉林永吉北大湖滑雪旅游度假地,,吉林省,,,非A,滑雪旅游度假地,unknown,pending,第二批国家级滑雪旅游度假地,https://www.mct.gov.cn/tourism/#/list,API目录ID-52/2026-09-04,,,尚未映射到可回跳的知识库景点卡,,,1,CN-POOL-20260904-r0,MCT内容ID=56986；来源文件=content_52.json
CN-P-002561,bda812935213908b2871c80385721e829c040439357a750598aac2e2d41f7f6a,吉林东昌万峰滑雪旅游度假地,,吉林省,,,非A,滑雪旅游度假地,unknown,pending,第二批国家级滑雪旅游度假地,https://www.mct.gov.cn/tourism/#/list,API目录ID-52/2026-09-04,,,尚未映射到可回跳的知识库景点卡,,,1,CN-POOL-20260904-r0,MCT内容ID=56987；来源文件=content_52.json
CN-P-002562,08cc80bfc3da7ddefeffbdb8242d4f2dceea343a2305473f03d23b264ac5cf26,河南栾川伏牛山滑雪旅游度假地,,河南省,,,非A,滑雪旅游度假地,unknown,pending,第二批国家级滑雪旅游度假地,https://www.mct.gov.cn/tourism/#/list,API目录ID-52/2026-09-04,,,尚未映射到可回跳的知识库景点卡,,,1,CN-POOL-20260904-r0,MCT内容ID=56988；来源文件=content_52.json
CN-P-002563,416d3e81f33c9536e592e10b239fda12dc6d1c9571af12611eaac58f14709b28,新疆富蕴可可托海滑雪旅游度假地,,新疆维吾尔自治区,,,非A,滑雪旅游度假地,unknown,pending,第二批国家级滑雪旅游度假地,https://www.mct.gov.cn/tourism/#/list,API目录ID-52/2026-09-04,,,尚未映射到可回跳的知识库景点卡,,,1,CN-POOL-20260904-r0,MCT内容ID=56989；来源文件=content_52.json
CN-P-002564,8b2491e79bc1fb9cbadcf14fe05808d5582184f23cf43d8d424e196d59544ffa,山西省朔州市山阴县广武滑雪旅游度假地,,山西省,,,非A,滑雪旅游度假地,unknown,pending,第三批国家级滑雪旅游度假地,https://www.mct.gov.cn/tourism/#/list,API目录ID-59/2026-09-04,,,尚未映射到可回跳的知识库景点卡,,,1,CN-POOL-20260904-r0,MCT内容ID=57671；来源文件=content_59.json
CN-P-002565,26292485d734319d76bd3d6b116cfad6c71540922fd876db14c0631979357214,内蒙古自治区呼和浩特市赛罕区马鬃山滑雪旅游度假地,,内蒙古自治区,,,非A,滑雪旅游度假地,unknown,pending,第三批国家级滑雪旅游度假地,https://www.mct.gov.cn/tourism/#/list,API目录ID-59/2026-09-04,,,尚未映射到可回跳的知识库景点卡,,,1,CN-POOL-20260904-r0,MCT内容ID=57672；来源文件=content_59.json
CN-P-002566,e1de621bda3ea151346c044ae85ce476b389ce0cf2fdefa8e657f5a1018fe6d8,吉林省长白山池北区长白山滑雪旅游度假地,,吉林省,,,非A,滑雪旅游度假地,unknown,pending,第三批国家级滑雪旅游度假地,https://www.mct.gov.cn/tourism/#/list,API目录ID-59/2026-09-04,,,尚未映射到可回跳的知识库景点卡,,,1,CN-POOL-20260904-r0,MCT内容ID=57673；来源文件=content_59.json
CN-P-002567,7e06a3a4264dc94526fd67fafc91f88c819e1fe467da8d1c7e0757695d813d6c,黑龙江省双鸭山市宝清县圣洁摇篮山滑雪旅游度假地,,黑龙江省,,,非A,滑雪旅游度假地,unknown,pending,第三批国家级滑雪旅游度假地,https://www.mct.gov.cn/tourism/#/list,API目录ID-59/2026-09-04,,,尚未映射到可回跳的知识库景点卡,,,1,CN-POOL-20260904-r0,MCT内容ID=57674；来源文件=content_59.json
CN-P-002568,2305abbb703756d3a2e518200c6b96e4a7fb50ef91df4657fa0cbf95cdeddf48,甘肃省临夏回族自治州和政县法台山滑雪旅游度假地,,甘肃省,,,非A,滑雪旅游度假地,unknown,pending,第三批国家级滑雪旅游度假地,https://www.mct.gov.cn/tourism/#/list,API目录ID-59/2026-09-04,,,尚未映射到可回跳的知识库景点卡,,,1,CN-POOL-20260904-r0,MCT内容ID=57675；来源文件=content_59.json
CN-P-002569,3e22b7653a0ab1527c0a7f6a9ee2de07db53affc3f5ebeeb9b898a845c4a2617,新疆维吾尔自治区伊犁哈萨克自治州新源县滑雪旅游度假地,,新疆维吾尔自治区,,,非A,滑雪旅游度假地,unknown,pending,第三批国家级滑雪旅游度假地,https://www.mct.gov.cn/tourism/#/list,API目录ID-59/2026-09-04,,,尚未映射到可回跳的知识库景点卡,,,1,CN-POOL-20260904-r0,MCT内容ID=57676；来源文件=content_59.json
CN-P-002570,b0918a88ace48416fd7cd4e36901137ff185968fd4efc5ec973fdd2432809e76,新疆维吾尔自治区阿勒泰地区布尔津县吉克普林滑雪旅游度假地,,新疆维吾尔自治区,,,非A,滑雪旅游度假地,unknown,pending,第三批国家级滑雪旅游度假地,https://www.mct.gov.cn/tourism/#/list,API目录ID-59/2026-09-04,,,尚未映射到可回跳的知识库景点卡,,,1,CN-POOL-20260904-r0,MCT内容ID=57677；来源文件=content_59.json
CN-P-002571,988293567f62ae3cdb1c8bb610ce34070a94042fcccd53bf19bcd934ae0f0b02,山东省烟台张裕葡萄酒文化旅游区,,山东省,,,非A,工业旅游,unknown,pending,国家工业旅游示范基地,https://www.mct.gov.cn/tourism/#/list,API目录ID-54/2026-09-04,,,尚未映射到可回跳的知识库景点卡,,,1,CN-POOL-20260904-r0,MCT内容ID=57505；来源文件=content_54.json
CN-P-002572,d8c663223b7c3f4752f1114adfe53f2b147b00095642b57fdd5fe296ba5cb324,江苏省苏州隆力奇养生小镇,,江苏省,,,非A,工业旅游,unknown,pending,国家工业旅游示范基地,https://www.mct.gov.cn/tourism/#/list,API目录ID-54/2026-09-04,,,尚未映射到可回跳的知识库景点卡,,,1,CN-POOL-20260904-r0,MCT内容ID=57506；来源文件=content_54.json
CN-P-002573,b6861cd7730d0232e02beb4d22a8a78c2d15c862838d483b45fbc2b2f3ca4f38,福建省漳州片仔癀中药工业园,,福建省,,,非A,工业旅游,unknown,pending,国家工业旅游示范基地,https://www.mct.gov.cn/tourism/#/list,API目录ID-54/2026-09-04,,,尚未映射到可回跳的知识库景点卡,,,1,CN-POOL-20260904-r0,MCT内容ID=57507；来源文件=content_54.json
CN-P-002574,5209f652b6db0d53e5adc34771061354f035e53ea8e15d15371703d8981a02db,内蒙古自治区伊利集团·乳都科技示范园,,内蒙古自治区,,,非A,工业旅游,unknown,pending,国家工业旅游示范基地,https://www.mct.gov.cn/tourism/#/list,API目录ID-54/2026-09-04,,,尚未映射到可回跳的知识库景点卡,,,1,CN-POOL-20260904-r0,MCT内容ID=57508；来源文件=content_54.json
CN-P-002575,53de23b85cef9bb5de2a7b00f87491c5edcbaf3d6d3cb558f9d772adc6ea34ce,云南省天士力帝泊洱生物茶谷,,云南省,,,非A,工业旅游,unknown,pending,国家工业旅游示范基地,https://www.mct.gov.cn/tourism/#/list,API目录ID-54/2026-09-04,,,尚未映射到可回跳的知识库景点卡,,,1,CN-POOL-20260904-r0,MCT内容ID=57509；来源文件=content_54.json
CN-P-002576,d06908a0627f3feee73192e1b7d6d7cee1eaee52553e2c6fe45fb3707b9849bb,山西省汾酒文化景区,,山西省,,,非A,工业旅游,unknown,pending,国家工业旅游示范基地,https://www.mct.gov.cn/tourism/#/list,API目录ID-54/2026-09-04,,,尚未映射到可回跳的知识库景点卡,,,1,CN-POOL-20260904-r0,MCT内容ID=57510；来源文件=content_54.json
CN-P-002577,aeebd6a6e2147ba1758eee0c7cdd268250611342f808cbf1e2b50c7a42d341cf,新疆生产建设兵团伊帕尔汗薰衣草观光园景区,,新疆生产建设兵团,,,非A,工业旅游,unknown,pending,国家工业旅游示范基地,https://www.mct.gov.cn/tourism/#/list,API目录ID-54/2026-09-04,,,尚未映射到可回跳的知识库景点卡,,,1,CN-POOL-20260904-r0,MCT内容ID=57511；来源文件=content_54.json
CN-P-002578,604587eba6227da129653bc2c55e366931b414f7b230af97d6500856a9b4b73b,黑龙江省齐齐哈尔市中国一重工业旅游区,,黑龙江省,,,非A,工业旅游,unknown,pending,国家工业旅游示范基地,https://www.mct.gov.cn/tourism/#/list,API目录ID-54/2026-09-04,,,尚未映射到可回跳的知识库景点卡,,,1,CN-POOL-20260904-r0,MCT内容ID=57512；来源文件=content_54.json
CN-P-002579,32274988707d097d96ded6bd82354b3bd29d7e5f0edffe2f912e0553ef9ed726,辽宁省大连市海盐世界公园,,辽宁省,,,非A,工业旅游,unknown,pending,国家工业旅游示范基地,https://www.mct.gov.cn/tourism/#/list,API目录ID-54/2026-09-04,,,尚未映射到可回跳的知识库景点卡,,,1,CN-POOL-20260904-r0,MCT内容ID=57513；来源文件=content_54.json
CN-P-002580,4dee2b7a41e493b16fffbeec93271f8bcd33df4f14e1835c050164c18f8cac41,安徽省合肥市荣事达工业旅游基地,,安徽省,,,非A,工业旅游,unknown,pending,国家工业旅游示范基地,https://www.mct.gov.cn/tourism/#/list,API目录ID-54/2026-09-04,,,尚未映射到可回跳的知识库景点卡,,,1,CN-POOL-20260904-r0,MCT内容ID=57514；来源文件=content_54.json
CN-P-002581,192eaea4961fbefaeea83d1d432bee46282df5901c88782f1c3f60ab8eb726e9,湖北省黄石国家矿山公园(国家工业遗产旅游基地),,湖北省,,,非A,工业旅游,unknown,pending,国家工业旅游示范基地,https://www.mct.gov.cn/tourism/#/list,API目录ID-54/2026-09-04,,,尚未映射到可回跳的知识库景点卡,,,1,CN-POOL-20260904-r0,MCT内容ID=57515；来源文件=content_54.json
CN-P-002582,bf3e0392e3ff2581136e40c10c25b78491e053db5e3670f8ce09c82c934dd7fa,河北省唐山市开滦国家矿山公园(国家工业遗产旅游基地),,河北省,,,非A,工业旅游,unknown,pending,国家工业旅游示范基地,https://www.mct.gov.cn/tourism/#/list,API目录ID-54/2026-09-04,,,尚未映射到可回跳的知识库景点卡,,,1,CN-POOL-20260904-r0,MCT内容ID=57516；来源文件=content_54.json
CN-P-002583,a6c67eb59e3fec78f8e4ebf4a198a2e550a5639f31bc2f00c4fffe8120c79f07,吉林省长春市长影旧址博物馆(国家工业遗产旅游基地),,吉林省,,,非A,工业旅游,unknown,pending,国家工业旅游示范基地,https://www.mct.gov.cn/tourism/#/list,API目录ID-54/2026-09-04,,,尚未映射到可回跳的知识库景点卡,,,1,CN-POOL-20260904-r0,MCT内容ID=57517；来源文件=content_54.json
CN-P-002584,ae7cf731acbc5f48aef110cb8ba2ea058ea37b7b49518fac17e8be457c25f20d,上海国际时尚中心(国家工业遗产旅游基地),,上海市,,,非A,工业旅游,unknown,pending,国家工业旅游示范基地,https://www.mct.gov.cn/tourism/#/list,API目录ID-54/2026-09-04,,,尚未映射到可回跳的知识库景点卡,,,1,CN-POOL-20260904-r0,MCT内容ID=57518；来源文件=content_54.json
CN-P-002585,9e28aaed869e640a620086c68601ff0ab2acf49dd191aac09710c14a7ea21e8c,浙江省新昌达利丝绸世界旅游景区(国家工业遗产旅游基地),,浙江省,,,非A,工业旅游,unknown,pending,国家工业旅游示范基地,https://www.mct.gov.cn/tourism/#/list,API目录ID-54/2026-09-04,,,尚未映射到可回跳的知识库景点卡,,,1,CN-POOL-20260904-r0,MCT内容ID=57519；来源文件=content_54.json
CN-P-002586,449e4d5035061df62b0a01c0ca5a65c2300b1c380097e263d3ac0d3c9f917588,江西省萍乡市安源景区(国家工业遗产旅游基地),,江西省,,,非A,工业旅游,unknown,pending,国家工业旅游示范基地,https://www.mct.gov.cn/tourism/#/list,API目录ID-54/2026-09-04,,,尚未映射到可回跳的知识库景点卡,,,1,CN-POOL-20260904-r0,MCT内容ID=57520；来源文件=content_54.json
CN-P-002587,300e75ab684c6d027cfeeaec680db026bca75c8710a1374fbba4f55e04dcb1a8,湖南省株洲市醴陵瓷谷(国家工业遗产旅游基地),,湖南省,,,非A,工业旅游,unknown,pending,国家工业旅游示范基地,https://www.mct.gov.cn/tourism/#/list,API目录ID-54/2026-09-04,,,尚未映射到可回跳的知识库景点卡,,,1,CN-POOL-20260904-r0,MCT内容ID=57521；来源文件=content_54.json
CN-P-002588,b9c0f172d3d9d4933dde2c454b9479d094ae1b5d574f0614090c04f8f7e42c54,广西壮族自治区柳州工业博物馆(国家工业遗产旅游基地),,广西壮族自治区,,,非A,工业旅游,unknown,pending,国家工业旅游示范基地,https://www.mct.gov.cn/tourism/#/list,API目录ID-54/2026-09-04,,,尚未映射到可回跳的知识库景点卡,,,1,CN-POOL-20260904-r0,MCT内容ID=57522；来源文件=content_54.json
CN-P-002589,489286a2e624e01bf8e0226fd56bb89dbd5c3361dbc5329e321a8eb9fb9e2118,四川省成都市东郊记忆景区(国家工业遗产旅游基地),,四川省,,,非A,工业旅游,unknown,pending,国家工业旅游示范基地,https://www.mct.gov.cn/tourism/#/list,API目录ID-54/2026-09-04,,,尚未映射到可回跳的知识库景点卡,,,1,CN-POOL-20260904-r0,MCT内容ID=57523；来源文件=content_54.json
CN-P-002590,77c36244d7ecad7de9904e0da3568d33492be43a4e87571b64bfa0b1c671e78d,贵州省仁怀市“茅酒之源”旅游景区(国家工业遗产旅游基地),,贵州省,,,非A,工业旅游,unknown,pending,国家工业旅游示范基地,https://www.mct.gov.cn/tourism/#/list,API目录ID-54/2026-09-04,,,尚未映射到可回跳的知识库景点卡,,,1,CN-POOL-20260904-r0,MCT内容ID=57524；来源文件=content_54.json
CN-P-002591,624ed573c977f9ac43ebb3c2634a4447aa3b41044fa7a0811c7d17dc60960e68,北京市751园区,,北京市,,,非A,工业旅游,unknown,pending,国家工业旅游示范基地,https://www.mct.gov.cn/tourism/#/list,API目录ID-54/2026-09-04,,,尚未映射到可回跳的知识库景点卡,,,1,CN-POOL-20260904-r0,MCT内容ID=57525；来源文件=content_54.json
CN-P-002592,ea33254f6e34bab15acb42c486ff7d1e4b209ffe2bd27aa41907d6197cd679b4,天津市长芦汉沽盐场,,天津市,,,非A,工业旅游,unknown,pending,国家工业旅游示范基地,https://www.mct.gov.cn/tourism/#/list,API目录ID-54/2026-09-04,,,尚未映射到可回跳的知识库景点卡,,,1,CN-POOL-20260904-r0,MCT内容ID=57526；来源文件=content_54.json
CN-P-002593,e96107023aee6dddf846e6c8b8330bd4683bfa0f7511dd7f66e0e8d89294af31,河北省山庄老酒文化产业园,,河北省,,,非A,工业旅游,unknown,pending,国家工业旅游示范基地,https://www.mct.gov.cn/tourism/#/list,API目录ID-54/2026-09-04,,,尚未映射到可回跳的知识库景点卡,,,1,CN-POOL-20260904-r0,MCT内容ID=57527；来源文件=content_54.json
CN-P-002594,072d01bd199cc33ad6bf06a4bee1eaccea723854a74a818fb34068cc62c5a449,河北省君乐宝乳业工业旅游区,,河北省,,,非A,工业旅游,unknown,pending,国家工业旅游示范基地,https://www.mct.gov.cn/tourism/#/list,API目录ID-54/2026-09-04,,,尚未映射到可回跳的知识库景点卡,,,1,CN-POOL-20260904-r0,MCT内容ID=57528；来源文件=content_54.json
CN-P-002595,fb52c0793174faebeaba45765c1dd497e5b7d9b436820506419006142a3e37e0,山西省晋华宫井下探秘游景区,,山西省,,,非A,工业旅游,unknown,pending,国家工业旅游示范基地,https://www.mct.gov.cn/tourism/#/list,API目录ID-54/2026-09-04,,,尚未映射到可回跳的知识库景点卡,,,1,CN-POOL-20260904-r0,MCT内容ID=57529；来源文件=content_54.json
CN-P-002596,4837f354b584a9df9ae4b845c96c89b98300001a2157fa1c67c5d71b5d457b80,山西省太原六味斋云梦坞,,山西省,,,非A,工业旅游,unknown,pending,国家工业旅游示范基地,https://www.mct.gov.cn/tourism/#/list,API目录ID-54/2026-09-04,,,尚未映射到可回跳的知识库景点卡,,,1,CN-POOL-20260904-r0,MCT内容ID=57530；来源文件=content_54.json
CN-P-002597,6305231a3e3a64d4fad9bafb58d7a15984a6d258ba7af937ef95e6db919f30f0,内蒙古自治区蒙牛工业旅游区,,内蒙古自治区,,,非A,工业旅游,unknown,pending,国家工业旅游示范基地,https://www.mct.gov.cn/tourism/#/list,API目录ID-54/2026-09-04,,,尚未映射到可回跳的知识库景点卡,,,1,CN-POOL-20260904-r0,MCT内容ID=57531；来源文件=content_54.json
CN-P-002598,7bbab1c19abb26b2cb602572f09906b6b584d831a707c0c58a04aec1a1bebf6f,内蒙古自治区包钢工业旅游景区,,内蒙古自治区,,,非A,工业旅游,unknown,pending,国家工业旅游示范基地,https://www.mct.gov.cn/tourism/#/list,API目录ID-54/2026-09-04,,,尚未映射到可回跳的知识库景点卡,,,1,CN-POOL-20260904-r0,MCT内容ID=57532；来源文件=content_54.json
CN-P-002599,8c08d5a2b300a9cf5e7654c037273be061698b19f5ea4ee9fb057cdc76be9369,辽宁省鞍钢红色钢铁之旅工业旅游基地,,辽宁省,,,非A,工业旅游,unknown,pending,国家工业旅游示范基地,https://www.mct.gov.cn/tourism/#/list,API目录ID-54/2026-09-04,,,尚未映射到可回跳的知识库景点卡,,,1,CN-POOL-20260904-r0,MCT内容ID=57533；来源文件=content_54.json
CN-P-002600,5b675cfdb4b35d849cff879abc2c72d809a1b10f737ceaa6c4a6687d5fbceef4,辽宁省沈阳工业博物馆,,辽宁省,,,非A,工业旅游,unknown,pending,国家工业旅游示范基地,https://www.mct.gov.cn/tourism/#/list,API目录ID-54/2026-09-04,,,尚未映射到可回跳的知识库景点卡,,,1,CN-POOL-20260904-r0,MCT内容ID=57534；来源文件=content_54.json
CN-P-002601,1281af7c752434e96bde637888d86062fcee9e7db85f4ae502fe6de34434eaff,吉林省中国一汽工业文化旅游基地,,吉林省,,,非A,工业旅游,unknown,pending,国家工业旅游示范基地,https://www.mct.gov.cn/tourism/#/list,API目录ID-54/2026-09-04,,,尚未映射到可回跳的知识库景点卡,,,1,CN-POOL-20260904-r0,MCT内容ID=57535；来源文件=content_54.json
CN-P-002602,fe24209b4d61f207fcca805c8dff6a4fa6c70584b3dc8428ccfa39c447479a0b,黑龙江省大庆油田历史陈列馆,,黑龙江省,,,非A,工业旅游,unknown,pending,国家工业旅游示范基地,https://www.mct.gov.cn/tourism/#/list,API目录ID-54/2026-09-04,,,尚未映射到可回跳的知识库景点卡,,,1,CN-POOL-20260904-r0,MCT内容ID=57536；来源文件=content_54.json
CN-P-002603,334a9d0fecd6cb185891c36aa47076d8e17c58685d1f75d8444939b441406d6a,上海市江南造船工业旅游基地,,上海市,,,非A,工业旅游,unknown,pending,国家工业旅游示范基地,https://www.mct.gov.cn/tourism/#/list,API目录ID-54/2026-09-04,,,尚未映射到可回跳的知识库景点卡,,,1,CN-POOL-20260904-r0,MCT内容ID=57537；来源文件=content_54.json
CN-P-002604,02bce4c4008b51f8c52806f58bee8eb1012a0d49636669ca13aa00cbb5297084,上海市苏河水岸工业旅游基地,,上海市,,,非A,工业旅游,unknown,pending,国家工业旅游示范基地,https://www.mct.gov.cn/tourism/#/list,API目录ID-54/2026-09-04,,,尚未映射到可回跳的知识库景点卡,,,1,CN-POOL-20260904-r0,MCT内容ID=57538；来源文件=content_54.json
CN-P-002605,3b5528a67729441ded170ed7b6a3f6313eba79415b927f8e799085b1200e6be2,江苏省洋河酒厂文化旅游区,,江苏省,,,非A,工业旅游,unknown,pending,国家工业旅游示范基地,https://www.mct.gov.cn/tourism/#/list,API目录ID-54/2026-09-04,,,尚未映射到可回跳的知识库景点卡,,,1,CN-POOL-20260904-r0,MCT内容ID=57539；来源文件=content_54.json
CN-P-002606,4e673f15de87556c26b5e009838ef64907eb8e6ae0b3273ad715c56afd350be9,江苏省南钢工业文化旅游区,,江苏省,,,非A,工业旅游,unknown,pending,国家工业旅游示范基地,https://www.mct.gov.cn/tourism/#/list,API目录ID-54/2026-09-04,,,尚未映射到可回跳的知识库景点卡,,,1,CN-POOL-20260904-r0,MCT内容ID=57540；来源文件=content_54.json
CN-P-002607,a508d52ec3b850a24b0723a0aa48814a3be4d89971b0c2a3eefee0751771337e,浙江省农夫山泉工业旅游区,,浙江省,,,非A,工业旅游,unknown,pending,国家工业旅游示范基地,https://www.mct.gov.cn/tourism/#/list,API目录ID-54/2026-09-04,,,尚未映射到可回跳的知识库景点卡,,,1,CN-POOL-20260904-r0,MCT内容ID=57541；来源文件=content_54.json
CN-P-002608,f755c6a85c2f2be4580e3457c6cb028493240c1fd54b4d246d40ba0f16c46ead,浙江省温州矾矿工业旅游区,,浙江省,,,非A,工业旅游,unknown,pending,国家工业旅游示范基地,https://www.mct.gov.cn/tourism/#/list,API目录ID-54/2026-09-04,,,尚未映射到可回跳的知识库景点卡,,,1,CN-POOL-20260904-r0,MCT内容ID=57542；来源文件=content_54.json
CN-P-002609,927f80da4c2a01bddbe1a21a80d8bf17e305ae2232b0bcbbedd39a50e8940cef,安徽省古井酒文化博览园,,安徽省,,,非A,工业旅游,unknown,pending,国家工业旅游示范基地,https://www.mct.gov.cn/tourism/#/list,API目录ID-54/2026-09-04,,,尚未映射到可回跳的知识库景点卡,,,1,CN-POOL-20260904-r0,MCT内容ID=57543；来源文件=content_54.json
CN-P-002610,95d896044b666741a4b9da272c2ed85152f4de1040db8d91408cdc96022f21bd,安徽省“铜官山1978”文创园,,安徽省,,,非A,工业旅游,unknown,pending,国家工业旅游示范基地,https://www.mct.gov.cn/tourism/#/list,API目录ID-54/2026-09-04,,,尚未映射到可回跳的知识库景点卡,,,1,CN-POOL-20260904-r0,MCT内容ID=57544；来源文件=content_54.json
CN-P-002611,0e668ba1b51970cc9b08883f62f3e0fabf415d0ac474835a57c934b07d495062,福建省三钢工业旅游区,,福建省,,,非A,工业旅游,unknown,pending,国家工业旅游示范基地,https://www.mct.gov.cn/tourism/#/list,API目录ID-54/2026-09-04,,,尚未映射到可回跳的知识库景点卡,,,1,CN-POOL-20260904-r0,MCT内容ID=57545；来源文件=content_54.json
CN-P-002612,88bf3ec965e7f14101a12d40541103887a45738cc9abbfae1f680d05b93a2725,江西省资溪面包食品产业城,,江西省,,,非A,工业旅游,unknown,pending,国家工业旅游示范基地,https://www.mct.gov.cn/tourism/#/list,API目录ID-54/2026-09-04,,,尚未映射到可回跳的知识库景点卡,,,1,CN-POOL-20260904-r0,MCT内容ID=57546；来源文件=content_54.json
CN-P-002613,2f52f69c734557ad4ab6fee784938cad2b993f65e94e8a95e0571b6bdd17b57b,江西省仙客来灵芝园景区,,江西省,,,非A,工业旅游,unknown,pending,国家工业旅游示范基地,https://www.mct.gov.cn/tourism/#/list,API目录ID-54/2026-09-04,,,尚未映射到可回跳的知识库景点卡,,,1,CN-POOL-20260904-r0,MCT内容ID=57547；来源文件=content_54.json
CN-P-002614,a6549541c21e3a034819f12c04c536d9324f42186605bae21cd4dc00775ea60e,山东省青岛啤酒博物馆,,山东省,,,非A,工业旅游,unknown,pending,国家工业旅游示范基地,https://www.mct.gov.cn/tourism/#/list,API目录ID-54/2026-09-04,,,尚未映射到可回跳的知识库景点卡,,,1,CN-POOL-20260904-r0,MCT内容ID=57548；来源文件=content_54.json
CN-P-002615,7beaf802bd2c5286ff231f5d863f7e9a66fd106ccc9362bf31ffb58a99bff288,山东省百年宏济堂和力诺阳光工业旅游基地,,山东省,,,非A,工业旅游,unknown,pending,国家工业旅游示范基地,https://www.mct.gov.cn/tourism/#/list,API目录ID-54/2026-09-04,,,尚未映射到可回跳的知识库景点卡,,,1,CN-POOL-20260904-r0,MCT内容ID=57549；来源文件=content_54.json
CN-P-002616,7df359f7081b24e91e08c0602a5bcd637cb0289409c3d327c7cf742efc37e640,河南省中国一拖东方红工业游景区,,河南省,,,非A,工业旅游,unknown,pending,国家工业旅游示范基地,https://www.mct.gov.cn/tourism/#/list,API目录ID-54/2026-09-04,,,尚未映射到可回跳的知识库景点卡,,,1,CN-POOL-20260904-r0,MCT内容ID=57550；来源文件=content_54.json
CN-P-002617,02e69dd8886ee2b872c66ed32b4c4785fb76196ffe141a3559de5a40e0bb23fc,河南省三秋醋产业博览园,,河南省,,,非A,工业旅游,unknown,pending,国家工业旅游示范基地,https://www.mct.gov.cn/tourism/#/list,API目录ID-54/2026-09-04,,,尚未映射到可回跳的知识库景点卡,,,1,CN-POOL-20260904-r0,MCT内容ID=57551；来源文件=content_54.json
CN-P-002618,cdb4bbf06ffd905c3204a662ecdfd695a55032c53ea1142886e1126bfe5275f2,湖北省华新1907文化遗址公园,,湖北省,,,非A,工业旅游,unknown,pending,国家工业旅游示范基地,https://www.mct.gov.cn/tourism/#/list,API目录ID-54/2026-09-04,,,尚未映射到可回跳的知识库景点卡,,,1,CN-POOL-20260904-r0,MCT内容ID=57552；来源文件=content_54.json
CN-P-002619,d2eb8e25ba348650c75595c84d9c56a1d2fa2e050beb2103c12340ba62e5701a,湖北省羊楼洞茶文化生态产业园,,湖北省,,,非A,工业旅游,unknown,pending,国家工业旅游示范基地,https://www.mct.gov.cn/tourism/#/list,API目录ID-54/2026-09-04,,,尚未映射到可回跳的知识库景点卡,,,1,CN-POOL-20260904-r0,MCT内容ID=57553；来源文件=content_54.json
CN-P-002620,e1ccfb4ebc79d8100eb193da9bc496576f6cae10f081f86a2f3377c5dee34e7c,湖南省中车株洲电力机车工业旅游区,,湖南省,,,非A,工业旅游,unknown,pending,国家工业旅游示范基地,https://www.mct.gov.cn/tourism/#/list,API目录ID-54/2026-09-04,,,尚未映射到可回跳的知识库景点卡,,,1,CN-POOL-20260904-r0,MCT内容ID=57554；来源文件=content_54.json
CN-P-002621,c04904e7302863a9596e90d3f8f7e01e41bb8ad8d413d8256912c06051d12944,湖南省三一智联重卡产业园,,湖南省,,,非A,工业旅游,unknown,pending,国家工业旅游示范基地,https://www.mct.gov.cn/tourism/#/list,API目录ID-54/2026-09-04,,,尚未映射到可回跳的知识库景点卡,,,1,CN-POOL-20260904-r0,MCT内容ID=57555；来源文件=content_54.json
CN-P-002622,eada5ac37dc54ac4b8d2e3a30960adeafe783f065c3d769faf0174b84887a1ad,广东省汤臣倍健透明工厂,,广东省,,,非A,工业旅游,unknown,pending,国家工业旅游示范基地,https://www.mct.gov.cn/tourism/#/list,API目录ID-54/2026-09-04,,,尚未映射到可回跳的知识库景点卡,,,1,CN-POOL-20260904-r0,MCT内容ID=57556；来源文件=content_54.json
CN-P-002623,1a0af9bb4066f63aeb933b73d71e26dc8d08a3e2c8b160616e39b924d850075c,广西壮族自治区丹泉洞天酒海工业旅游景区,,广西壮族自治区,,,非A,工业旅游,unknown,pending,国家工业旅游示范基地,https://www.mct.gov.cn/tourism/#/list,API目录ID-54/2026-09-04,,,尚未映射到可回跳的知识库景点卡,,,1,CN-POOL-20260904-r0,MCT内容ID=57557；来源文件=content_54.json
CN-P-002624,76fd9ba4ef94f8c58132853655a28a69c1ebdbd285886e5614cfe4993d619560,海南省昌江核电科普教育基地,,海南省,,,非A,工业旅游,unknown,pending,国家工业旅游示范基地,https://www.mct.gov.cn/tourism/#/list,API目录ID-54/2026-09-04,,,尚未映射到可回跳的知识库景点卡,,,1,CN-POOL-20260904-r0,MCT内容ID=57558；来源文件=content_54.json
CN-P-002625,8422ee8339c71baddf5509ccb7a000da3ea69169d2de1be57941381fc1473ad9,海南省春光食品龙楼工业园,,海南省,,,非A,工业旅游,unknown,pending,国家工业旅游示范基地,https://www.mct.gov.cn/tourism/#/list,API目录ID-54/2026-09-04,,,尚未映射到可回跳的知识库景点卡,,,1,CN-POOL-20260904-r0,MCT内容ID=57559；来源文件=content_54.json
CN-P-002626,ec7e8a0b215cd558a98beaa4f47fac5ca6ed7295e9b0ac592ae6c8fcfd8a8242,重庆市国际生物城,,重庆市,,,非A,工业旅游,unknown,pending,国家工业旅游示范基地,https://www.mct.gov.cn/tourism/#/list,API目录ID-54/2026-09-04,,,尚未映射到可回跳的知识库景点卡,,,1,CN-POOL-20260904-r0,MCT内容ID=57560；来源文件=content_54.json
CN-P-002627,3f6df45f3d1eff2599e3e883081055c8292728e9cc3669d4714c639ecf21eca2,重庆市TESTBED2贰厂文创公园,,重庆市,,,非A,工业旅游,unknown,pending,国家工业旅游示范基地,https://www.mct.gov.cn/tourism/#/list,API目录ID-54/2026-09-04,,,尚未映射到可回跳的知识库景点卡,,,1,CN-POOL-20260904-r0,MCT内容ID=57561；来源文件=content_54.json
CN-P-002628,4985076e53f111e838651f02b28ed1ab63371054d45b39a2fba4477090c152c4,四川省五粮液旅游景区,,四川省,,,非A,工业旅游,unknown,pending,国家工业旅游示范基地,https://www.mct.gov.cn/tourism/#/list,API目录ID-54/2026-09-04,,,尚未映射到可回跳的知识库景点卡,,,1,CN-POOL-20260904-r0,MCT内容ID=57562；来源文件=content_54.json
CN-P-002629,8683d58a8d402e152f3df4c5e3f2595dbaf69baa14549938b18ed636a79a0f9e,四川省泸州老窖景区,,四川省,,,非A,工业旅游,unknown,pending,国家工业旅游示范基地,https://www.mct.gov.cn/tourism/#/list,API目录ID-54/2026-09-04,,,尚未映射到可回跳的知识库景点卡,,,1,CN-POOL-20260904-r0,MCT内容ID=57563；来源文件=content_54.json
CN-P-002630,cd79633ed6252eeb0ef705971d8fd6cacbfbfd3235deb08d80d1b2bb7e37f936,贵州省朱砂古镇,,贵州省,,,非A,工业旅游,unknown,pending,国家工业旅游示范基地,https://www.mct.gov.cn/tourism/#/list,API目录ID-54/2026-09-04,,,尚未映射到可回跳的知识库景点卡,,,1,CN-POOL-20260904-r0,MCT内容ID=57564；来源文件=content_54.json
CN-P-002631,1d622e1c60ba7c5fce61cf7d609ec4a73b6716715c2fe7558ab8a8ae52c7c000,云南省下关沱茶工业旅游区,,云南省,,,非A,工业旅游,unknown,pending,国家工业旅游示范基地,https://www.mct.gov.cn/tourism/#/list,API目录ID-54/2026-09-04,,,尚未映射到可回跳的知识库景点卡,,,1,CN-POOL-20260904-r0,MCT内容ID=57565；来源文件=content_54.json
CN-P-002632,cf28c53824ac2f5682ead0f7f9680535471026bcb23cee14a9fb9e22ed1ab7e5,西藏自治区云上达孜工业旅游景区,,西藏自治区,,,非A,工业旅游,unknown,pending,国家工业旅游示范基地,https://www.mct.gov.cn/tourism/#/list,API目录ID-54/2026-09-04,,,尚未映射到可回跳的知识库景点卡,,,1,CN-POOL-20260904-r0,MCT内容ID=57566；来源文件=content_54.json
CN-P-002633,1888253a196132b935d9f56afed64f4608219b3b2aa7b23005cff226d02b7599,陕西省“延一井”工业遗产旅游基地,,陕西省,,,非A,工业旅游,unknown,pending,国家工业旅游示范基地,https://www.mct.gov.cn/tourism/#/list,API目录ID-54/2026-09-04,,,尚未映射到可回跳的知识库景点卡,,,1,CN-POOL-20260904-r0,MCT内容ID=57567；来源文件=content_54.json
CN-P-002634,d638d87b0525c24f1b8db39dedd01a950e1775debe0df492e2da6735c4762b77,陕西省红星食品文化博览园,,陕西省,,,非A,工业旅游,unknown,pending,国家工业旅游示范基地,https://www.mct.gov.cn/tourism/#/list,API目录ID-54/2026-09-04,,,尚未映射到可回跳的知识库景点卡,,,1,CN-POOL-20260904-r0,MCT内容ID=57568；来源文件=content_54.json
CN-P-002635,2772b6e2e916de9180de7c7ba4643618675e0fdb50f97346e2d6beff35616cea,甘肃省玉门油田红色旅游景区,,甘肃省,,,非A,工业旅游,unknown,pending,国家工业旅游示范基地,https://www.mct.gov.cn/tourism/#/list,API目录ID-54/2026-09-04,,,尚未映射到可回跳的知识库景点卡,,,1,CN-POOL-20260904-r0,MCT内容ID=57569；来源文件=content_54.json
CN-P-002636,2695dbfba7d03503ba434af8d7d0929c0a02621b6c8b5c54d4559791ce653ef1,甘肃省金徽矿业旅游景区,,甘肃省,,,非A,工业旅游,unknown,pending,国家工业旅游示范基地,https://www.mct.gov.cn/tourism/#/list,API目录ID-54/2026-09-04,,,尚未映射到可回跳的知识库景点卡,,,1,CN-POOL-20260904-r0,MCT内容ID=57570；来源文件=content_54.json
CN-P-002637,cff3e8675f577a8d3410f896ae72cd008e59e9f86e91be6d9edfa4de0d35842d,青海省龙羊峡工业旅游基地,,青海省,,,非A,工业旅游,unknown,pending,国家工业旅游示范基地,https://www.mct.gov.cn/tourism/#/list,API目录ID-54/2026-09-04,,,尚未映射到可回跳的知识库景点卡,,,1,CN-POOL-20260904-r0,MCT内容ID=57571；来源文件=content_54.json
CN-P-002638,700fd5e83cb7ffe44bf3095a469c9c988fc4feb9c73b29101c515643eedcb752,宁夏回族自治区大武口生态工业旅游休闲集聚区,,宁夏回族自治区,,,非A,工业旅游,unknown,pending,国家工业旅游示范基地,https://www.mct.gov.cn/tourism/#/list,API目录ID-54/2026-09-04,,,尚未映射到可回跳的知识库景点卡,,,1,CN-POOL-20260904-r0,MCT内容ID=57572；来源文件=content_54.json
CN-P-002639,080d16084027a673867f251efa6c9372efcc105240d48e0cfef3fd0312fd458f,宁夏回族自治区百瑞源枸杞工业旅游基地,,宁夏回族自治区,,,非A,工业旅游,unknown,pending,国家工业旅游示范基地,https://www.mct.gov.cn/tourism/#/list,API目录ID-54/2026-09-04,,,尚未映射到可回跳的知识库景点卡,,,1,CN-POOL-20260904-r0,MCT内容ID=57573；来源文件=content_54.json
CN-P-002640,9b4c9613e1d98769c551390faec6068f44bde81396099b870d285ff5d159a33e,新疆维吾尔自治区可可托海国家矿山公园,,新疆维吾尔自治区,,,非A,工业旅游,unknown,pending,国家工业旅游示范基地,https://www.mct.gov.cn/tourism/#/list,API目录ID-54/2026-09-04,,,尚未映射到可回跳的知识库景点卡,,,1,CN-POOL-20260904-r0,MCT内容ID=57574；来源文件=content_54.json
CN-P-002641,cc6fb692d979f335e628a3108c1c626019fdb8f578df54f3a233028703fa729c,新疆维吾尔自治区吐鲁番楼兰酒庄景区,,新疆维吾尔自治区,,,非A,工业旅游,unknown,pending,国家工业旅游示范基地,https://www.mct.gov.cn/tourism/#/list,API目录ID-54/2026-09-04,,,尚未映射到可回跳的知识库景点卡,,,1,CN-POOL-20260904-r0,MCT内容ID=57575；来源文件=content_54.json
CN-P-002642,af4a43b2a8f185ab7613534d419c6d007458cf0cbc1682a93f51d129f82d39c0,新疆生产建设兵团可克达拉伊力特酒文化产业园,,新疆生产建设兵团,,,非A,工业旅游,unknown,pending,国家工业旅游示范基地,https://www.mct.gov.cn/tourism/#/list,API目录ID-54/2026-09-04,,,尚未映射到可回跳的知识库景点卡,,,1,CN-POOL-20260904-r0,MCT内容ID=57576；来源文件=content_54.json
CN-P-002643,38893bfb9e7720a445144aba07898479b34ac640c7064e8794c62f5dfc174685,新疆生产建设兵团石河子戈壁印象文化和旅游园,,新疆生产建设兵团,,,非A,工业旅游,unknown,pending,国家工业旅游示范基地,https://www.mct.gov.cn/tourism/#/list,API目录ID-54/2026-09-04,,,尚未映射到可回跳的知识库景点卡,,,1,CN-POOL-20260904-r0,MCT内容ID=57577；来源文件=content_54.json
CN-P-002644,3f14d4870d2e00ff2066533ea4dce754e3193e0e39ab4efdca7dd6d233642f8f,北京市798艺术区,,北京市,,,非A,工业旅游,unknown,pending,国家工业旅游示范基地,https://www.mct.gov.cn/tourism/#/list,API目录ID-54/2026-09-04,,,尚未映射到可回跳的知识库景点卡,,,1,CN-POOL-20260904-r0,MCT内容ID=57578；来源文件=content_54.json
CN-P-002645,6558aa087349d09e18413668c50e5c43fc6b07b80de804fa7566779ea83d3492,北京市二锅头酒博物馆,,北京市,,,非A,工业旅游,unknown,pending,国家工业旅游示范基地,https://www.mct.gov.cn/tourism/#/list,API目录ID-54/2026-09-04,,,尚未映射到可回跳的知识库景点卡,,,1,CN-POOL-20260904-r0,MCT内容ID=57579；来源文件=content_54.json
CN-P-002646,d502f2891f5cb0d60c519ca1f354901863ade3dcc884d6f152d0e094bf3accd8,天津市十八街麻花文化馆,,天津市,,,非A,工业旅游,unknown,pending,国家工业旅游示范基地,https://www.mct.gov.cn/tourism/#/list,API目录ID-54/2026-09-04,,,尚未映射到可回跳的知识库景点卡,,,1,CN-POOL-20260904-r0,MCT内容ID=57580；来源文件=content_54.json
CN-P-002647,efa3c948233a432f3139890a080e72265efb12627fa2cc16414aefb4bc80c0f9,河北省唐山市启新1889水泥工业旅游区,,河北省,,,非A,工业旅游,unknown,pending,国家工业旅游示范基地,https://www.mct.gov.cn/tourism/#/list,API目录ID-54/2026-09-04,,,尚未映射到可回跳的知识库景点卡,,,1,CN-POOL-20260904-r0,MCT内容ID=57581；来源文件=content_54.json
CN-P-002648,92eee92bd3bd0a573d6aed2a5db0c5a6e4c355393f430543c2ec87b894f1fa79,河北省邯郸市磁州窑文化艺术街区,,河北省,,,非A,工业旅游,unknown,pending,国家工业旅游示范基地,https://www.mct.gov.cn/tourism/#/list,API目录ID-54/2026-09-04,,,尚未映射到可回跳的知识库景点卡,,,1,CN-POOL-20260904-r0,MCT内容ID=57582；来源文件=content_54.json
CN-P-002649,24c40f068d2a0c1abfaaef1cd5bb7929042fd645e3d3d5b55aa76cc513e06a62,山西省太原市东湖醋园,,山西省,,,非A,工业旅游,unknown,pending,国家工业旅游示范基地,https://www.mct.gov.cn/tourism/#/list,API目录ID-54/2026-09-04,,,尚未映射到可回跳的知识库景点卡,,,1,CN-POOL-20260904-r0,MCT内容ID=57583；来源文件=content_54.json
CN-P-002650,e167efd0df0b804f28d16b738f9e8c2f8cd9e23a77a956008b458cb23c3cbfe3,山西省大同市开源一号文化创意产业园,,山西省,,,非A,工业旅游,unknown,pending,国家工业旅游示范基地,https://www.mct.gov.cn/tourism/#/list,API目录ID-54/2026-09-04,,,尚未映射到可回跳的知识库景点卡,,,1,CN-POOL-20260904-r0,MCT内容ID=57584；来源文件=content_54.json
CN-P-002651,535a5a22e19bb50930d9821c76287d9fb01dfbf74c21d1f4308d022e66318f4f,内蒙古自治区鄂尔多斯市准能矿山生态旅游区,,内蒙古自治区,,,非A,工业旅游,unknown,pending,国家工业旅游示范基地,https://www.mct.gov.cn/tourism/#/list,API目录ID-54/2026-09-04,,,尚未映射到可回跳的知识库景点卡,,,1,CN-POOL-20260904-r0,MCT内容ID=57585；来源文件=content_54.json
CN-P-002652,9f7a369d0d79f791fe6a108c6b689ab99839dcef030dcd9d64d355680745b26d,内蒙古自治区包头市北方重工工业旅游区,,内蒙古自治区,,,非A,工业旅游,unknown,pending,国家工业旅游示范基地,https://www.mct.gov.cn/tourism/#/list,API目录ID-54/2026-09-04,,,尚未映射到可回跳的知识库景点卡,,,1,CN-POOL-20260904-r0,MCT内容ID=57586；来源文件=content_54.json
CN-P-002653,83fad0aa472f238e12a21d220b3d4898dd5c51806ae89a53a75f0a7d91117db7,内蒙古自治区赤峰市东黎羊绒科技园,,内蒙古自治区,,,非A,工业旅游,unknown,pending,国家工业旅游示范基地,https://www.mct.gov.cn/tourism/#/list,API目录ID-54/2026-09-04,,,尚未映射到可回跳的知识库景点卡,,,1,CN-POOL-20260904-r0,MCT内容ID=57587；来源文件=content_54.json
CN-P-002654,f2d6093c85fb3bad5189318bbb0283192a3472fe0b3ecc29984ab9d445cd10ea,辽宁省抚顺市抚顺煤矿博物馆,,辽宁省,,,非A,工业旅游,unknown,pending,国家工业旅游示范基地,https://www.mct.gov.cn/tourism/#/list,API目录ID-54/2026-09-04,,,尚未映射到可回跳的知识库景点卡,,,1,CN-POOL-20260904-r0,MCT内容ID=57588；来源文件=content_54.json
CN-P-002655,bd67c143d92e710e6c9679e921a33f67a8e09e0a6387fdb2a2e15725df6d5e34,辽宁省大连市冰山慧谷工业旅游区,,辽宁省,,,非A,工业旅游,unknown,pending,国家工业旅游示范基地,https://www.mct.gov.cn/tourism/#/list,API目录ID-54/2026-09-04,,,尚未映射到可回跳的知识库景点卡,,,1,CN-POOL-20260904-r0,MCT内容ID=57589；来源文件=content_54.json
CN-P-002656,b44b216a7ebb2d98bcab7a4b7729727e2811207fbb7c2765bcde5cfee1f35255,辽宁省沈阳市沈飞航空博览园,,辽宁省,,,非A,工业旅游,unknown,pending,国家工业旅游示范基地,https://www.mct.gov.cn/tourism/#/list,API目录ID-54/2026-09-04,,,尚未映射到可回跳的知识库景点卡,,,1,CN-POOL-20260904-r0,MCT内容ID=57590；来源文件=content_54.json
CN-P-002657,3ba889963d196a7b9b22d8e1c7869a475fbe4db8fc24a9a61de305aa5586c38a,吉林省延边州好记古法酱油文化旅游景区,,吉林省,,,非A,工业旅游,unknown,pending,国家工业旅游示范基地,https://www.mct.gov.cn/tourism/#/list,API目录ID-54/2026-09-04,,,尚未映射到可回跳的知识库景点卡,,,1,CN-POOL-20260904-r0,MCT内容ID=57591；来源文件=content_54.json
CN-P-002658,0c5941f2e3260fac1df5edd3d2d3e9c174b8eaaf2b019c0fa9a281c2b10ca064,吉林省通化市东方红西洋参药业健康科技园,,吉林省,,,非A,工业旅游,unknown,pending,国家工业旅游示范基地,https://www.mct.gov.cn/tourism/#/list,API目录ID-54/2026-09-04,,,尚未映射到可回跳的知识库景点卡,,,1,CN-POOL-20260904-r0,MCT内容ID=57592；来源文件=content_54.json
CN-P-002659,64a09549509a35b85b7f06636a357a7793affbc1d6f73e5e181c9f808569033a,黑龙江省哈尔滨市飞鹤智能化工业观光产业园,,黑龙江省,,,非A,工业旅游,unknown,pending,国家工业旅游示范基地,https://www.mct.gov.cn/tourism/#/list,API目录ID-54/2026-09-04,,,尚未映射到可回跳的知识库景点卡,,,1,CN-POOL-20260904-r0,MCT内容ID=57593；来源文件=content_54.json
CN-P-002660,d49505adfbe24094fb8fb5bf70ac6cee2a96838f2218c1f78a7394080ad8a636,黑龙江省齐齐哈尔市建龙北满工业旅游景区,,黑龙江省,,,非A,工业旅游,unknown,pending,国家工业旅游示范基地,https://www.mct.gov.cn/tourism/#/list,API目录ID-54/2026-09-04,,,尚未映射到可回跳的知识库景点卡,,,1,CN-POOL-20260904-r0,MCT内容ID=57594；来源文件=content_54.json
CN-P-002661,257e2e15c28013811bf7a7f9ecac80cec58ec38cd4d22a16154951e92cc7488b,黑龙江省大庆市铁人王进喜纪念馆,,黑龙江省,,,非A,工业旅游,unknown,pending,国家工业旅游示范基地,https://www.mct.gov.cn/tourism/#/list,API目录ID-54/2026-09-04,,,尚未映射到可回跳的知识库景点卡,,,1,CN-POOL-20260904-r0,MCT内容ID=57595；来源文件=content_54.json
CN-P-002662,8f891047f5eea1c905f58847814806db9f01b1c01725fbf089dcf720a2ee9768,上海市老港生态环保工业旅游基地,,上海市,,,非A,工业旅游,unknown,pending,国家工业旅游示范基地,https://www.mct.gov.cn/tourism/#/list,API目录ID-54/2026-09-04,,,尚未映射到可回跳的知识库景点卡,,,1,CN-POOL-20260904-r0,MCT内容ID=57596；来源文件=content_54.json
CN-P-002663,f2c080e271dc5917a55cf987db0aad424b943d5be13e0fe92bcc6756eec5a7d7,江苏省苏州市沙洲优黄文化园,,江苏省,,,非A,工业旅游,unknown,pending,国家工业旅游示范基地,https://www.mct.gov.cn/tourism/#/list,API目录ID-54/2026-09-04,,,尚未映射到可回跳的知识库景点卡,,,1,CN-POOL-20260904-r0,MCT内容ID=57597；来源文件=content_54.json
CN-P-002664,fce66a7955179f59d58877b569d2d11fcd463d793361892ddd1491f582d5ee89,江苏省镇江市醋文化博物馆,,江苏省,,,非A,工业旅游,unknown,pending,国家工业旅游示范基地,https://www.mct.gov.cn/tourism/#/list,API目录ID-54/2026-09-04,,,尚未映射到可回跳的知识库景点卡,,,1,CN-POOL-20260904-r0,MCT内容ID=57598；来源文件=content_54.json
CN-P-002665,d0b5170e368a3abe152f727d137721c032229f82d3b3e0a9934b931e407eebc5,江苏省常州市运河五号创意街区,,江苏省,,,非A,工业旅游,unknown,pending,国家工业旅游示范基地,https://www.mct.gov.cn/tourism/#/list,API目录ID-54/2026-09-04,,,尚未映射到可回跳的知识库景点卡,,,1,CN-POOL-20260904-r0,MCT内容ID=57599；来源文件=content_54.json
CN-P-002666,88961410e570f7deb8b901d8e8a3758c8940c717c570984406e62a100aaac3ea,浙江省嘉兴市歌斐颂巧克力小镇,,浙江省,,,非A,工业旅游,unknown,pending,国家工业旅游示范基地,https://www.mct.gov.cn/tourism/#/list,API目录ID-54/2026-09-04,,,尚未映射到可回跳的知识库景点卡,,,1,CN-POOL-20260904-r0,MCT内容ID=57600；来源文件=content_54.json
CN-P-002667,3bde54cc444e90ee239c5882656cc5927824bdc964948a8329c065462d2517c9,浙江省湖州市欧诗漫珍珠文化园,,浙江省,,,非A,工业旅游,unknown,pending,国家工业旅游示范基地,https://www.mct.gov.cn/tourism/#/list,API目录ID-54/2026-09-04,,,尚未映射到可回跳的知识库景点卡,,,1,CN-POOL-20260904-r0,MCT内容ID=57601；来源文件=content_54.json
CN-P-002668,910945a6a5c22be2b4b8cc89fda399dac3e01cb753e4d6508e1b6e6730587ea1,浙江省杭州市九阳创意工业园,,浙江省,,,非A,工业旅游,unknown,pending,国家工业旅游示范基地,https://www.mct.gov.cn/tourism/#/list,API目录ID-54/2026-09-04,,,尚未映射到可回跳的知识库景点卡,,,1,CN-POOL-20260904-r0,MCT内容ID=57602；来源文件=content_54.json
CN-P-002669,bf53767c0ab705335a16ee7fa27bc493e2955561c8a4ff143d0fded06cc64211,安徽省宣城市泾县宣纸文化园,,安徽省,,,非A,工业旅游,unknown,pending,国家工业旅游示范基地,https://www.mct.gov.cn/tourism/#/list,API目录ID-54/2026-09-04,,,尚未映射到可回跳的知识库景点卡,,,1,CN-POOL-20260904-r0,MCT内容ID=57603；来源文件=content_54.json
CN-P-002670,e21532a3ccad457f6933b7ef8773280b8eaac2e0119ec81b83d1139a7c647355,安徽省马鞍山市马钢“绿色钢铁”主题园区,,安徽省,,,非A,工业旅游,unknown,pending,国家工业旅游示范基地,https://www.mct.gov.cn/tourism/#/list,API目录ID-54/2026-09-04,,,尚未映射到可回跳的知识库景点卡,,,1,CN-POOL-20260904-r0,MCT内容ID=57604；来源文件=content_54.json
CN-P-002671,93b8f0eddd1c0caf442f4ba2d4fb492f74e0e1b42ecf408e9cfcad99943fe549,福建省泉州市七匹狼工业园,,福建省,,,非A,工业旅游,unknown,pending,国家工业旅游示范基地,https://www.mct.gov.cn/tourism/#/list,API目录ID-54/2026-09-04,,,尚未映射到可回跳的知识库景点卡,,,1,CN-POOL-20260904-r0,MCT内容ID=57605；来源文件=content_54.json
CN-P-002672,77c718d12a7457ba7f8d5fc60ff2ae791383bce1f78fd5e1e087e57f81344551,福建省福州市船政文化景区,,福建省,,,非A,工业旅游,unknown,pending,国家工业旅游示范基地,https://www.mct.gov.cn/tourism/#/list,API目录ID-54/2026-09-04,,,尚未映射到可回跳的知识库景点卡,,,1,CN-POOL-20260904-r0,MCT内容ID=57606；来源文件=content_54.json
CN-P-002673,32ced75287dee2718c35df493afc033688a6d2fcaa9e6249f00d465d293b915c,福建省漳州市恒丽钟表工业园,,福建省,,,非A,工业旅游,unknown,pending,国家工业旅游示范基地,https://www.mct.gov.cn/tourism/#/list,API目录ID-54/2026-09-04,,,尚未映射到可回跳的知识库景点卡,,,1,CN-POOL-20260904-r0,MCT内容ID=57607；来源文件=content_54.json
CN-P-002674,09475828f2c633b2ec1ceeb0bc375893be9f9dae89609c14c7a9c75820ec87bb,江西省赣州市南康家居小镇,,江西省,,,非A,工业旅游,unknown,pending,国家工业旅游示范基地,https://www.mct.gov.cn/tourism/#/list,API目录ID-54/2026-09-04,,,尚未映射到可回跳的知识库景点卡,,,1,CN-POOL-20260904-r0,MCT内容ID=57608；来源文件=content_54.json
CN-P-002675,d7a9c374ea2032f09ad732d564d5cf721ecf80c56ea84c0bae8267eee78b938e,江西省南昌市李渡烧酒作坊遗址景区,,江西省,,,非A,工业旅游,unknown,pending,国家工业旅游示范基地,https://www.mct.gov.cn/tourism/#/list,API目录ID-54/2026-09-04,,,尚未映射到可回跳的知识库景点卡,,,1,CN-POOL-20260904-r0,MCT内容ID=57609；来源文件=content_54.json
CN-P-002676,4cac8544ff362c895cb24f396746cd337f0e8adb78309ace969edda42ceed5d9,江西省新余市博迅天工城工业旅游区,,江西省,,,非A,工业旅游,unknown,pending,国家工业旅游示范基地,https://www.mct.gov.cn/tourism/#/list,API目录ID-54/2026-09-04,,,尚未映射到可回跳的知识库景点卡,,,1,CN-POOL-20260904-r0,MCT内容ID=57610；来源文件=content_54.json
CN-P-002677,f95576957f9701e16e0f61ac3d980b2d722b6208175968926d91a14a7f3a1a5e,山东省淄博市领尚琉璃文化创意园,,山东省,,,非A,工业旅游,unknown,pending,国家工业旅游示范基地,https://www.mct.gov.cn/tourism/#/list,API目录ID-54/2026-09-04,,,尚未映射到可回跳的知识库景点卡,,,1,CN-POOL-20260904-r0,MCT内容ID=57611；来源文件=content_54.json
CN-P-002678,ab7899dc2160d9c7a2cd6636916e3d96924a299f5eefa7749cf339f6bfb2a1a9,山东省青岛市明月·海藻世界,,山东省,,,非A,工业旅游,unknown,pending,国家工业旅游示范基地,https://www.mct.gov.cn/tourism/#/list,API目录ID-54/2026-09-04,,,尚未映射到可回跳的知识库景点卡,,,1,CN-POOL-20260904-r0,MCT内容ID=57612；来源文件=content_54.json
CN-P-002679,45697f4262b2a60309e473405ab041183cfed01a8df5b4996e7749273ac77849,山东省济南市胶济铁路博物馆,,山东省,,,非A,工业旅游,unknown,pending,国家工业旅游示范基地,https://www.mct.gov.cn/tourism/#/list,API目录ID-54/2026-09-04,,,尚未映射到可回跳的知识库景点卡,,,1,CN-POOL-20260904-r0,MCT内容ID=57613；来源文件=content_54.json
CN-P-002680,8c1cbffee4ef80debfda7dcc4604151c5fbcdea72f6d298e0a9ca4f9568cc5ac,河南省三门峡市仰韶酒庄工业旅游区,,河南省,,,非A,工业旅游,unknown,pending,国家工业旅游示范基地,https://www.mct.gov.cn/tourism/#/list,API目录ID-54/2026-09-04,,,尚未映射到可回跳的知识库景点卡,,,1,CN-POOL-20260904-r0,MCT内容ID=57614；来源文件=content_54.json
CN-P-002681,8081da8f7b2bb097911eacec30d9f51923bd27573ae4f5f6a6d198f045eacc36,河南省安阳市安钢工业旅游区,,河南省,,,非A,工业旅游,unknown,pending,国家工业旅游示范基地,https://www.mct.gov.cn/tourism/#/list,API目录ID-54/2026-09-04,,,尚未映射到可回跳的知识库景点卡,,,1,CN-POOL-20260904-r0,MCT内容ID=57615；来源文件=content_54.json
CN-P-002682,da14f39c65f2e49ddfa9afd1194dbdab0fbf84d8366c1d79a88b577d55a75e2c,河南省许昌市钧瓷工业文化园,,河南省,,,非A,工业旅游,unknown,pending,国家工业旅游示范基地,https://www.mct.gov.cn/tourism/#/list,API目录ID-54/2026-09-04,,,尚未映射到可回跳的知识库景点卡,,,1,CN-POOL-20260904-r0,MCT内容ID=57616；来源文件=content_54.json
CN-P-002683,95970d0e61b78b4742418a0461efc8dd2a7fb131af6e6d58e8585014f63c877e,湖北省武汉市武钢文化旅游区,,湖北省,,,非A,工业旅游,unknown,pending,国家工业旅游示范基地,https://www.mct.gov.cn/tourism/#/list,API目录ID-54/2026-09-04,,,尚未映射到可回跳的知识库景点卡,,,1,CN-POOL-20260904-r0,MCT内容ID=57617；来源文件=content_54.json
CN-P-002684,583d95ac4f96b18aa903798e6a7199dd868d5bd7ff402885a74b19de466696a8,湖北省宜昌市809文化小镇,,湖北省,,,非A,工业旅游,unknown,pending,国家工业旅游示范基地,https://www.mct.gov.cn/tourism/#/list,API目录ID-54/2026-09-04,,,尚未映射到可回跳的知识库景点卡,,,1,CN-POOL-20260904-r0,MCT内容ID=57618；来源文件=content_54.json
CN-P-002685,c2d42e70e87cec51f511e86dcbb704bd9791a8fd07ef0c3e75cada86376fd8f3,湖北省十堰市东风商用车工业旅游区,,湖北省,,,非A,工业旅游,unknown,pending,国家工业旅游示范基地,https://www.mct.gov.cn/tourism/#/list,API目录ID-54/2026-09-04,,,尚未映射到可回跳的知识库景点卡,,,1,CN-POOL-20260904-r0,MCT内容ID=57619；来源文件=content_54.json
CN-P-002686,f4512963ee78f6ff70ab186e60977a9cd9d2fba5c969506e626b53633bc78ee7,湖南省长沙市远大科技园,,湖南省,,,非A,工业旅游,unknown,pending,国家工业旅游示范基地,https://www.mct.gov.cn/tourism/#/list,API目录ID-54/2026-09-04,,,尚未映射到可回跳的知识库景点卡,,,1,CN-POOL-20260904-r0,MCT内容ID=57620；来源文件=content_54.json
CN-P-002687,1d5d1fd7aa60e0480c83d320144f5dfabcf949097dcb2ef7705fc3c37ca7743c,湖南省湘潭市湘钢文化园,,湖南省,,,非A,工业旅游,unknown,pending,国家工业旅游示范基地,https://www.mct.gov.cn/tourism/#/list,API目录ID-54/2026-09-04,,,尚未映射到可回跳的知识库景点卡,,,1,CN-POOL-20260904-r0,MCT内容ID=57621；来源文件=content_54.json
CN-P-002688,079723403cdcda8cb0489a675b1698863bf3c4be4268ab1159903214943e996d,湖南省株洲市芦淞航空工业小镇,,湖南省,,,非A,工业旅游,unknown,pending,国家工业旅游示范基地,https://www.mct.gov.cn/tourism/#/list,API目录ID-54/2026-09-04,,,尚未映射到可回跳的知识库景点卡,,,1,CN-POOL-20260904-r0,MCT内容ID=57622；来源文件=content_54.json
CN-P-002689,a3979ea423b0424c1a625613f46fcac00921e92a23a9868988604d09121b28a6,广东省中山市咀香园工业旅游景区,,广东省,,,非A,工业旅游,unknown,pending,国家工业旅游示范基地,https://www.mct.gov.cn/tourism/#/list,API目录ID-54/2026-09-04,,,尚未映射到可回跳的知识库景点卡,,,1,CN-POOL-20260904-r0,MCT内容ID=57623；来源文件=content_54.json
CN-P-002690,ecc3b171e501f5e5f079802ba64d83221c8bc8f689fb7ea86e01c658d09a535d,广东省清远市英德市红旗茶厂,,广东省,,,非A,工业旅游,unknown,pending,国家工业旅游示范基地,https://www.mct.gov.cn/tourism/#/list,API目录ID-54/2026-09-04,,,尚未映射到可回跳的知识库景点卡,,,1,CN-POOL-20260904-r0,MCT内容ID=57624；来源文件=content_54.json
CN-P-002691,f213b68c6fc2d268a1554ea98b95a364463b539ddffbd2e61da19fae1628bc2e,广西壮族自治区柳州市螺蛳粉产业园,,广西壮族自治区,,,非A,工业旅游,unknown,pending,国家工业旅游示范基地,https://www.mct.gov.cn/tourism/#/list,API目录ID-54/2026-09-04,,,尚未映射到可回跳的知识库景点卡,,,1,CN-POOL-20260904-r0,MCT内容ID=57625；来源文件=content_54.json
CN-P-002692,7ff4fa9bb1f7725dbfdcf6e9a18f9be452e6478d81855857e68a4135aa367fd3,广西壮族自治区柳州市宝骏基地,,广西壮族自治区,,,非A,工业旅游,unknown,pending,国家工业旅游示范基地,https://www.mct.gov.cn/tourism/#/list,API目录ID-54/2026-09-04,,,尚未映射到可回跳的知识库景点卡,,,1,CN-POOL-20260904-r0,MCT内容ID=57626；来源文件=content_54.json
CN-P-002693,0fb3b8bf66af6d7d60b5a2804c319c08fa66ddb725ff79845da900166d77e8be,海南省文昌市航天超算中心,,海南省,,,非A,工业旅游,unknown,pending,国家工业旅游示范基地,https://www.mct.gov.cn/tourism/#/list,API目录ID-54/2026-09-04,,,尚未映射到可回跳的知识库景点卡,,,1,CN-POOL-20260904-r0,MCT内容ID=57627；来源文件=content_54.json
CN-P-002694,b2d3490dac5046bc6045d1a2a8eb3555f2e9fbf2bf0325f1f9740afa272e0c23,重庆市816工程旅游景区,,重庆市,,,非A,工业旅游,unknown,pending,国家工业旅游示范基地,https://www.mct.gov.cn/tourism/#/list,API目录ID-54/2026-09-04,,,尚未映射到可回跳的知识库景点卡,,,1,CN-POOL-20260904-r0,MCT内容ID=57628；来源文件=content_54.json
CN-P-002695,81e25a6d9ce1a3c2fead465764f9a2df291c783e3e41b5b97a475996671c8a27,重庆市重庆工业文化博览园,,重庆市,,,非A,工业旅游,unknown,pending,国家工业旅游示范基地,https://www.mct.gov.cn/tourism/#/list,API目录ID-54/2026-09-04,,,尚未映射到可回跳的知识库景点卡,,,1,CN-POOL-20260904-r0,MCT内容ID=57629；来源文件=content_54.json
CN-P-002696,e1141d17e0972b1ce7af9dd3f02b00aae6dbe66773e8a31aeb82cf799761a751,四川省南充市六合丝绸博览园,,四川省,,,非A,工业旅游,unknown,pending,国家工业旅游示范基地,https://www.mct.gov.cn/tourism/#/list,API目录ID-54/2026-09-04,,,尚未映射到可回跳的知识库景点卡,,,1,CN-POOL-20260904-r0,MCT内容ID=57630；来源文件=content_54.json
CN-P-002697,5dab0536d29d029647f9be35d0aa65797d533003a658e2427c860602c43e01a7,四川省乐山市嘉阳国家矿山公园,,四川省,,,非A,工业旅游,unknown,pending,国家工业旅游示范基地,https://www.mct.gov.cn/tourism/#/list,API目录ID-54/2026-09-04,,,尚未映射到可回跳的知识库景点卡,,,1,CN-POOL-20260904-r0,MCT内容ID=57631；来源文件=content_54.json
CN-P-002698,e4dff0ca4ca7159e7826ab7ee73794724971504ed34477d2329b959c1a29c5ff,贵州省黔南州都匀东方记忆景区,,贵州省,,,非A,工业旅游,unknown,pending,国家工业旅游示范基地,https://www.mct.gov.cn/tourism/#/list,API目录ID-54/2026-09-04,,,尚未映射到可回跳的知识库景点卡,,,1,CN-POOL-20260904-r0,MCT内容ID=57632；来源文件=content_54.json
CN-P-002699,ca516a8da58d9e5d06062324d67bc6206d521aa3e990d911e72f8f98981c0fed,云南省大理州鹤庆新华银器小镇,,云南省,,,非A,工业旅游,unknown,pending,国家工业旅游示范基地,https://www.mct.gov.cn/tourism/#/list,API目录ID-54/2026-09-04,,,尚未映射到可回跳的知识库景点卡,,,1,CN-POOL-20260904-r0,MCT内容ID=57633；来源文件=content_54.json
CN-P-002700,2dabd8c1848c2a98933bbce54bb97f3b21229bb72ba4dbd12074a96cda818b38,云南省普洱市淞茂滇草六味中医药博览园,,云南省,,,非A,工业旅游,unknown,pending,国家工业旅游示范基地,https://www.mct.gov.cn/tourism/#/list,API目录ID-54/2026-09-04,,,尚未映射到可回跳的知识库景点卡,,,1,CN-POOL-20260904-r0,MCT内容ID=57634；来源文件=content_54.json
CN-P-002701,d17c04ff8b695c5591e58885d5fafcf5974bde284ac53a63ffb1822e165fe4c1,云南省临沧市七彩陶瓷文化主题园,,云南省,,,非A,工业旅游,unknown,pending,国家工业旅游示范基地,https://www.mct.gov.cn/tourism/#/list,API目录ID-54/2026-09-04,,,尚未映射到可回跳的知识库景点卡,,,1,CN-POOL-20260904-r0,MCT内容ID=57635；来源文件=content_54.json
CN-P-002702,f2840eaecfcf5899b08762bdb155701c153c720549e00afa334fdb091cb6b462,西藏自治区拉萨市高原绿色工业旅游区,,西藏自治区,,,非A,工业旅游,unknown,pending,国家工业旅游示范基地,https://www.mct.gov.cn/tourism/#/list,API目录ID-54/2026-09-04,,,尚未映射到可回跳的知识库景点卡,,,1,CN-POOL-20260904-r0,MCT内容ID=57636；来源文件=content_54.json
CN-P-002703,8eb35dfb76ad72314503f8ba38d3ad34e8941a7d8bfabe1eb2d68cdc609f32c0,陕西省宝鸡市西凤酒工业旅游基地,,陕西省,,,非A,工业旅游,unknown,pending,国家工业旅游示范基地,https://www.mct.gov.cn/tourism/#/list,API目录ID-54/2026-09-04,,,尚未映射到可回跳的知识库景点卡,,,1,CN-POOL-20260904-r0,MCT内容ID=57637；来源文件=content_54.json
CN-P-002704,4d220802abf4987bf560293988fb45e76058e3e3952c6140045f06ad0934013a,陕西省安康市恒口毛玩工业旅游基地,,陕西省,,,非A,工业旅游,unknown,pending,国家工业旅游示范基地,https://www.mct.gov.cn/tourism/#/list,API目录ID-54/2026-09-04,,,尚未映射到可回跳的知识库景点卡,,,1,CN-POOL-20260904-r0,MCT内容ID=57638；来源文件=content_54.json
CN-P-002705,d506e4b986e5757498c3348d6cfd531b0cb24293250f5dd646d7fa9dab061aaf,甘肃省陇南市祥宇油橄榄工业旅游景区,,甘肃省,,,非A,工业旅游,unknown,pending,国家工业旅游示范基地,https://www.mct.gov.cn/tourism/#/list,API目录ID-54/2026-09-04,,,尚未映射到可回跳的知识库景点卡,,,1,CN-POOL-20260904-r0,MCT内容ID=57639；来源文件=content_54.json
CN-P-002706,ba549e186461839af33a8cec7b25440a590fe6d889fc41807204606925081dcc,甘肃省兰州市“1929本草世界”工业旅游区,,甘肃省,,,非A,工业旅游,unknown,pending,国家工业旅游示范基地,https://www.mct.gov.cn/tourism/#/list,API目录ID-54/2026-09-04,,,尚未映射到可回跳的知识库景点卡,,,1,CN-POOL-20260904-r0,MCT内容ID=57640；来源文件=content_54.json
CN-P-002707,f027b70bc8cce68ebc305499d7ef4497b0f42b648726728296a0bf40a04d87af,青海省西宁市圣源地毯工业旅游基地,,青海省,,,非A,工业旅游,unknown,pending,国家工业旅游示范基地,https://www.mct.gov.cn/tourism/#/list,API目录ID-54/2026-09-04,,,尚未映射到可回跳的知识库景点卡,,,1,CN-POOL-20260904-r0,MCT内容ID=57641；来源文件=content_54.json
CN-P-002708,e246a76e310ad21a3ea606c98eeb437949e8ada2f4e78bd21a9876c1f89807e3,宁夏回族自治区银川市农垦玉泉国际酒庄,,宁夏回族自治区,,,非A,工业旅游,unknown,pending,国家工业旅游示范基地,https://www.mct.gov.cn/tourism/#/list,API目录ID-54/2026-09-04,,,尚未映射到可回跳的知识库景点卡,,,1,CN-POOL-20260904-r0,MCT内容ID=57642；来源文件=content_54.json
CN-P-002709,00d758be73cb7774670540f505da45c619cfff17958f93c18e8db6d72b42879d,新疆维吾尔自治区克拉玛依市独山子展览馆,,新疆维吾尔自治区,,,非A,工业旅游,unknown,pending,国家工业旅游示范基地,https://www.mct.gov.cn/tourism/#/list,API目录ID-54/2026-09-04,,,尚未映射到可回跳的知识库景点卡,,,1,CN-POOL-20260904-r0,MCT内容ID=57643；来源文件=content_54.json
CN-P-002710,e2c110892ed6db6613d42fa7faefb3648f7c737ad966eb3b962c2b5351f6540a,新疆维吾尔自治区伊犁州解忧公主薰衣草产业园,,新疆维吾尔自治区,,,非A,工业旅游,unknown,pending,国家工业旅游示范基地,https://www.mct.gov.cn/tourism/#/list,API目录ID-54/2026-09-04,,,尚未映射到可回跳的知识库景点卡,,,1,CN-POOL-20260904-r0,MCT内容ID=57644；来源文件=content_54.json
CN-P-002711,6b953ea2cece9607ae8a58b333062e7dc6652fc72a5ded95ec96799f26d640cf,新疆生产建设兵团第一师洁丽雅品牌文化博物馆,,新疆生产建设兵团,,,非A,工业旅游,unknown,pending,国家工业旅游示范基地,https://www.mct.gov.cn/tourism/#/list,API目录ID-54/2026-09-04,,,尚未映射到可回跳的知识库景点卡,,,1,CN-POOL-20260904-r0,MCT内容ID=57645；来源文件=content_54.json
CN-P-002712,02a5365677caa6ac5d7f1280bf47815ae37d43522a78b3adce82236b7b79b84b,新疆生产建设兵团第六师唐庭霞露酒庄,,新疆生产建设兵团,,,非A,工业旅游,unknown,pending,国家工业旅游示范基地,https://www.mct.gov.cn/tourism/#/list,API目录ID-54/2026-09-04,,,尚未映射到可回跳的知识库景点卡,,,1,CN-POOL-20260904-r0,MCT内容ID=57646；来源文件=content_54.json
